1503960366,2016-12-04 00:00:00.000,373
1503960366,2016-12-04 01:00:00.000,160
1503960366,2016-12-04 02:00:00.000,151
1503960366,2016-12-04 03:00:00.000,0
1503960366,2016-12-04 04:00:00.000,0
1503960366,2016-12-04 05:00:00.000,0
1503960366,2016-12-04 06:00:00.000,0
1503960366,2016-12-04 07:00:00.000,0
1503960366,2016-12-04 08:00:00.000,250
1503960366,2016-12-04 09:00:00.000,1864
1503960366,2016-12-04 10:00:00.000,676
1503960366,2016-12-04 11:00:00.000,360
1503960366,2016-12-04 12:00:00.000,253
1503960366,2016-12-04 13:00:00.000,221
1503960366,2016-12-04 14:00:00.000,1166
1503960366,2016-12-04 15:00:00.000,2063
1503960366,2016-12-04 16:00:00.000,344
1503960366,2016-12-04 17:00:00.000,489
1503960366,2016-12-04 18:00:00.000,1386
1503960366,2016-12-04 19:00:00.000,558
1503960366,2016-12-04 20:00:00.000,1733
1503960366,2016-12-04 21:00:00.000,684
1503960366,2016-12-04 22:00:00.000,89
1503960366,2016-12-04 23:00:00.000,338
1503960366,2016-04-13 00:00:00.000,144
1503960366,2016-04-13 01:00:00.000,0
1503960366,2016-04-13 02:00:00.000,0
1503960366,2016-04-13 03:00:00.000,36
1503960366,2016-04-13 04:00:00.000,0
1503960366,2016-04-13 05:00:00.000,0
1503960366,2016-04-13 06:00:00.000,0
1503960366,2016-04-13 07:00:00.000,126
1503960366,2016-04-13 08:00:00.000,275
1503960366,2016-04-13 09:00:00.000,1679
1503960366,2016-04-13 10:00:00.000,295
1503960366,2016-04-13 11:00:00.000,524
1503960366,2016-04-13 12:00:00.000,486
1503960366,2016-04-13 13:00:00.000,302
1503960366,2016-04-13 14:00:00.000,1577
1503960366,2016-04-13 15:00:00.000,493
1503960366,2016-04-13 16:00:00.000,299
1503960366,2016-04-13 17:00:00.000,695
1503960366,2016-04-13 18:00:00.000,1343
1503960366,2016-04-13 19:00:00.000,258
1503960366,2016-04-13 20:00:00.000,0
1503960366,2016-04-13 21:00:00.000,0
1503960366,2016-04-13 22:00:00.000,437
1503960366,2016-04-13 23:00:00.000,1766
1503960366,2016-04-14 00:00:00.000,81
1503960366,2016-04-14 01:00:00.000,58
1503960366,2016-04-14 02:00:00.000,0
1503960366,2016-04-14 03:00:00.000,0
1503960366,2016-04-14 04:00:00.000,0
1503960366,2016-04-14 05:00:00.000,0
1503960366,2016-04-14 06:00:00.000,0
1503960366,2016-04-14 07:00:00.000,0
1503960366,2016-04-14 08:00:00.000,0
1503960366,2016-04-14 09:00:00.000,902
1503960366,2016-04-14 10:00:00.000,1106
1503960366,2016-04-14 11:00:00.000,50
1503960366,2016-04-14 12:00:00.000,501
1503960366,2016-04-14 13:00:00.000,1779
1503960366,2016-04-14 14:00:00.000,1228
1503960366,2016-04-14 15:00:00.000,139
1503960366,2016-04-14 16:00:00.000,408
1503960366,2016-04-14 17:00:00.000,37
1503960366,2016-04-14 18:00:00.000,322
1503960366,2016-04-14 19:00:00.000,11
1503960366,2016-04-14 20:00:00.000,806
1503960366,2016-04-14 21:00:00.000,2670
1503960366,2016-04-14 22:00:00.000,362
1503960366,2016-04-14 23:00:00.000,0
1503960366,2016-04-15 00:00:00.000,83
1503960366,2016-04-15 01:00:00.000,75
1503960366,2016-04-15 02:00:00.000,124
1503960366,2016-04-15 03:00:00.000,0
1503960366,2016-04-15 04:00:00.000,0
1503960366,2016-04-15 05:00:00.000,26
1503960366,2016-04-15 06:00:00.000,0
1503960366,2016-04-15 07:00:00.000,7
1503960366,2016-04-15 08:00:00.000,55
1503960366,2016-04-15 09:00:00.000,21
1503960366,2016-04-15 10:00:00.000,154
1503960366,2016-04-15 11:00:00.000,425
1503960366,2016-04-15 12:00:00.000,270
1503960366,2016-04-15 13:00:00.000,373
1503960366,2016-04-15 14:00:00.000,0
1503960366,2016-04-15 15:00:00.000,0
1503960366,2016-04-15 16:00:00.000,0
1503960366,2016-04-15 17:00:00.000,1774
1503960366,2016-04-15 18:00:00.000,509
1503960366,2016-04-15 19:00:00.000,519
1503960366,2016-04-15 20:00:00.000,77
1503960366,2016-04-15 21:00:00.000,280
1503960366,2016-04-15 22:00:00.000,2145
1503960366,2016-04-15 23:00:00.000,2768
1503960366,2016-04-16 00:00:00.000,459
1503960366,2016-04-16 01:00:00.000,0
1503960366,2016-04-16 02:00:00.000,63
1503960366,2016-04-16 03:00:00.000,6
1503960366,2016-04-16 04:00:00.000,6
1503960366,2016-04-16 05:00:00.000,12
1503960366,2016-04-16 06:00:00.000,0
1503960366,2016-04-16 07:00:00.000,101
1503960366,2016-04-16 08:00:00.000,175
1503960366,2016-04-16 09:00:00.000,1181
1503960366,2016-04-16 10:00:00.000,1295
1503960366,2016-04-16 11:00:00.000,2043
1503960366,2016-04-16 12:00:00.000,1513
1503960366,2016-04-16 13:00:00.000,3616
1503960366,2016-04-16 14:00:00.000,580
1503960366,2016-04-16 15:00:00.000,0
1503960366,2016-04-16 16:00:00.000,15
1503960366,2016-04-16 17:00:00.000,380
1503960366,2016-04-16 18:00:00.000,96
1503960366,2016-04-16 19:00:00.000,146
1503960366,2016-04-16 20:00:00.000,385
1503960366,2016-04-16 21:00:00.000,463
1503960366,2016-04-16 22:00:00.000,42
1503960366,2016-04-16 23:00:00.000,92
1503960366,2016-04-17 00:00:00.000,0
1503960366,2016-04-17 01:00:00.000,0
1503960366,2016-04-17 02:00:00.000,0
1503960366,2016-04-17 03:00:00.000,8
1503960366,2016-04-17 04:00:00.000,0
1503960366,2016-04-17 05:00:00.000,0
1503960366,2016-04-17 06:00:00.000,0
1503960366,2016-04-17 07:00:00.000,0
1503960366,2016-04-17 08:00:00.000,0
1503960366,2016-04-17 09:00:00.000,0
1503960366,2016-04-17 10:00:00.000,0
1503960366,2016-04-17 11:00:00.000,84
1503960366,2016-04-17 12:00:00.000,260
1503960366,2016-04-17 13:00:00.000,402
1503960366,2016-04-17 14:00:00.000,252
1503960366,2016-04-17 15:00:00.000,191
1503960366,2016-04-17 16:00:00.000,13
1503960366,2016-04-17 17:00:00.000,2613
1503960366,2016-04-17 18:00:00.000,1616
1503960366,2016-04-17 19:00:00.000,754
1503960366,2016-04-17 20:00:00.000,2955
1503960366,2016-04-17 21:00:00.000,487
1503960366,2016-04-17 22:00:00.000,70
1503960366,2016-04-17 23:00:00.000,0
1503960366,2016-04-18 00:00:00.000,416
1503960366,2016-04-18 01:00:00.000,0
1503960366,2016-04-18 02:00:00.000,0
1503960366,2016-04-18 03:00:00.000,0
1503960366,2016-04-18 04:00:00.000,0
1503960366,2016-04-18 05:00:00.000,0
1503960366,2016-04-18 06:00:00.000,0
1503960366,2016-04-18 07:00:00.000,0
1503960366,2016-04-18 08:00:00.000,0
1503960366,2016-04-18 09:00:00.000,1688
1503960366,2016-04-18 10:00:00.000,380
1503960366,2016-04-18 11:00:00.000,328
1503960366,2016-04-18 12:00:00.000,1306
1503960366,2016-04-18 13:00:00.000,268
1503960366,2016-04-18 14:00:00.000,137
1503960366,2016-04-18 15:00:00.000,495
1503960366,2016-04-18 16:00:00.000,277
1503960366,2016-04-18 17:00:00.000,304
1503960366,2016-04-18 18:00:00.000,4074
1503960366,2016-04-18 19:00:00.000,2101
1503960366,2016-04-18 20:00:00.000,28
1503960366,2016-04-18 21:00:00.000,187
1503960366,2016-04-18 22:00:00.000,542
1503960366,2016-04-18 23:00:00.000,488
1503960366,2016-04-19 00:00:00.000,0
1503960366,2016-04-19 01:00:00.000,22
1503960366,2016-04-19 02:00:00.000,0
1503960366,2016-04-19 03:00:00.000,9
1503960366,2016-04-19 04:00:00.000,0
1503960366,2016-04-19 05:00:00.000,0
1503960366,2016-04-19 06:00:00.000,7
1503960366,2016-04-19 07:00:00.000,316
1503960366,2016-04-19 08:00:00.000,1656
1503960366,2016-04-19 09:00:00.000,367
1503960366,2016-04-19 10:00:00.000,203
1503960366,2016-04-19 11:00:00.000,194
1503960366,2016-04-19 12:00:00.000,1887
1503960366,2016-04-19 13:00:00.000,2697
1503960366,2016-04-19 14:00:00.000,409
1503960366,2016-04-19 15:00:00.000,299
1503960366,2016-04-19 16:00:00.000,297
1503960366,2016-04-19 17:00:00.000,732
1503960366,2016-04-19 18:00:00.000,1280
1503960366,2016-04-19 19:00:00.000,397
1503960366,2016-04-19 20:00:00.000,2487
1503960366,2016-04-19 21:00:00.000,826
1503960366,2016-04-19 22:00:00.000,52
1503960366,2016-04-19 23:00:00.000,1369
1503960366,2016-04-20 00:00:00.000,16
1503960366,2016-04-20 01:00:00.000,36
1503960366,2016-04-20 02:00:00.000,0
1503960366,2016-04-20 03:00:00.000,0
1503960366,2016-04-20 04:00:00.000,0
1503960366,2016-04-20 05:00:00.000,0
1503960366,2016-04-20 06:00:00.000,0
1503960366,2016-04-20 07:00:00.000,29
1503960366,2016-04-20 08:00:00.000,264
1503960366,2016-04-20 09:00:00.000,1993
1503960366,2016-04-20 10:00:00.000,459
1503960366,2016-04-20 11:00:00.000,65
1503960366,2016-04-20 12:00:00.000,185
1503960366,2016-04-20 13:00:00.000,64
1503960366,2016-04-20 14:00:00.000,1270
1503960366,2016-04-20 15:00:00.000,797
1503960366,2016-04-20 16:00:00.000,261
1503960366,2016-04-20 17:00:00.000,13
1503960366,2016-04-20 18:00:00.000,1308
1503960366,2016-04-20 19:00:00.000,1558
1503960366,2016-04-20 20:00:00.000,499
1503960366,2016-04-20 21:00:00.000,395
1503960366,2016-04-20 22:00:00.000,77
1503960366,2016-04-20 23:00:00.000,1255
1503960366,2016-04-21 00:00:00.000,17
1503960366,2016-04-21 01:00:00.000,129
1503960366,2016-04-21 02:00:00.000,81
1503960366,2016-04-21 03:00:00.000,0
1503960366,2016-04-21 04:00:00.000,0
1503960366,2016-04-21 05:00:00.000,0
1503960366,2016-04-21 06:00:00.000,0
1503960366,2016-04-21 07:00:00.000,38
1503960366,2016-04-21 08:00:00.000,245
1503960366,2016-04-21 09:00:00.000,1672
1503960366,2016-04-21 10:00:00.000,255
1503960366,2016-04-21 11:00:00.000,0
1503960366,2016-04-21 12:00:00.000,384
1503960366,2016-04-21 13:00:00.000,1140
1503960366,2016-04-21 14:00:00.000,12
1503960366,2016-04-21 15:00:00.000,213
1503960366,2016-04-21 16:00:00.000,26
1503960366,2016-04-21 17:00:00.000,96
1503960366,2016-04-21 18:00:00.000,213
1503960366,2016-04-21 19:00:00.000,100
1503960366,2016-04-21 20:00:00.000,3541
1503960366,2016-04-21 21:00:00.000,970
1503960366,2016-04-21 22:00:00.000,89
1503960366,2016-04-21 23:00:00.000,598
1503960366,2016-04-22 00:00:00.000,0
1503960366,2016-04-22 01:00:00.000,0
1503960366,2016-04-22 02:00:00.000,0
1503960366,2016-04-22 03:00:00.000,0
1503960366,2016-04-22 04:00:00.000,0
1503960366,2016-04-22 05:00:00.000,0
1503960366,2016-04-22 06:00:00.000,0
1503960366,2016-04-22 07:00:00.000,0
1503960366,2016-04-22 08:00:00.000,0
1503960366,2016-04-22 09:00:00.000,192
1503960366,2016-04-22 10:00:00.000,29
1503960366,2016-04-22 11:00:00.000,958
1503960366,2016-04-22 12:00:00.000,38
1503960366,2016-04-22 13:00:00.000,118
1503960366,2016-04-22 14:00:00.000,0
1503960366,2016-04-22 15:00:00.000,180
1503960366,2016-04-22 16:00:00.000,22
1503960366,2016-04-22 17:00:00.000,1041
1503960366,2016-04-22 18:00:00.000,514
1503960366,2016-04-22 19:00:00.000,629
1503960366,2016-04-22 20:00:00.000,329
1503960366,2016-04-22 21:00:00.000,5934
1503960366,2016-04-22 22:00:00.000,855
1503960366,2016-04-22 23:00:00.000,1925
1503960366,2016-04-23 00:00:00.000,182
1503960366,2016-04-23 01:00:00.000,0
1503960366,2016-04-23 02:00:00.000,11
1503960366,2016-04-23 03:00:00.000,0
1503960366,2016-04-23 04:00:00.000,0
1503960366,2016-04-23 05:00:00.000,0
1503960366,2016-04-23 06:00:00.000,12
1503960366,2016-04-23 07:00:00.000,0
1503960366,2016-04-23 08:00:00.000,127
1503960366,2016-04-23 09:00:00.000,285
1503960366,2016-04-23 10:00:00.000,49
1503960366,2016-04-23 11:00:00.000,703
1503960366,2016-04-23 12:00:00.000,1597
1503960366,2016-04-23 13:00:00.000,1453
1503960366,2016-04-23 14:00:00.000,202
1503960366,2016-04-23 15:00:00.000,158
1503960366,2016-04-23 16:00:00.000,2008
1503960366,2016-04-23 17:00:00.000,1472
1503960366,2016-04-23 18:00:00.000,2569
1503960366,2016-04-23 19:00:00.000,29
1503960366,2016-04-23 20:00:00.000,142
1503960366,2016-04-23 21:00:00.000,2432
1503960366,2016-04-23 22:00:00.000,709
1503960366,2016-04-23 23:00:00.000,231
1503960366,2016-04-24 00:00:00.000,141
1503960366,2016-04-24 01:00:00.000,42
1503960366,2016-04-24 02:00:00.000,0
1503960366,2016-04-24 03:00:00.000,0
1503960366,2016-04-24 04:00:00.000,8
1503960366,2016-04-24 05:00:00.000,0
1503960366,2016-04-24 06:00:00.000,7
1503960366,2016-04-24 07:00:00.000,0
1503960366,2016-04-24 08:00:00.000,8
1503960366,2016-04-24 09:00:00.000,76
1503960366,2016-04-24 10:00:00.000,492
1503960366,2016-04-24 11:00:00.000,149
1503960366,2016-04-24 12:00:00.000,548
1503960366,2016-04-24 13:00:00.000,394
1503960366,2016-04-24 14:00:00.000,26
1503960366,2016-04-24 15:00:00.000,27
1503960366,2016-04-24 16:00:00.000,885
1503960366,2016-04-24 17:00:00.000,411
1503960366,2016-04-24 18:00:00.000,911
1503960366,2016-04-24 19:00:00.000,4871
1503960366,2016-04-24 20:00:00.000,342
1503960366,2016-04-24 21:00:00.000,244
1503960366,2016-04-24 22:00:00.000,66
1503960366,2016-04-24 23:00:00.000,391
1503960366,2016-04-25 00:00:00.000,95
1503960366,2016-04-25 01:00:00.000,22
1503960366,2016-04-25 02:00:00.000,97
1503960366,2016-04-25 03:00:00.000,0
1503960366,2016-04-25 04:00:00.000,25
1503960366,2016-04-25 05:00:00.000,4
1503960366,2016-04-25 06:00:00.000,0
1503960366,2016-04-25 07:00:00.000,44
1503960366,2016-04-25 08:00:00.000,426
1503960366,2016-04-25 09:00:00.000,2041
1503960366,2016-04-25 10:00:00.000,258
1503960366,2016-04-25 11:00:00.000,1468
1503960366,2016-04-25 12:00:00.000,707
1503960366,2016-04-25 13:00:00.000,299
1503960366,2016-04-25 14:00:00.000,94
1503960366,2016-04-25 15:00:00.000,359
1503960366,2016-04-25 16:00:00.000,263
1503960366,2016-04-25 17:00:00.000,188
1503960366,2016-04-25 18:00:00.000,116
1503960366,2016-04-25 19:00:00.000,2815
1503960366,2016-04-25 20:00:00.000,895
1503960366,2016-04-25 21:00:00.000,4895
1503960366,2016-04-25 22:00:00.000,188
1503960366,2016-04-25 23:00:00.000,56
1503960366,2016-04-26 00:00:00.000,101
1503960366,2016-04-26 01:00:00.000,178
1503960366,2016-04-26 02:00:00.000,0
1503960366,2016-04-26 03:00:00.000,145
1503960366,2016-04-26 04:00:00.000,0
1503960366,2016-04-26 05:00:00.000,7
1503960366,2016-04-26 06:00:00.000,0
1503960366,2016-04-26 07:00:00.000,28
1503960366,2016-04-26 08:00:00.000,173
1503960366,2016-04-26 09:00:00.000,1826
1503960366,2016-04-26 10:00:00.000,666
1503960366,2016-04-26 11:00:00.000,266
1503960366,2016-04-26 12:00:00.000,415
1503960366,2016-04-26 13:00:00.000,1571
1503960366,2016-04-26 14:00:00.000,1998
1503960366,2016-04-26 15:00:00.000,323
1503960366,2016-04-26 16:00:00.000,697
1503960366,2016-04-26 17:00:00.000,143
1503960366,2016-04-26 18:00:00.000,2513
1503960366,2016-04-26 19:00:00.000,148
1503960366,2016-04-26 20:00:00.000,1649
1503960366,2016-04-26 21:00:00.000,450
1503960366,2016-04-26 22:00:00.000,148
1503960366,2016-04-26 23:00:00.000,310
1503960366,2016-04-27 00:00:00.000,277
1503960366,2016-04-27 01:00:00.000,60
1503960366,2016-04-27 02:00:00.000,17
1503960366,2016-04-27 03:00:00.000,0
1503960366,2016-04-27 04:00:00.000,0
1503960366,2016-04-27 05:00:00.000,0
1503960366,2016-04-27 06:00:00.000,0
1503960366,2016-04-27 07:00:00.000,0
1503960366,2016-04-27 08:00:00.000,0
1503960366,2016-04-27 09:00:00.000,1916
1503960366,2016-04-27 10:00:00.000,502
1503960366,2016-04-27 11:00:00.000,797
1503960366,2016-04-27 12:00:00.000,701
1503960366,2016-04-27 13:00:00.000,319
1503960366,2016-04-27 14:00:00.000,1932
1503960366,2016-04-27 15:00:00.000,59
1503960366,2016-04-27 16:00:00.000,98
1503960366,2016-04-27 17:00:00.000,261
1503960366,2016-04-27 18:00:00.000,2714
1503960366,2016-04-27 19:00:00.000,5786
1503960366,2016-04-27 20:00:00.000,2420
1503960366,2016-04-27 21:00:00.000,266
1503960366,2016-04-27 22:00:00.000,0
1503960366,2016-04-27 23:00:00.000,0
1503960366,2016-04-28 00:00:00.000,0
1503960366,2016-04-28 01:00:00.000,127
1503960366,2016-04-28 02:00:00.000,0
1503960366,2016-04-28 03:00:00.000,0
1503960366,2016-04-28 04:00:00.000,0
1503960366,2016-04-28 05:00:00.000,0
1503960366,2016-04-28 06:00:00.000,0
1503960366,2016-04-28 07:00:00.000,14
1503960366,2016-04-28 08:00:00.000,128
1503960366,2016-04-28 09:00:00.000,1192
1503960366,2016-04-28 10:00:00.000,987
1503960366,2016-04-28 11:00:00.000,288
1503960366,2016-04-28 12:00:00.000,317
1503960366,2016-04-28 13:00:00.000,1144
1503960366,2016-04-28 14:00:00.000,1512
1503960366,2016-04-28 15:00:00.000,115
1503960366,2016-04-28 16:00:00.000,554
1503960366,2016-04-28 17:00:00.000,235
1503960366,2016-04-28 18:00:00.000,1829
1503960366,2016-04-28 19:00:00.000,13
1503960366,2016-04-28 20:00:00.000,2122
1503960366,2016-04-28 21:00:00.000,986
1503960366,2016-04-28 22:00:00.000,16
1503960366,2016-04-28 23:00:00.000,1512
1503960366,2016-04-29 00:00:00.000,202
1503960366,2016-04-29 01:00:00.000,0
1503960366,2016-04-29 02:00:00.000,71
1503960366,2016-04-29 03:00:00.000,0
1503960366,2016-04-29 04:00:00.000,0
1503960366,2016-04-29 05:00:00.000,0
1503960366,2016-04-29 06:00:00.000,0
1503960366,2016-04-29 07:00:00.000,27
1503960366,2016-04-29 08:00:00.000,201
1503960366,2016-04-29 09:00:00.000,1820
1503960366,2016-04-29 10:00:00.000,44
1503960366,2016-04-29 11:00:00.000,104
1503960366,2016-04-29 12:00:00.000,214
1503960366,2016-04-29 13:00:00.000,41
1503960366,2016-04-29 14:00:00.000,1711
1503960366,2016-04-29 15:00:00.000,1076
1503960366,2016-04-29 16:00:00.000,285
1503960366,2016-04-29 17:00:00.000,380
1503960366,2016-04-29 18:00:00.000,118
1503960366,2016-04-29 19:00:00.000,267
1503960366,2016-04-29 20:00:00.000,386
1503960366,2016-04-29 21:00:00.000,1366
1503960366,2016-04-29 22:00:00.000,1111
1503960366,2016-04-29 23:00:00.000,1757
1503960366,2016-04-30 00:00:00.000,19
1503960366,2016-04-30 01:00:00.000,65
1503960366,2016-04-30 02:00:00.000,0
1503960366,2016-04-30 03:00:00.000,6
1503960366,2016-04-30 04:00:00.000,0
1503960366,2016-04-30 05:00:00.000,0
1503960366,2016-04-30 06:00:00.000,0
1503960366,2016-04-30 07:00:00.000,0
1503960366,2016-04-30 08:00:00.000,60
1503960366,2016-04-30 09:00:00.000,148
1503960366,2016-04-30 10:00:00.000,239
1503960366,2016-04-30 11:00:00.000,127
1503960366,2016-04-30 12:00:00.000,92
1503960366,2016-04-30 13:00:00.000,141
1503960366,2016-04-30 14:00:00.000,520
1503960366,2016-04-30 15:00:00.000,993
1503960366,2016-04-30 16:00:00.000,3388
1503960366,2016-04-30 17:00:00.000,2176
1503960366,2016-04-30 18:00:00.000,2319
1503960366,2016-04-30 19:00:00.000,92
1503960366,2016-04-30 20:00:00.000,117
1503960366,2016-04-30 21:00:00.000,840
1503960366,2016-04-30 22:00:00.000,2139
1503960366,2016-04-30 23:00:00.000,1192
1503960366,2016-01-05 00:00:00.000,247
1503960366,2016-01-05 01:00:00.000,59
1503960366,2016-01-05 02:00:00.000,36
1503960366,2016-01-05 03:00:00.000,4
1503960366,2016-01-05 04:00:00.000,0
1503960366,2016-01-05 05:00:00.000,0
1503960366,2016-01-05 06:00:00.000,0
1503960366,2016-01-05 07:00:00.000,41
1503960366,2016-01-05 08:00:00.000,94
1503960366,2016-01-05 09:00:00.000,198
1503960366,2016-01-05 10:00:00.000,146
1503960366,2016-01-05 11:00:00.000,103
1503960366,2016-01-05 12:00:00.000,130
1503960366,2016-01-05 13:00:00.000,85
1503960366,2016-01-05 14:00:00.000,540
1503960366,2016-01-05 15:00:00.000,294
1503960366,2016-01-05 16:00:00.000,823
1503960366,2016-01-05 17:00:00.000,1053
1503960366,2016-01-05 18:00:00.000,2007
1503960366,2016-01-05 19:00:00.000,177
1503960366,2016-01-05 20:00:00.000,93
1503960366,2016-01-05 21:00:00.000,363
1503960366,2016-01-05 22:00:00.000,1552
1503960366,2016-01-05 23:00:00.000,2557
1503960366,2016-02-05 00:00:00.000,0
1503960366,2016-02-05 01:00:00.000,119
1503960366,2016-02-05 02:00:00.000,0
1503960366,2016-02-05 03:00:00.000,21
1503960366,2016-02-05 04:00:00.000,0
1503960366,2016-02-05 05:00:00.000,0
1503960366,2016-02-05 06:00:00.000,0
1503960366,2016-02-05 07:00:00.000,28
1503960366,2016-02-05 08:00:00.000,245
1503960366,2016-02-05 09:00:00.000,1690
1503960366,2016-02-05 10:00:00.000,369
1503960366,2016-02-05 11:00:00.000,384
1503960366,2016-02-05 12:00:00.000,2116
1503960366,2016-02-05 13:00:00.000,1064
1503960366,2016-02-05 14:00:00.000,355
1503960366,2016-02-05 15:00:00.000,418
1503960366,2016-02-05 16:00:00.000,420
1503960366,2016-02-05 17:00:00.000,340
1503960366,2016-02-05 18:00:00.000,227
1503960366,2016-02-05 19:00:00.000,235
1503960366,2016-02-05 20:00:00.000,3903
1503960366,2016-02-05 21:00:00.000,1427
1503960366,2016-02-05 22:00:00.000,945
1503960366,2016-02-05 23:00:00.000,404
1503960366,2016-03-05 00:00:00.000,55
1503960366,2016-03-05 01:00:00.000,79
1503960366,2016-03-05 02:00:00.000,20
1503960366,2016-03-05 03:00:00.000,110
1503960366,2016-03-05 04:00:00.000,0
1503960366,2016-03-05 05:00:00.000,0
1503960366,2016-03-05 06:00:00.000,16
1503960366,2016-03-05 07:00:00.000,23
1503960366,2016-03-05 08:00:00.000,158
1503960366,2016-03-05 09:00:00.000,1391
1503960366,2016-03-05 10:00:00.000,955
1503960366,2016-03-05 11:00:00.000,297
1503960366,2016-03-05 12:00:00.000,396
1503960366,2016-03-05 13:00:00.000,309
1503960366,2016-03-05 14:00:00.000,384
1503960366,2016-03-05 15:00:00.000,1719
1503960366,2016-03-05 16:00:00.000,870
1503960366,2016-03-05 17:00:00.000,690
1503960366,2016-03-05 18:00:00.000,3119
1503960366,2016-03-05 19:00:00.000,140
1503960366,2016-03-05 20:00:00.000,6
1503960366,2016-03-05 21:00:00.000,1333
1503960366,2016-03-05 22:00:00.000,2549
1503960366,2016-03-05 23:00:00.000,484
1503960366,2016-04-05 00:00:00.000,400
1503960366,2016-04-05 01:00:00.000,18
1503960366,2016-04-05 02:00:00.000,0
1503960366,2016-04-05 03:00:00.000,0
1503960366,2016-04-05 04:00:00.000,0
1503960366,2016-04-05 05:00:00.000,0
1503960366,2016-04-05 06:00:00.000,0
1503960366,2016-04-05 07:00:00.000,0
1503960366,2016-04-05 08:00:00.000,68
1503960366,2016-04-05 09:00:00.000,1470
1503960366,2016-04-05 10:00:00.000,598
1503960366,2016-04-05 11:00:00.000,194
1503960366,2016-04-05 12:00:00.000,366
1503960366,2016-04-05 13:00:00.000,318
1503960366,2016-04-05 14:00:00.000,2284
1503960366,2016-04-05 15:00:00.000,138
1503960366,2016-04-05 16:00:00.000,144
1503960366,2016-04-05 17:00:00.000,341
1503960366,2016-04-05 18:00:00.000,2041
1503960366,2016-04-05 19:00:00.000,205
1503960366,2016-04-05 20:00:00.000,1316
1503960366,2016-04-05 21:00:00.000,1106
1503960366,2016-04-05 22:00:00.000,93
1503960366,2016-04-05 23:00:00.000,0
1503960366,2016-05-05 00:00:00.000,70
1503960366,2016-05-05 01:00:00.000,113
1503960366,2016-05-05 02:00:00.000,19
1503960366,2016-05-05 03:00:00.000,0
1503960366,2016-05-05 04:00:00.000,44
1503960366,2016-05-05 05:00:00.000,0
1503960366,2016-05-05 06:00:00.000,8
1503960366,2016-05-05 07:00:00.000,23
1503960366,2016-05-05 08:00:00.000,107
1503960366,2016-05-05 09:00:00.000,1615
1503960366,2016-05-05 10:00:00.000,360
1503960366,2016-05-05 11:00:00.000,28
1503960366,2016-05-05 12:00:00.000,318
1503960366,2016-05-05 13:00:00.000,1231
1503960366,2016-05-05 14:00:00.000,375
1503960366,2016-05-05 15:00:00.000,187
1503960366,2016-05-05 16:00:00.000,989
1503960366,2016-05-05 17:00:00.000,2217
1503960366,2016-05-05 18:00:00.000,715
1503960366,2016-05-05 19:00:00.000,348
1503960366,2016-05-05 20:00:00.000,283
1503960366,2016-05-05 21:00:00.000,3897
1503960366,2016-05-05 22:00:00.000,900
1503960366,2016-05-05 23:00:00.000,200
1503960366,2016-06-05 00:00:00.000,186
1503960366,2016-06-05 01:00:00.000,4
1503960366,2016-06-05 02:00:00.000,88
1503960366,2016-06-05 03:00:00.000,0
1503960366,2016-06-05 04:00:00.000,19
1503960366,2016-06-05 05:00:00.000,0
1503960366,2016-06-05 06:00:00.000,0
1503960366,2016-06-05 07:00:00.000,23
1503960366,2016-06-05 08:00:00.000,146
1503960366,2016-06-05 09:00:00.000,1683
1503960366,2016-06-05 10:00:00.000,504
1503960366,2016-06-05 11:00:00.000,234
1503960366,2016-06-05 12:00:00.000,261
1503960366,2016-06-05 13:00:00.000,175
1503960366,2016-06-05 14:00:00.000,535
1503960366,2016-06-05 15:00:00.000,900
1503960366,2016-06-05 16:00:00.000,335
1503960366,2016-06-05 17:00:00.000,279
1503960366,2016-06-05 18:00:00.000,1532
1503960366,2016-06-05 19:00:00.000,2500
1503960366,2016-06-05 20:00:00.000,255
1503960366,2016-06-05 21:00:00.000,514
1503960366,2016-06-05 22:00:00.000,375
1503960366,2016-06-05 23:00:00.000,1611
1503960366,2016-07-05 00:00:00.000,168
1503960366,2016-07-05 01:00:00.000,0
1503960366,2016-07-05 02:00:00.000,19
1503960366,2016-07-05 03:00:00.000,0
1503960366,2016-07-05 04:00:00.000,0
1503960366,2016-07-05 05:00:00.000,0
1503960366,2016-07-05 06:00:00.000,0
1503960366,2016-07-05 07:00:00.000,0
1503960366,2016-07-05 08:00:00.000,132
1503960366,2016-07-05 09:00:00.000,115
1503960366,2016-07-05 10:00:00.000,1291
1503960366,2016-07-05 11:00:00.000,2352
1503960366,2016-07-05 12:00:00.000,129
1503960366,2016-07-05 13:00:00.000,77
1503960366,2016-07-05 14:00:00.000,125
1503960366,2016-07-05 15:00:00.000,318
1503960366,2016-07-05 16:00:00.000,259
1503960366,2016-07-05 17:00:00.000,173
1503960366,2016-07-05 18:00:00.000,253
1503960366,2016-07-05 19:00:00.000,652
1503960366,2016-07-05 20:00:00.000,102
1503960366,2016-07-05 21:00:00.000,2073
1503960366,2016-07-05 22:00:00.000,3696
1503960366,2016-07-05 23:00:00.000,58
1503960366,2016-08-05 00:00:00.000,147
1503960366,2016-08-05 01:00:00.000,0
1503960366,2016-08-05 02:00:00.000,0
1503960366,2016-08-05 03:00:00.000,0
1503960366,2016-08-05 04:00:00.000,6
1503960366,2016-08-05 05:00:00.000,0
1503960366,2016-08-05 06:00:00.000,7
1503960366,2016-08-05 07:00:00.000,0
1503960366,2016-08-05 08:00:00.000,0
1503960366,2016-08-05 09:00:00.000,0
1503960366,2016-08-05 10:00:00.000,0
1503960366,2016-08-05 11:00:00.000,0
1503960366,2016-08-05 12:00:00.000,511
1503960366,2016-08-05 13:00:00.000,227
1503960366,2016-08-05 14:00:00.000,660
1503960366,2016-08-05 15:00:00.000,341
1503960366,2016-08-05 16:00:00.000,100
1503960366,2016-08-05 17:00:00.000,240
1503960366,2016-08-05 18:00:00.000,4472
1503960366,2016-08-05 19:00:00.000,1069
1503960366,2016-08-05 20:00:00.000,793
1503960366,2016-08-05 21:00:00.000,663
1503960366,2016-08-05 22:00:00.000,553
1503960366,2016-08-05 23:00:00.000,271
1503960366,2016-09-05 00:00:00.000,135
1503960366,2016-09-05 01:00:00.000,0
1503960366,2016-09-05 02:00:00.000,0
1503960366,2016-09-05 03:00:00.000,0
1503960366,2016-09-05 04:00:00.000,0
1503960366,2016-09-05 05:00:00.000,14
1503960366,2016-09-05 06:00:00.000,408
1503960366,2016-09-05 07:00:00.000,214
1503960366,2016-09-05 08:00:00.000,109
1503960366,2016-09-05 09:00:00.000,160
1503960366,2016-09-05 10:00:00.000,322
1503960366,2016-09-05 11:00:00.000,477
1503960366,2016-09-05 12:00:00.000,507
1503960366,2016-09-05 13:00:00.000,7
1503960366,2016-09-05 14:00:00.000,0
1503960366,2016-09-05 15:00:00.000,22
1503960366,2016-09-05 16:00:00.000,2692
1503960366,2016-09-05 17:00:00.000,1260
1503960366,2016-09-05 18:00:00.000,624
1503960366,2016-09-05 19:00:00.000,1062
1503960366,2016-09-05 20:00:00.000,1325
1503960366,2016-09-05 21:00:00.000,2684
1503960366,2016-09-05 22:00:00.000,0
1503960366,2016-09-05 23:00:00.000,0
1503960366,2016-10-05 00:00:00.000,0
1503960366,2016-10-05 01:00:00.000,92
1503960366,2016-10-05 02:00:00.000,0
1503960366,2016-10-05 03:00:00.000,0
1503960366,2016-10-05 04:00:00.000,0
1503960366,2016-10-05 05:00:00.000,0
1503960366,2016-10-05 06:00:00.000,0
1503960366,2016-10-05 07:00:00.000,47
1503960366,2016-10-05 08:00:00.000,227
1503960366,2016-10-05 09:00:00.000,1461
1503960366,2016-10-05 10:00:00.000,258
1503960366,2016-10-05 11:00:00.000,988
1503960366,2016-10-05 12:00:00.000,74
1503960366,2016-10-05 13:00:00.000,234
1503960366,2016-10-05 14:00:00.000,159
1503960366,2016-10-05 15:00:00.000,1038
1503960366,2016-10-05 16:00:00.000,312
1503960366,2016-10-05 17:00:00.000,645
1503960366,2016-10-05 18:00:00.000,2494
1503960366,2016-10-05 19:00:00.000,1418
1503960366,2016-10-05 20:00:00.000,2480
1503960366,2016-10-05 21:00:00.000,251
1503960366,2016-10-05 22:00:00.000,0
1503960366,2016-10-05 23:00:00.000,29
1503960366,2016-11-05 00:00:00.000,266
1503960366,2016-11-05 01:00:00.000,45
1503960366,2016-11-05 02:00:00.000,73
1503960366,2016-11-05 03:00:00.000,10
1503960366,2016-11-05 04:00:00.000,0
1503960366,2016-11-05 05:00:00.000,0
1503960366,2016-11-05 06:00:00.000,0
1503960366,2016-11-05 07:00:00.000,47
1503960366,2016-11-05 08:00:00.000,312
1503960366,2016-11-05 09:00:00.000,1914
1503960366,2016-11-05 10:00:00.000,644
1503960366,2016-11-05 11:00:00.000,259
1503960366,2016-11-05 12:00:00.000,116
1503960366,2016-11-05 13:00:00.000,811
1503960366,2016-11-05 14:00:00.000,1560
1503960366,2016-11-05 15:00:00.000,348
1503960366,2016-11-05 16:00:00.000,289
1503960366,2016-11-05 17:00:00.000,245
1503960366,2016-11-05 18:00:00.000,3449
1503960366,2016-11-05 19:00:00.000,293
1503960366,2016-11-05 20:00:00.000,1209
1624580081,2016-12-04 00:00:00.000,31
1624580081,2016-12-04 01:00:00.000,0
1624580081,2016-12-04 02:00:00.000,0
1624580081,2016-12-04 03:00:00.000,7
1624580081,2016-12-04 04:00:00.000,0
1624580081,2016-12-04 05:00:00.000,0
1624580081,2016-12-04 06:00:00.000,0
1624580081,2016-12-04 07:00:00.000,0
1624580081,2016-12-04 08:00:00.000,0
1624580081,2016-12-04 09:00:00.000,1085
1624580081,2016-12-04 10:00:00.000,5375
1624580081,2016-12-04 11:00:00.000,129
1624580081,2016-12-04 12:00:00.000,81
1624580081,2016-12-04 13:00:00.000,67
1624580081,2016-12-04 14:00:00.000,43
1624580081,2016-12-04 15:00:00.000,0
1624580081,2016-12-04 16:00:00.000,79
1624580081,2016-12-04 17:00:00.000,235
1624580081,2016-12-04 18:00:00.000,257
1624580081,2016-12-04 19:00:00.000,501
1624580081,2016-12-04 20:00:00.000,99
1624580081,2016-12-04 21:00:00.000,0
1624580081,2016-12-04 22:00:00.000,0
1624580081,2016-12-04 23:00:00.000,174
1624580081,2016-04-13 00:00:00.000,75
1624580081,2016-04-13 01:00:00.000,0
1624580081,2016-04-13 02:00:00.000,0
1624580081,2016-04-13 03:00:00.000,0
1624580081,2016-04-13 04:00:00.000,0
1624580081,2016-04-13 05:00:00.000,0
1624580081,2016-04-13 06:00:00.000,0
1624580081,2016-04-13 07:00:00.000,0
1624580081,2016-04-13 08:00:00.000,0
1624580081,2016-04-13 09:00:00.000,1663
1624580081,2016-04-13 10:00:00.000,3685
1624580081,2016-04-13 11:00:00.000,608
1624580081,2016-04-13 12:00:00.000,80
1624580081,2016-04-13 13:00:00.000,0
1624580081,2016-04-13 14:00:00.000,36
1624580081,2016-04-13 15:00:00.000,0
1624580081,2016-04-13 16:00:00.000,126
1624580081,2016-04-13 17:00:00.000,39
1624580081,2016-04-13 18:00:00.000,491
1624580081,2016-04-13 19:00:00.000,7
1624580081,2016-04-13 20:00:00.000,14
1624580081,2016-04-13 21:00:00.000,183
1624580081,2016-04-13 22:00:00.000,0
1624580081,2016-04-13 23:00:00.000,0
1624580081,2016-04-14 00:00:00.000,0
1624580081,2016-04-14 01:00:00.000,0
1624580081,2016-04-14 02:00:00.000,0
1624580081,2016-04-14 03:00:00.000,0
1624580081,2016-04-14 04:00:00.000,0
1624580081,2016-04-14 05:00:00.000,0
1624580081,2016-04-14 06:00:00.000,0
1624580081,2016-04-14 07:00:00.000,0
1624580081,2016-04-14 08:00:00.000,1958
1624580081,2016-04-14 09:00:00.000,4148
1624580081,2016-04-14 10:00:00.000,141
1624580081,2016-04-14 11:00:00.000,468
1624580081,2016-04-14 12:00:00.000,0
1624580081,2016-04-14 13:00:00.000,0
1624580081,2016-04-14 14:00:00.000,87
1624580081,2016-04-14 15:00:00.000,34
1624580081,2016-04-14 16:00:00.000,170
1624580081,2016-04-14 17:00:00.000,1197
1624580081,2016-04-14 18:00:00.000,182
1624580081,2016-04-14 19:00:00.000,445
1624580081,2016-04-14 20:00:00.000,0
1624580081,2016-04-14 21:00:00.000,227
1624580081,2016-04-14 22:00:00.000,0
1624580081,2016-04-14 23:00:00.000,50
1624580081,2016-04-15 00:00:00.000,178
1624580081,2016-04-15 01:00:00.000,6
1624580081,2016-04-15 02:00:00.000,0
1624580081,2016-04-15 03:00:00.000,0
1624580081,2016-04-15 04:00:00.000,0
1624580081,2016-04-15 05:00:00.000,0
1624580081,2016-04-15 06:00:00.000,0
1624580081,2016-04-15 07:00:00.000,0
1624580081,2016-04-15 08:00:00.000,0
1624580081,2016-04-15 09:00:00.000,0
1624580081,2016-04-15 10:00:00.000,0
1624580081,2016-04-15 11:00:00.000,415
1624580081,2016-04-15 12:00:00.000,0
1624580081,2016-04-15 13:00:00.000,0
1624580081,2016-04-15 14:00:00.000,0
1624580081,2016-04-15 15:00:00.000,0
1624580081,2016-04-15 16:00:00.000,0
1624580081,2016-04-15 17:00:00.000,0
1624580081,2016-04-15 18:00:00.000,6
1624580081,2016-04-15 19:00:00.000,386
1624580081,2016-04-15 20:00:00.000,0
1624580081,2016-04-15 21:00:00.000,27
1624580081,2016-04-15 22:00:00.000,287
1624580081,2016-04-15 23:00:00.000,185
1624580081,2016-04-16 00:00:00.000,465
1624580081,2016-04-16 01:00:00.000,0
1624580081,2016-04-16 02:00:00.000,81
1624580081,2016-04-16 03:00:00.000,0
1624580081,2016-04-16 04:00:00.000,0
1624580081,2016-04-16 05:00:00.000,0
1624580081,2016-04-16 06:00:00.000,0
1624580081,2016-04-16 07:00:00.000,0
1624580081,2016-04-16 08:00:00.000,0
1624580081,2016-04-16 09:00:00.000,0
1624580081,2016-04-16 10:00:00.000,259
1624580081,2016-04-16 11:00:00.000,231
1624580081,2016-04-16 12:00:00.000,126
1624580081,2016-04-16 13:00:00.000,0
1624580081,2016-04-16 14:00:00.000,291
1624580081,2016-04-16 15:00:00.000,82
1624580081,2016-04-16 16:00:00.000,0
1624580081,2016-04-16 17:00:00.000,39
1624580081,2016-04-16 18:00:00.000,0
1624580081,2016-04-16 19:00:00.000,472
1624580081,2016-04-16 20:00:00.000,28
1624580081,2016-04-16 21:00:00.000,1211
1624580081,2016-04-16 22:00:00.000,1962
1624580081,2016-04-16 23:00:00.000,123
1624580081,2016-04-17 00:00:00.000,115
1624580081,2016-04-17 01:00:00.000,0
1624580081,2016-04-17 02:00:00.000,67
1624580081,2016-04-17 03:00:00.000,0
1624580081,2016-04-17 04:00:00.000,0
1624580081,2016-04-17 05:00:00.000,0
1624580081,2016-04-17 06:00:00.000,0
1624580081,2016-04-17 07:00:00.000,0
1624580081,2016-04-17 08:00:00.000,0
1624580081,2016-04-17 09:00:00.000,0
1624580081,2016-04-17 10:00:00.000,49
1624580081,2016-04-17 11:00:00.000,0
1624580081,2016-04-17 12:00:00.000,193
1624580081,2016-04-17 13:00:00.000,1374
1624580081,2016-04-17 14:00:00.000,657
1624580081,2016-04-17 15:00:00.000,19
1624580081,2016-04-17 16:00:00.000,0
1624580081,2016-04-17 17:00:00.000,2047
1624580081,2016-04-17 18:00:00.000,401
1624580081,2016-04-17 19:00:00.000,782
1624580081,2016-04-17 20:00:00.000,156
1624580081,2016-04-17 21:00:00.000,173
1624580081,2016-04-17 22:00:00.000,28
1624580081,2016-04-17 23:00:00.000,89
1624580081,2016-04-18 00:00:00.000,59
1624580081,2016-04-18 01:00:00.000,29
1624580081,2016-04-18 02:00:00.000,0
1624580081,2016-04-18 03:00:00.000,0
1624580081,2016-04-18 04:00:00.000,0
1624580081,2016-04-18 05:00:00.000,0
1624580081,2016-04-18 06:00:00.000,0
1624580081,2016-04-18 07:00:00.000,354
1624580081,2016-04-18 08:00:00.000,4120
1624580081,2016-04-18 09:00:00.000,17
1624580081,2016-04-18 10:00:00.000,458
1624580081,2016-04-18 11:00:00.000,261
1624580081,2016-04-18 12:00:00.000,6
1624580081,2016-04-18 13:00:00.000,0
1624580081,2016-04-18 14:00:00.000,0
1624580081,2016-04-18 15:00:00.000,812
1624580081,2016-04-18 16:00:00.000,3242
1624580081,2016-04-18 17:00:00.000,186
1624580081,2016-04-18 18:00:00.000,314
1624580081,2016-04-18 19:00:00.000,131
1624580081,2016-04-18 20:00:00.000,180
1624580081,2016-04-18 21:00:00.000,120
1624580081,2016-04-18 22:00:00.000,124
1624580081,2016-04-18 23:00:00.000,123
1624580081,2016-04-19 00:00:00.000,0
1624580081,2016-04-19 01:00:00.000,0
1624580081,2016-04-19 02:00:00.000,0
1624580081,2016-04-19 03:00:00.000,0
1624580081,2016-04-19 04:00:00.000,0
1624580081,2016-04-19 05:00:00.000,106
1624580081,2016-04-19 06:00:00.000,333
1624580081,2016-04-19 07:00:00.000,13
1624580081,2016-04-19 08:00:00.000,227
1624580081,2016-04-19 09:00:00.000,0
1624580081,2016-04-19 10:00:00.000,0
1624580081,2016-04-19 11:00:00.000,120
1624580081,2016-04-19 12:00:00.000,826
1624580081,2016-04-19 13:00:00.000,235
1624580081,2016-04-19 14:00:00.000,495
1624580081,2016-04-19 15:00:00.000,0
1624580081,2016-04-19 16:00:00.000,0
1624580081,2016-04-19 17:00:00.000,0
1624580081,2016-04-19 18:00:00.000,351
1624580081,2016-04-19 19:00:00.000,137
1624580081,2016-04-19 20:00:00.000,12
1624580081,2016-04-19 21:00:00.000,22
1624580081,2016-04-19 22:00:00.000,39
1624580081,2016-04-19 23:00:00.000,0
1624580081,2016-04-20 00:00:00.000,123
1624580081,2016-04-20 01:00:00.000,0
1624580081,2016-04-20 02:00:00.000,0
1624580081,2016-04-20 03:00:00.000,0
1624580081,2016-04-20 04:00:00.000,0
1624580081,2016-04-20 05:00:00.000,0
1624580081,2016-04-20 06:00:00.000,0
1624580081,2016-04-20 07:00:00.000,0
1624580081,2016-04-20 08:00:00.000,0
1624580081,2016-04-20 09:00:00.000,2608
1624580081,2016-04-20 10:00:00.000,159
1624580081,2016-04-20 11:00:00.000,89
1624580081,2016-04-20 12:00:00.000,319
1624580081,2016-04-20 13:00:00.000,8
1624580081,2016-04-20 14:00:00.000,0
1624580081,2016-04-20 15:00:00.000,46
1624580081,2016-04-20 16:00:00.000,311
1624580081,2016-04-20 17:00:00.000,353
1624580081,2016-04-20 18:00:00.000,445
1624580081,2016-04-20 19:00:00.000,62
1624580081,2016-04-20 20:00:00.000,26
1624580081,2016-04-20 21:00:00.000,35
1624580081,2016-04-20 22:00:00.000,264
1624580081,2016-04-20 23:00:00.000,126
1624580081,2016-04-21 00:00:00.000,9
1624580081,2016-04-21 01:00:00.000,0
1624580081,2016-04-21 02:00:00.000,0
1624580081,2016-04-21 03:00:00.000,106
1624580081,2016-04-21 04:00:00.000,0
1624580081,2016-04-21 05:00:00.000,0
1624580081,2016-04-21 06:00:00.000,0
1624580081,2016-04-21 07:00:00.000,0
1624580081,2016-04-21 08:00:00.000,0
1624580081,2016-04-21 09:00:00.000,186
1624580081,2016-04-21 10:00:00.000,502
1624580081,2016-04-21 11:00:00.000,339
1624580081,2016-04-21 12:00:00.000,9
1624580081,2016-04-21 13:00:00.000,0
1624580081,2016-04-21 14:00:00.000,226
1624580081,2016-04-21 15:00:00.000,111
1624580081,2016-04-21 16:00:00.000,28
1624580081,2016-04-21 17:00:00.000,218
1624580081,2016-04-21 18:00:00.000,1287
1624580081,2016-04-21 19:00:00.000,2880
1624580081,2016-04-21 20:00:00.000,88
1624580081,2016-04-21 21:00:00.000,180
1624580081,2016-04-21 22:00:00.000,180
1624580081,2016-04-21 23:00:00.000,0
1624580081,2016-04-22 00:00:00.000,0
1624580081,2016-04-22 01:00:00.000,0
1624580081,2016-04-22 02:00:00.000,0
1624580081,2016-04-22 03:00:00.000,105
1624580081,2016-04-22 04:00:00.000,0
1624580081,2016-04-22 05:00:00.000,0
1624580081,2016-04-22 06:00:00.000,0
1624580081,2016-04-22 07:00:00.000,142
1624580081,2016-04-22 08:00:00.000,0
1624580081,2016-04-22 09:00:00.000,12
1624580081,2016-04-22 10:00:00.000,240
1624580081,2016-04-22 11:00:00.000,205
1624580081,2016-04-22 12:00:00.000,55
1624580081,2016-04-22 13:00:00.000,149
1624580081,2016-04-22 14:00:00.000,0
1624580081,2016-04-22 15:00:00.000,0
1624580081,2016-04-22 16:00:00.000,102
1624580081,2016-04-22 17:00:00.000,58
1624580081,2016-04-22 18:00:00.000,9
1624580081,2016-04-22 19:00:00.000,345
1624580081,2016-04-22 20:00:00.000,671
1624580081,2016-04-22 21:00:00.000,430
1624580081,2016-04-22 22:00:00.000,1013
1624580081,2016-04-22 23:00:00.000,466
1624580081,2016-04-23 00:00:00.000,218
1624580081,2016-04-23 01:00:00.000,16
1624580081,2016-04-23 02:00:00.000,0
1624580081,2016-04-23 03:00:00.000,0
1624580081,2016-04-23 04:00:00.000,0
1624580081,2016-04-23 05:00:00.000,0
1624580081,2016-04-23 06:00:00.000,0
1624580081,2016-04-23 07:00:00.000,0
1624580081,2016-04-23 08:00:00.000,0
1624580081,2016-04-23 09:00:00.000,150
1624580081,2016-04-23 10:00:00.000,722
1624580081,2016-04-23 11:00:00.000,0
1624580081,2016-04-23 12:00:00.000,97
1624580081,2016-04-23 13:00:00.000,39
1624580081,2016-04-23 14:00:00.000,221
1624580081,2016-04-23 15:00:00.000,0
1624580081,2016-04-23 16:00:00.000,350
1624580081,2016-04-23 17:00:00.000,8
1624580081,2016-04-23 18:00:00.000,74
1624580081,2016-04-23 19:00:00.000,446
1624580081,2016-04-23 20:00:00.000,2628
1624580081,2016-04-23 21:00:00.000,2666
1624580081,2016-04-23 22:00:00.000,854
1624580081,2016-04-23 23:00:00.000,49
1624580081,2016-04-24 00:00:00.000,174
1624580081,2016-04-24 01:00:00.000,34
1624580081,2016-04-24 02:00:00.000,0
1624580081,2016-04-24 03:00:00.000,0
1624580081,2016-04-24 04:00:00.000,0
1624580081,2016-04-24 05:00:00.000,0
1624580081,2016-04-24 06:00:00.000,0
1624580081,2016-04-24 07:00:00.000,0
1624580081,2016-04-24 08:00:00.000,0
1624580081,2016-04-24 09:00:00.000,121
1624580081,2016-04-24 10:00:00.000,313
1624580081,2016-04-24 11:00:00.000,103
1624580081,2016-04-24 12:00:00.000,1236
1624580081,2016-04-24 13:00:00.000,1604
1624580081,2016-04-24 14:00:00.000,217
1624580081,2016-04-24 15:00:00.000,0
1624580081,2016-04-24 16:00:00.000,12
1624580081,2016-04-24 17:00:00.000,53
1624580081,2016-04-24 18:00:00.000,1456
1624580081,2016-04-24 19:00:00.000,232
1624580081,2016-04-24 20:00:00.000,397
1624580081,2016-04-24 21:00:00.000,24
1624580081,2016-04-24 22:00:00.000,100
1624580081,2016-04-24 23:00:00.000,0
1624580081,2016-04-25 00:00:00.000,0
1624580081,2016-04-25 01:00:00.000,6
1624580081,2016-04-25 02:00:00.000,0
1624580081,2016-04-25 03:00:00.000,0
1624580081,2016-04-25 04:00:00.000,0
1624580081,2016-04-25 05:00:00.000,0
1624580081,2016-04-25 06:00:00.000,0
1624580081,2016-04-25 07:00:00.000,0
1624580081,2016-04-25 08:00:00.000,221
1624580081,2016-04-25 09:00:00.000,148
1624580081,2016-04-25 10:00:00.000,2401
1624580081,2016-04-25 11:00:00.000,967
1624580081,2016-04-25 12:00:00.000,508
1624580081,2016-04-25 13:00:00.000,64
1624580081,2016-04-25 14:00:00.000,45
1624580081,2016-04-25 15:00:00.000,14
1624580081,2016-04-25 16:00:00.000,154
1624580081,2016-04-25 17:00:00.000,951
1624580081,2016-04-25 18:00:00.000,355
1624580081,2016-04-25 19:00:00.000,383
1624580081,2016-04-25 20:00:00.000,0
1624580081,2016-04-25 21:00:00.000,41
1624580081,2016-04-25 22:00:00.000,66
1624580081,2016-04-25 23:00:00.000,163
1624580081,2016-04-26 00:00:00.000,38
1624580081,2016-04-26 01:00:00.000,0
1624580081,2016-04-26 02:00:00.000,0
1624580081,2016-04-26 03:00:00.000,0
1624580081,2016-04-26 04:00:00.000,0
1624580081,2016-04-26 05:00:00.000,0
1624580081,2016-04-26 06:00:00.000,0
1624580081,2016-04-26 07:00:00.000,0
1624580081,2016-04-26 08:00:00.000,0
1624580081,2016-04-26 09:00:00.000,470
1624580081,2016-04-26 10:00:00.000,388
1624580081,2016-04-26 11:00:00.000,43
1624580081,2016-04-26 12:00:00.000,160
1624580081,2016-04-26 13:00:00.000,269
1624580081,2016-04-26 14:00:00.000,239
1624580081,2016-04-26 15:00:00.000,0
1624580081,2016-04-26 16:00:00.000,81
1624580081,2016-04-26 17:00:00.000,449
1624580081,2016-04-26 18:00:00.000,258
1624580081,2016-04-26 19:00:00.000,383
1624580081,2016-04-26 20:00:00.000,7
1624580081,2016-04-26 21:00:00.000,41
1624580081,2016-04-26 22:00:00.000,0
1624580081,2016-04-26 23:00:00.000,0
1624580081,2016-04-27 00:00:00.000,133
1624580081,2016-04-27 01:00:00.000,0
1624580081,2016-04-27 02:00:00.000,0
1624580081,2016-04-27 03:00:00.000,0
1624580081,2016-04-27 04:00:00.000,0
1624580081,2016-04-27 05:00:00.000,0
1624580081,2016-04-27 06:00:00.000,0
1624580081,2016-04-27 07:00:00.000,0
1624580081,2016-04-27 08:00:00.000,0
1624580081,2016-04-27 09:00:00.000,247
1624580081,2016-04-27 10:00:00.000,32
1624580081,2016-04-27 11:00:00.000,433
1624580081,2016-04-27 12:00:00.000,212
1624580081,2016-04-27 13:00:00.000,1239
1624580081,2016-04-27 14:00:00.000,4016
1624580081,2016-04-27 15:00:00.000,413
1624580081,2016-04-27 16:00:00.000,561
1624580081,2016-04-27 17:00:00.000,510
1624580081,2016-04-27 18:00:00.000,157
1624580081,2016-04-27 19:00:00.000,26
1624580081,2016-04-27 20:00:00.000,0
1624580081,2016-04-27 21:00:00.000,79
1624580081,2016-04-27 22:00:00.000,104
1624580081,2016-04-27 23:00:00.000,205
1624580081,2016-04-28 00:00:00.000,36
1624580081,2016-04-28 01:00:00.000,0
1624580081,2016-04-28 02:00:00.000,0
1624580081,2016-04-28 03:00:00.000,0
1624580081,2016-04-28 04:00:00.000,0
1624580081,2016-04-28 05:00:00.000,0
1624580081,2016-04-28 06:00:00.000,0
1624580081,2016-04-28 07:00:00.000,0
1624580081,2016-04-28 08:00:00.000,139
1624580081,2016-04-28 09:00:00.000,137
1624580081,2016-04-28 10:00:00.000,167
1624580081,2016-04-28 11:00:00.000,182
1624580081,2016-04-28 12:00:00.000,0
1624580081,2016-04-28 13:00:00.000,0
1624580081,2016-04-28 14:00:00.000,188
1624580081,2016-04-28 15:00:00.000,0
1624580081,2016-04-28 16:00:00.000,635
1624580081,2016-04-28 17:00:00.000,572
1624580081,2016-04-28 18:00:00.000,0
1624580081,2016-04-28 19:00:00.000,0
1624580081,2016-04-28 20:00:00.000,409
1624580081,2016-04-28 21:00:00.000,69
1624580081,2016-04-28 22:00:00.000,225
1624580081,2016-04-28 23:00:00.000,0
1624580081,2016-04-29 00:00:00.000,69
1624580081,2016-04-29 01:00:00.000,0
1624580081,2016-04-29 02:00:00.000,0
1624580081,2016-04-29 03:00:00.000,0
1624580081,2016-04-29 04:00:00.000,0
1624580081,2016-04-29 05:00:00.000,0
1624580081,2016-04-29 06:00:00.000,0
1624580081,2016-04-29 07:00:00.000,36
1624580081,2016-04-29 08:00:00.000,0
1624580081,2016-04-29 09:00:00.000,0
1624580081,2016-04-29 10:00:00.000,0
1624580081,2016-04-29 11:00:00.000,0
1624580081,2016-04-29 12:00:00.000,304
1624580081,2016-04-29 13:00:00.000,84
1624580081,2016-04-29 14:00:00.000,129
1624580081,2016-04-29 15:00:00.000,0
1624580081,2016-04-29 16:00:00.000,790
1624580081,2016-04-29 17:00:00.000,205
1624580081,2016-04-29 18:00:00.000,259
1624580081,2016-04-29 19:00:00.000,205
1624580081,2016-04-29 20:00:00.000,148
1624580081,2016-04-29 21:00:00.000,33
1624580081,2016-04-29 22:00:00.000,128
1624580081,2016-04-29 23:00:00.000,0
1624580081,2016-04-30 00:00:00.000,324
1624580081,2016-04-30 01:00:00.000,0
1624580081,2016-04-30 02:00:00.000,11
1624580081,2016-04-30 03:00:00.000,0
1624580081,2016-04-30 04:00:00.000,0
1624580081,2016-04-30 05:00:00.000,0
1624580081,2016-04-30 06:00:00.000,0
1624580081,2016-04-30 07:00:00.000,0
1624580081,2016-04-30 08:00:00.000,0
1624580081,2016-04-30 09:00:00.000,0
1624580081,2016-04-30 10:00:00.000,179
1624580081,2016-04-30 11:00:00.000,272
1624580081,2016-04-30 12:00:00.000,135
1624580081,2016-04-30 13:00:00.000,3579
1624580081,2016-04-30 14:00:00.000,307
1624580081,2016-04-30 15:00:00.000,648
1624580081,2016-04-30 16:00:00.000,57
1624580081,2016-04-30 17:00:00.000,0
1624580081,2016-04-30 18:00:00.000,381
1624580081,2016-04-30 19:00:00.000,185
1624580081,2016-04-30 20:00:00.000,66
1624580081,2016-04-30 21:00:00.000,107
1624580081,2016-04-30 22:00:00.000,145
1624580081,2016-04-30 23:00:00.000,78
1624580081,2016-01-05 00:00:00.000,6
1624580081,2016-01-05 01:00:00.000,0
1624580081,2016-01-05 02:00:00.000,0
1624580081,2016-01-05 03:00:00.000,0
1624580081,2016-01-05 04:00:00.000,207
1624580081,2016-01-05 05:00:00.000,1748
1624580081,2016-01-05 06:00:00.000,2759
1624580081,2016-01-05 07:00:00.000,7609
1624580081,2016-01-05 08:00:00.000,8520
1624580081,2016-01-05 09:00:00.000,8976
1624580081,2016-01-05 10:00:00.000,4282
1624580081,2016-01-05 11:00:00.000,176
1624580081,2016-01-05 12:00:00.000,217
1624580081,2016-01-05 13:00:00.000,41
1624580081,2016-01-05 14:00:00.000,0
1624580081,2016-01-05 15:00:00.000,0
1624580081,2016-01-05 16:00:00.000,180
1624580081,2016-01-05 17:00:00.000,46
1624580081,2016-01-05 18:00:00.000,128
1624580081,2016-01-05 19:00:00.000,125
1624580081,2016-01-05 20:00:00.000,385
1624580081,2016-01-05 21:00:00.000,289
1624580081,2016-01-05 22:00:00.000,272
1624580081,2016-01-05 23:00:00.000,53
1624580081,2016-02-05 00:00:00.000,82
1624580081,2016-02-05 01:00:00.000,0
1624580081,2016-02-05 02:00:00.000,0
1624580081,2016-02-05 03:00:00.000,0
1624580081,2016-02-05 04:00:00.000,0
1624580081,2016-02-05 05:00:00.000,0
1624580081,2016-02-05 06:00:00.000,100
1624580081,2016-02-05 07:00:00.000,0
1624580081,2016-02-05 08:00:00.000,0
1624580081,2016-02-05 09:00:00.000,0
1624580081,2016-02-05 10:00:00.000,671
1624580081,2016-02-05 11:00:00.000,1649
1624580081,2016-02-05 12:00:00.000,111
1624580081,2016-02-05 13:00:00.000,103
1624580081,2016-02-05 14:00:00.000,0
1624580081,2016-02-05 15:00:00.000,180
1624580081,2016-02-05 16:00:00.000,19
1624580081,2016-02-05 17:00:00.000,81
1624580081,2016-02-05 18:00:00.000,569
1624580081,2016-02-05 19:00:00.000,3261
1624580081,2016-02-05 20:00:00.000,50
1624580081,2016-02-05 21:00:00.000,57
1624580081,2016-02-05 22:00:00.000,150
1624580081,2016-02-05 23:00:00.000,72
1624580081,2016-03-05 00:00:00.000,0
1624580081,2016-03-05 01:00:00.000,0
1624580081,2016-03-05 02:00:00.000,0
1624580081,2016-03-05 03:00:00.000,0
1624580081,2016-03-05 04:00:00.000,0
1624580081,2016-03-05 05:00:00.000,0
1624580081,2016-03-05 06:00:00.000,66
1624580081,2016-03-05 07:00:00.000,507
1624580081,2016-03-05 08:00:00.000,0
1624580081,2016-03-05 09:00:00.000,0
1624580081,2016-03-05 10:00:00.000,0
1624580081,2016-03-05 11:00:00.000,0
1624580081,2016-03-05 12:00:00.000,130
1624580081,2016-03-05 13:00:00.000,127
1624580081,2016-03-05 14:00:00.000,128
1624580081,2016-03-05 15:00:00.000,7
1624580081,2016-03-05 16:00:00.000,0
1624580081,2016-03-05 17:00:00.000,0
1624580081,2016-03-05 18:00:00.000,585
1624580081,2016-03-05 19:00:00.000,223
1624580081,2016-03-05 20:00:00.000,0
1624580081,2016-03-05 21:00:00.000,16
1624580081,2016-03-05 22:00:00.000,155
1624580081,2016-03-05 23:00:00.000,156
1624580081,2016-04-05 00:00:00.000,0
1624580081,2016-04-05 01:00:00.000,0
1624580081,2016-04-05 02:00:00.000,15
1624580081,2016-04-05 03:00:00.000,0
1624580081,2016-04-05 04:00:00.000,0
1624580081,2016-04-05 05:00:00.000,0
1624580081,2016-04-05 06:00:00.000,45
1624580081,2016-04-05 07:00:00.000,0
1624580081,2016-04-05 08:00:00.000,0
1624580081,2016-04-05 09:00:00.000,0
1624580081,2016-04-05 10:00:00.000,181
1624580081,2016-04-05 11:00:00.000,341
1624580081,2016-04-05 12:00:00.000,34
1624580081,2016-04-05 13:00:00.000,0
1624580081,2016-04-05 14:00:00.000,0
1624580081,2016-04-05 15:00:00.000,634
1624580081,2016-04-05 16:00:00.000,132
1624580081,2016-04-05 17:00:00.000,99
1624580081,2016-04-05 18:00:00.000,218
1624580081,2016-04-05 19:00:00.000,129
1624580081,2016-04-05 20:00:00.000,106
1624580081,2016-04-05 21:00:00.000,177
1624580081,2016-04-05 22:00:00.000,4
1624580081,2016-04-05 23:00:00.000,78
1624580081,2016-05-05 00:00:00.000,0
1624580081,2016-05-05 01:00:00.000,0
1624580081,2016-05-05 02:00:00.000,0
1624580081,2016-05-05 03:00:00.000,0
1624580081,2016-05-05 04:00:00.000,0
1624580081,2016-05-05 05:00:00.000,0
1624580081,2016-05-05 06:00:00.000,116
1624580081,2016-05-05 07:00:00.000,0
1624580081,2016-05-05 08:00:00.000,0
1624580081,2016-05-05 09:00:00.000,0
1624580081,2016-05-05 10:00:00.000,0
1624580081,2016-05-05 11:00:00.000,497
1624580081,2016-05-05 12:00:00.000,97
1624580081,2016-05-05 13:00:00.000,523
1624580081,2016-05-05 14:00:00.000,340
1624580081,2016-05-05 15:00:00.000,83
1624580081,2016-05-05 16:00:00.000,48
1624580081,2016-05-05 17:00:00.000,82
1624580081,2016-05-05 18:00:00.000,52
1624580081,2016-05-05 19:00:00.000,419
1624580081,2016-05-05 20:00:00.000,9
1624580081,2016-05-05 21:00:00.000,60
1624580081,2016-05-05 22:00:00.000,76
1624580081,2016-05-05 23:00:00.000,68
1624580081,2016-06-05 00:00:00.000,151
1624580081,2016-06-05 01:00:00.000,0
1624580081,2016-06-05 02:00:00.000,174
1624580081,2016-06-05 03:00:00.000,0
1624580081,2016-06-05 04:00:00.000,0
1624580081,2016-06-05 05:00:00.000,0
1624580081,2016-06-05 06:00:00.000,0
1624580081,2016-06-05 07:00:00.000,0
1624580081,2016-06-05 08:00:00.000,0
1624580081,2016-06-05 09:00:00.000,0
1624580081,2016-06-05 10:00:00.000,0
1624580081,2016-06-05 11:00:00.000,144
1624580081,2016-06-05 12:00:00.000,60
1624580081,2016-06-05 13:00:00.000,101
1624580081,2016-06-05 14:00:00.000,4
1624580081,2016-06-05 15:00:00.000,0
1624580081,2016-06-05 16:00:00.000,0
1624580081,2016-06-05 17:00:00.000,5
1624580081,2016-06-05 18:00:00.000,152
1624580081,2016-06-05 19:00:00.000,230
1624580081,2016-06-05 20:00:00.000,223
1624580081,2016-06-05 21:00:00.000,136
1624580081,2016-06-05 22:00:00.000,136
1624580081,2016-06-05 23:00:00.000,211
1624580081,2016-07-05 00:00:00.000,121
1624580081,2016-07-05 01:00:00.000,277
1624580081,2016-07-05 02:00:00.000,171
1624580081,2016-07-05 03:00:00.000,0
1624580081,2016-07-05 04:00:00.000,0
1624580081,2016-07-05 05:00:00.000,0
1624580081,2016-07-05 06:00:00.000,0
1624580081,2016-07-05 07:00:00.000,0
1624580081,2016-07-05 08:00:00.000,0
1624580081,2016-07-05 09:00:00.000,0
1624580081,2016-07-05 10:00:00.000,0
1624580081,2016-07-05 11:00:00.000,0
1624580081,2016-07-05 12:00:00.000,199
1624580081,2016-07-05 13:00:00.000,210
1624580081,2016-07-05 14:00:00.000,262
1624580081,2016-07-05 15:00:00.000,0
1624580081,2016-07-05 16:00:00.000,0
1624580081,2016-07-05 17:00:00.000,162
1624580081,2016-07-05 18:00:00.000,417
1624580081,2016-07-05 19:00:00.000,173
1624580081,2016-07-05 20:00:00.000,50
1624580081,2016-07-05 21:00:00.000,7
1624580081,2016-07-05 22:00:00.000,19
1624580081,2016-07-05 23:00:00.000,36
1624580081,2016-08-05 00:00:00.000,0
1624580081,2016-08-05 01:00:00.000,0
1624580081,2016-08-05 02:00:00.000,473
1624580081,2016-08-05 03:00:00.000,52
1624580081,2016-08-05 04:00:00.000,0
1624580081,2016-08-05 05:00:00.000,0
1624580081,2016-08-05 06:00:00.000,0
1624580081,2016-08-05 07:00:00.000,0
1624580081,2016-08-05 08:00:00.000,0
1624580081,2016-08-05 09:00:00.000,8
1624580081,2016-08-05 10:00:00.000,144
1624580081,2016-08-05 11:00:00.000,310
1624580081,2016-08-05 12:00:00.000,22
1624580081,2016-08-05 13:00:00.000,82
1624580081,2016-08-05 14:00:00.000,333
1624580081,2016-08-05 15:00:00.000,588
1624580081,2016-08-05 16:00:00.000,74
1624580081,2016-08-05 17:00:00.000,470
1624580081,2016-08-05 18:00:00.000,110
1624580081,2016-08-05 19:00:00.000,149
1624580081,2016-08-05 20:00:00.000,230
1624580081,2016-08-05 21:00:00.000,158
1624580081,2016-08-05 22:00:00.000,0
1624580081,2016-08-05 23:00:00.000,224
1624580081,2016-09-05 00:00:00.000,0
1624580081,2016-09-05 01:00:00.000,0
1624580081,2016-09-05 02:00:00.000,36
1624580081,2016-09-05 03:00:00.000,0
1624580081,2016-09-05 04:00:00.000,0
1624580081,2016-09-05 05:00:00.000,0
1624580081,2016-09-05 06:00:00.000,0
1624580081,2016-09-05 07:00:00.000,0
1624580081,2016-09-05 08:00:00.000,0
1624580081,2016-09-05 09:00:00.000,0
1624580081,2016-09-05 10:00:00.000,0
1624580081,2016-09-05 11:00:00.000,0
1624580081,2016-09-05 12:00:00.000,307
1624580081,2016-09-05 13:00:00.000,243
1624580081,2016-09-05 14:00:00.000,309
1624580081,2016-09-05 15:00:00.000,73
1624580081,2016-09-05 16:00:00.000,243
1624580081,2016-09-05 17:00:00.000,10
1624580081,2016-09-05 18:00:00.000,100
1624580081,2016-09-05 19:00:00.000,274
1624580081,2016-09-05 20:00:00.000,0
1624580081,2016-09-05 21:00:00.000,83
1624580081,2016-09-05 22:00:00.000,43
1624580081,2016-09-05 23:00:00.000,11
1624580081,2016-10-05 00:00:00.000,111
1624580081,2016-10-05 01:00:00.000,0
1624580081,2016-10-05 02:00:00.000,0
1624580081,2016-10-05 03:00:00.000,0
1624580081,2016-10-05 04:00:00.000,0
1624580081,2016-10-05 05:00:00.000,0
1624580081,2016-10-05 06:00:00.000,0
1624580081,2016-10-05 07:00:00.000,0
1624580081,2016-10-05 08:00:00.000,0
1624580081,2016-10-05 09:00:00.000,0
1624580081,2016-10-05 10:00:00.000,0
1624580081,2016-10-05 11:00:00.000,0
1624580081,2016-10-05 12:00:00.000,19
1624580081,2016-10-05 13:00:00.000,1376
1624580081,2016-10-05 14:00:00.000,338
1624580081,2016-10-05 15:00:00.000,6
1624580081,2016-10-05 16:00:00.000,13
1624580081,2016-10-05 17:00:00.000,118
1624580081,2016-10-05 18:00:00.000,644
1624580081,2016-10-05 19:00:00.000,47
1624580081,2016-10-05 20:00:00.000,172
1624580081,2016-10-05 21:00:00.000,30
1624580081,2016-10-05 22:00:00.000,84
1624580081,2016-10-05 23:00:00.000,11
1624580081,2016-11-05 00:00:00.000,0
1624580081,2016-11-05 01:00:00.000,0
1624580081,2016-11-05 02:00:00.000,18
1624580081,2016-11-05 03:00:00.000,0
1624580081,2016-11-05 04:00:00.000,0
1624580081,2016-11-05 05:00:00.000,0
1624580081,2016-11-05 06:00:00.000,0
1624580081,2016-11-05 07:00:00.000,0
1624580081,2016-11-05 08:00:00.000,0
1624580081,2016-11-05 09:00:00.000,0
1624580081,2016-11-05 10:00:00.000,0
1624580081,2016-11-05 11:00:00.000,0
1624580081,2016-11-05 12:00:00.000,0
1624580081,2016-11-05 13:00:00.000,154
1624580081,2016-11-05 14:00:00.000,199
1624580081,2016-11-05 15:00:00.000,664
1624580081,2016-11-05 16:00:00.000,302
1624580081,2016-11-05 17:00:00.000,477
1624580081,2016-11-05 18:00:00.000,861
1624580081,2016-11-05 19:00:00.000,53
1624580081,2016-11-05 20:00:00.000,77
1624580081,2016-11-05 21:00:00.000,0
1624580081,2016-11-05 22:00:00.000,251
1624580081,2016-11-05 23:00:00.000,78
1624580081,2016-12-05 00:00:00.000,24
1624580081,2016-12-05 01:00:00.000,60
1624580081,2016-12-05 02:00:00.000,121
1624580081,2016-12-05 03:00:00.000,0
1624580081,2016-12-05 04:00:00.000,6
1624580081,2016-12-05 05:00:00.000,0
1624580081,2016-12-05 06:00:00.000,0
1624580081,2016-12-05 07:00:00.000,0
1624580081,2016-12-05 08:00:00.000,0
1624580081,2016-12-05 09:00:00.000,0
1624580081,2016-12-05 10:00:00.000,97
1624580081,2016-12-05 11:00:00.000,0
1624580081,2016-12-05 12:00:00.000,215
1624580081,2016-12-05 13:00:00.000,300
1624580081,2016-12-05 14:00:00.000,1795
1624580081,2016-12-05 15:00:00.000,121
1644430081,2016-12-04 00:00:00.000,45
1644430081,2016-12-04 01:00:00.000,8
1644430081,2016-12-04 02:00:00.000,0
1644430081,2016-12-04 03:00:00.000,0
1644430081,2016-12-04 04:00:00.000,0
1644430081,2016-12-04 05:00:00.000,0
1644430081,2016-12-04 06:00:00.000,0
1644430081,2016-12-04 07:00:00.000,0
1644430081,2016-12-04 08:00:00.000,451
1644430081,2016-12-04 09:00:00.000,318
1644430081,2016-12-04 10:00:00.000,288
1644430081,2016-12-04 11:00:00.000,107
1644430081,2016-12-04 12:00:00.000,68
1644430081,2016-12-04 13:00:00.000,5
1644430081,2016-12-04 14:00:00.000,539
1644430081,2016-12-04 15:00:00.000,79
1644430081,2016-12-04 16:00:00.000,156
1644430081,2016-12-04 17:00:00.000,205
1644430081,2016-12-04 18:00:00.000,1676
1644430081,2016-12-04 19:00:00.000,1669
1644430081,2016-12-04 20:00:00.000,1467
1644430081,2016-12-04 21:00:00.000,2076
1644430081,2016-12-04 22:00:00.000,1527
1644430081,2016-12-04 23:00:00.000,10
1644430081,2016-04-13 00:00:00.000,0
1644430081,2016-04-13 01:00:00.000,0
1644430081,2016-04-13 02:00:00.000,0
1644430081,2016-04-13 03:00:00.000,0
1644430081,2016-04-13 04:00:00.000,0
1644430081,2016-04-13 05:00:00.000,0
1644430081,2016-04-13 06:00:00.000,0
1644430081,2016-04-13 07:00:00.000,0
1644430081,2016-04-13 08:00:00.000,488
1644430081,2016-04-13 09:00:00.000,255
1644430081,2016-04-13 10:00:00.000,11
1644430081,2016-04-13 11:00:00.000,217
1644430081,2016-04-13 12:00:00.000,501
1644430081,2016-04-13 13:00:00.000,88
1644430081,2016-04-13 14:00:00.000,72
1644430081,2016-04-13 15:00:00.000,20
1644430081,2016-04-13 16:00:00.000,170
1644430081,2016-04-13 17:00:00.000,418
1644430081,2016-04-13 18:00:00.000,602
1644430081,2016-04-13 19:00:00.000,4660
1644430081,2016-04-13 20:00:00.000,499
1644430081,2016-04-13 21:00:00.000,0
1644430081,2016-04-13 22:00:00.000,0
1644430081,2016-04-13 23:00:00.000,0
1644430081,2016-04-14 00:00:00.000,0
1644430081,2016-04-14 01:00:00.000,0
1644430081,2016-04-14 02:00:00.000,0
1644430081,2016-04-14 03:00:00.000,0
1644430081,2016-04-14 04:00:00.000,0
1644430081,2016-04-14 05:00:00.000,0
1644430081,2016-04-14 06:00:00.000,0
1644430081,2016-04-14 07:00:00.000,0
1644430081,2016-04-14 08:00:00.000,466
1644430081,2016-04-14 09:00:00.000,18
1644430081,2016-04-14 10:00:00.000,25
1644430081,2016-04-14 11:00:00.000,525
1644430081,2016-04-14 12:00:00.000,101
1644430081,2016-04-14 13:00:00.000,465
1644430081,2016-04-14 14:00:00.000,73
1644430081,2016-04-14 15:00:00.000,173
1644430081,2016-04-14 16:00:00.000,174
1644430081,2016-04-14 17:00:00.000,392
1644430081,2016-04-14 18:00:00.000,1108
1644430081,2016-04-14 19:00:00.000,2162
1644430081,2016-04-14 20:00:00.000,1723
1644430081,2016-04-14 21:00:00.000,1686
1644430081,2016-04-14 22:00:00.000,1937
1644430081,2016-04-14 23:00:00.000,9
1644430081,2016-04-15 00:00:00.000,0
1644430081,2016-04-15 01:00:00.000,0
1644430081,2016-04-15 02:00:00.000,0
1644430081,2016-04-15 03:00:00.000,0
1644430081,2016-04-15 04:00:00.000,0
1644430081,2016-04-15 05:00:00.000,0
1644430081,2016-04-15 06:00:00.000,0
1644430081,2016-04-15 07:00:00.000,586
1644430081,2016-04-15 08:00:00.000,89
1644430081,2016-04-15 09:00:00.000,9
1644430081,2016-04-15 10:00:00.000,5
1644430081,2016-04-15 11:00:00.000,352
1644430081,2016-04-15 12:00:00.000,210
1644430081,2016-04-15 13:00:00.000,94
1644430081,2016-04-15 14:00:00.000,458
1644430081,2016-04-15 15:00:00.000,32
1644430081,2016-04-15 16:00:00.000,512
1644430081,2016-04-15 17:00:00.000,129
1644430081,2016-04-15 18:00:00.000,655
1644430081,2016-04-15 19:00:00.000,449
1644430081,2016-04-15 20:00:00.000,1337
1644430081,2016-04-15 21:00:00.000,11
1644430081,2016-04-15 22:00:00.000,31
1644430081,2016-04-15 23:00:00.000,304
1644430081,2016-04-16 00:00:00.000,0
1644430081,2016-04-16 01:00:00.000,0
1644430081,2016-04-16 02:00:00.000,0
1644430081,2016-04-16 03:00:00.000,0
1644430081,2016-04-16 04:00:00.000,0
1644430081,2016-04-16 05:00:00.000,0
1644430081,2016-04-16 06:00:00.000,0
1644430081,2016-04-16 07:00:00.000,0
1644430081,2016-04-16 08:00:00.000,0
1644430081,2016-04-16 09:00:00.000,0
1644430081,2016-04-16 10:00:00.000,0
1644430081,2016-04-16 11:00:00.000,783
1644430081,2016-04-16 12:00:00.000,1959
1644430081,2016-04-16 13:00:00.000,1814
1644430081,2016-04-16 14:00:00.000,879
1644430081,2016-04-16 15:00:00.000,1229
1644430081,2016-04-16 16:00:00.000,3434
1644430081,2016-04-16 17:00:00.000,1163
1644430081,2016-04-16 18:00:00.000,562
1644430081,2016-04-16 19:00:00.000,62
1644430081,2016-04-16 20:00:00.000,679
1644430081,2016-04-16 21:00:00.000,1100
1644430081,2016-04-16 22:00:00.000,1400
1644430081,2016-04-16 23:00:00.000,159
1644430081,2016-04-17 00:00:00.000,836
1644430081,2016-04-17 01:00:00.000,561
1644430081,2016-04-17 02:00:00.000,0
1644430081,2016-04-17 03:00:00.000,0
1644430081,2016-04-17 04:00:00.000,0
1644430081,2016-04-17 05:00:00.000,0
1644430081,2016-04-17 06:00:00.000,0
1644430081,2016-04-17 07:00:00.000,0
1644430081,2016-04-17 08:00:00.000,0
1644430081,2016-04-17 09:00:00.000,0
1644430081,2016-04-17 10:00:00.000,0
1644430081,2016-04-17 11:00:00.000,0
1644430081,2016-04-17 12:00:00.000,608
1644430081,2016-04-17 13:00:00.000,979
1644430081,2016-04-17 14:00:00.000,3195
1644430081,2016-04-17 15:00:00.000,278
1644430081,2016-04-17 16:00:00.000,44
1644430081,2016-04-17 17:00:00.000,149
1644430081,2016-04-17 18:00:00.000,189
1644430081,2016-04-17 19:00:00.000,327
1644430081,2016-04-17 20:00:00.000,629
1644430081,2016-04-17 21:00:00.000,394
1644430081,2016-04-17 22:00:00.000,319
1644430081,2016-04-17 23:00:00.000,249
1644430081,2016-04-18 00:00:00.000,152
1644430081,2016-04-18 01:00:00.000,0
1644430081,2016-04-18 02:00:00.000,0
1644430081,2016-04-18 03:00:00.000,0
1644430081,2016-04-18 04:00:00.000,0
1644430081,2016-04-18 05:00:00.000,0
1644430081,2016-04-18 06:00:00.000,0
1644430081,2016-04-18 07:00:00.000,16
1644430081,2016-04-18 08:00:00.000,596
1644430081,2016-04-18 09:00:00.000,160
1644430081,2016-04-18 10:00:00.000,18
1644430081,2016-04-18 11:00:00.000,11
1644430081,2016-04-18 12:00:00.000,219
1644430081,2016-04-18 13:00:00.000,679
1644430081,2016-04-18 14:00:00.000,105
1644430081,2016-04-18 15:00:00.000,153
1644430081,2016-04-18 16:00:00.000,31
1644430081,2016-04-18 17:00:00.000,470
1644430081,2016-04-18 18:00:00.000,498
1644430081,2016-04-18 19:00:00.000,3815
1644430081,2016-04-18 20:00:00.000,209
1644430081,2016-04-18 21:00:00.000,0
1644430081,2016-04-18 22:00:00.000,0
1644430081,2016-04-18 23:00:00.000,0
1644430081,2016-04-19 00:00:00.000,0
1644430081,2016-04-19 01:00:00.000,0
1644430081,2016-04-19 02:00:00.000,0
1644430081,2016-04-19 03:00:00.000,0
1644430081,2016-04-19 04:00:00.000,0
1644430081,2016-04-19 05:00:00.000,0
1644430081,2016-04-19 06:00:00.000,0
1644430081,2016-04-19 07:00:00.000,0
1644430081,2016-04-19 08:00:00.000,524
1644430081,2016-04-19 09:00:00.000,127
1644430081,2016-04-19 10:00:00.000,228
1644430081,2016-04-19 11:00:00.000,85
1644430081,2016-04-19 12:00:00.000,323
1644430081,2016-04-19 13:00:00.000,97
1644430081,2016-04-19 14:00:00.000,610
1644430081,2016-04-19 15:00:00.000,96
1644430081,2016-04-19 16:00:00.000,66
1644430081,2016-04-19 17:00:00.000,274
1644430081,2016-04-19 18:00:00.000,1470
1644430081,2016-04-19 19:00:00.000,2402
1644430081,2016-04-19 20:00:00.000,1296
1644430081,2016-04-19 21:00:00.000,1949
1644430081,2016-04-19 22:00:00.000,1521
1644430081,2016-04-19 23:00:00.000,163
1644430081,2016-04-20 00:00:00.000,5
1644430081,2016-04-20 01:00:00.000,4
1644430081,2016-04-20 02:00:00.000,3
1644430081,2016-04-20 03:00:00.000,2
1644430081,2016-04-20 04:00:00.000,3
1644430081,2016-04-20 05:00:00.000,3
1644430081,2016-04-20 06:00:00.000,2
1644430081,2016-04-20 07:00:00.000,3
1644430081,2016-04-20 08:00:00.000,350
1644430081,2016-04-20 09:00:00.000,94
1644430081,2016-04-20 10:00:00.000,200
1644430081,2016-04-20 11:00:00.000,51
1644430081,2016-04-20 12:00:00.000,6
1644430081,2016-04-20 13:00:00.000,369
1644430081,2016-04-20 14:00:00.000,361
1644430081,2016-04-20 15:00:00.000,247
1644430081,2016-04-20 16:00:00.000,5
1644430081,2016-04-20 17:00:00.000,36
1644430081,2016-04-20 18:00:00.000,11
1644430081,2016-04-20 19:00:00.000,39
1644430081,2016-04-20 20:00:00.000,16
1644430081,2016-04-20 21:00:00.000,483
1644430081,2016-04-20 22:00:00.000,134
1644430081,2016-04-20 23:00:00.000,9
1644430081,2016-04-21 00:00:00.000,0
1644430081,2016-04-21 01:00:00.000,0
1644430081,2016-04-21 02:00:00.000,0
1644430081,2016-04-21 03:00:00.000,0
1644430081,2016-04-21 04:00:00.000,0
1644430081,2016-04-21 05:00:00.000,0
1644430081,2016-04-21 06:00:00.000,0
1644430081,2016-04-21 07:00:00.000,0
1644430081,2016-04-21 08:00:00.000,0
1644430081,2016-04-21 09:00:00.000,0
1644430081,2016-04-21 10:00:00.000,16
1644430081,2016-04-21 11:00:00.000,44
1644430081,2016-04-21 12:00:00.000,0
1644430081,2016-04-21 13:00:00.000,0
1644430081,2016-04-21 14:00:00.000,35
1644430081,2016-04-21 15:00:00.000,0
1644430081,2016-04-21 16:00:00.000,506
1644430081,2016-04-21 17:00:00.000,0
1644430081,2016-04-21 18:00:00.000,0
1644430081,2016-04-21 19:00:00.000,120
1644430081,2016-04-21 20:00:00.000,320
1644430081,2016-04-21 21:00:00.000,161
1644430081,2016-04-21 22:00:00.000,0
1644430081,2016-04-21 23:00:00.000,21
1644430081,2016-04-22 00:00:00.000,0
1644430081,2016-04-22 01:00:00.000,0
1644430081,2016-04-22 02:00:00.000,329
1644430081,2016-04-22 03:00:00.000,0
1644430081,2016-04-22 04:00:00.000,59
1644430081,2016-04-22 05:00:00.000,0
1644430081,2016-04-22 06:00:00.000,0
1644430081,2016-04-22 07:00:00.000,0
1644430081,2016-04-22 08:00:00.000,0
1644430081,2016-04-22 09:00:00.000,0
1644430081,2016-04-22 10:00:00.000,0
1644430081,2016-04-22 11:00:00.000,0
1644430081,2016-04-22 12:00:00.000,556
1644430081,2016-04-22 13:00:00.000,720
1644430081,2016-04-22 14:00:00.000,756
1644430081,2016-04-22 15:00:00.000,11
1644430081,2016-04-22 16:00:00.000,263
1644430081,2016-04-22 17:00:00.000,0
1644430081,2016-04-22 18:00:00.000,0
1644430081,2016-04-22 19:00:00.000,23
1644430081,2016-04-22 20:00:00.000,819
1644430081,2016-04-22 21:00:00.000,137
1644430081,2016-04-22 22:00:00.000,0
1644430081,2016-04-22 23:00:00.000,0
1644430081,2016-04-23 00:00:00.000,0
1644430081,2016-04-23 01:00:00.000,24
1644430081,2016-04-23 02:00:00.000,23
1644430081,2016-04-23 03:00:00.000,0
1644430081,2016-04-23 04:00:00.000,0
1644430081,2016-04-23 05:00:00.000,0
1644430081,2016-04-23 06:00:00.000,0
1644430081,2016-04-23 07:00:00.000,0
1644430081,2016-04-23 08:00:00.000,8
1644430081,2016-04-23 09:00:00.000,0
1644430081,2016-04-23 10:00:00.000,0
1644430081,2016-04-23 11:00:00.000,0
1644430081,2016-04-23 12:00:00.000,0
1644430081,2016-04-23 13:00:00.000,0
1644430081,2016-04-23 14:00:00.000,0
1644430081,2016-04-23 15:00:00.000,0
1644430081,2016-04-23 16:00:00.000,170
1644430081,2016-04-23 17:00:00.000,727
1644430081,2016-04-23 18:00:00.000,1451
1644430081,2016-04-23 19:00:00.000,1984
1644430081,2016-04-23 20:00:00.000,2098
1644430081,2016-04-23 21:00:00.000,144
1644430081,2016-04-23 22:00:00.000,0
1644430081,2016-04-23 23:00:00.000,8
1644430081,2016-04-24 00:00:00.000,16
1644430081,2016-04-24 01:00:00.000,16
1644430081,2016-04-24 02:00:00.000,12
1644430081,2016-04-24 03:00:00.000,0
1644430081,2016-04-24 04:00:00.000,0
1644430081,2016-04-24 05:00:00.000,0
1644430081,2016-04-24 06:00:00.000,0
1644430081,2016-04-24 07:00:00.000,0
1644430081,2016-04-24 08:00:00.000,0
1644430081,2016-04-24 09:00:00.000,0
1644430081,2016-04-24 10:00:00.000,0
1644430081,2016-04-24 11:00:00.000,0
1644430081,2016-04-24 12:00:00.000,176
1644430081,2016-04-24 13:00:00.000,844
1644430081,2016-04-24 14:00:00.000,871
1644430081,2016-04-24 15:00:00.000,368
1644430081,2016-04-24 16:00:00.000,6
1644430081,2016-04-24 17:00:00.000,288
1644430081,2016-04-24 18:00:00.000,45
1644430081,2016-04-24 19:00:00.000,336
1644430081,2016-04-24 20:00:00.000,313
1644430081,2016-04-24 21:00:00.000,0
1644430081,2016-04-24 22:00:00.000,22
1644430081,2016-04-24 23:00:00.000,8
1644430081,2016-04-25 00:00:00.000,0
1644430081,2016-04-25 01:00:00.000,0
1644430081,2016-04-25 02:00:00.000,0
1644430081,2016-04-25 03:00:00.000,0
1644430081,2016-04-25 04:00:00.000,0
1644430081,2016-04-25 05:00:00.000,0
1644430081,2016-04-25 06:00:00.000,0
1644430081,2016-04-25 07:00:00.000,0
1644430081,2016-04-25 08:00:00.000,541
1644430081,2016-04-25 09:00:00.000,7
1644430081,2016-04-25 10:00:00.000,981
1644430081,2016-04-25 11:00:00.000,247
1644430081,2016-04-25 12:00:00.000,24
1644430081,2016-04-25 13:00:00.000,343
1644430081,2016-04-25 14:00:00.000,0
1644430081,2016-04-25 15:00:00.000,14
1644430081,2016-04-25 16:00:00.000,39
1644430081,2016-04-25 17:00:00.000,421
1644430081,2016-04-25 18:00:00.000,283
1644430081,2016-04-25 19:00:00.000,583
1644430081,2016-04-25 20:00:00.000,0
1644430081,2016-04-25 21:00:00.000,0
1644430081,2016-04-25 22:00:00.000,0
1644430081,2016-04-25 23:00:00.000,97
1644430081,2016-04-26 00:00:00.000,8
1644430081,2016-04-26 01:00:00.000,0
1644430081,2016-04-26 02:00:00.000,0
1644430081,2016-04-26 03:00:00.000,0
1644430081,2016-04-26 04:00:00.000,0
1644430081,2016-04-26 05:00:00.000,0
1644430081,2016-04-26 06:00:00.000,0
1644430081,2016-04-26 07:00:00.000,0
1644430081,2016-04-26 08:00:00.000,478
1644430081,2016-04-26 09:00:00.000,368
1644430081,2016-04-26 10:00:00.000,18
1644430081,2016-04-26 11:00:00.000,73
1644430081,2016-04-26 12:00:00.000,32
1644430081,2016-04-26 13:00:00.000,389
1644430081,2016-04-26 14:00:00.000,204
1644430081,2016-04-26 15:00:00.000,239
1644430081,2016-04-26 16:00:00.000,160
1644430081,2016-04-26 17:00:00.000,181
1644430081,2016-04-26 18:00:00.000,1565
1644430081,2016-04-26 19:00:00.000,1123
1644430081,2016-04-26 20:00:00.000,802
1644430081,2016-04-26 21:00:00.000,2810
1644430081,2016-04-26 22:00:00.000,1431
1644430081,2016-04-26 23:00:00.000,38
1644430081,2016-04-27 00:00:00.000,0
1644430081,2016-04-27 01:00:00.000,0
1644430081,2016-04-27 02:00:00.000,0
1644430081,2016-04-27 03:00:00.000,0
1644430081,2016-04-27 04:00:00.000,0
1644430081,2016-04-27 05:00:00.000,0
1644430081,2016-04-27 06:00:00.000,0
1644430081,2016-04-27 07:00:00.000,0
1644430081,2016-04-27 08:00:00.000,472
1644430081,2016-04-27 09:00:00.000,48
1644430081,2016-04-27 10:00:00.000,73
1644430081,2016-04-27 11:00:00.000,148
1644430081,2016-04-27 12:00:00.000,78
1644430081,2016-04-27 13:00:00.000,448
1644430081,2016-04-27 14:00:00.000,138
1644430081,2016-04-27 15:00:00.000,298
1644430081,2016-04-27 16:00:00.000,60
1644430081,2016-04-27 17:00:00.000,553
1644430081,2016-04-27 18:00:00.000,357
1644430081,2016-04-27 19:00:00.000,314
1644430081,2016-04-27 20:00:00.000,45
1644430081,2016-04-27 21:00:00.000,0
1644430081,2016-04-27 22:00:00.000,0
1644430081,2016-04-27 23:00:00.000,0
1644430081,2016-04-28 00:00:00.000,0
1644430081,2016-04-28 01:00:00.000,0
1644430081,2016-04-28 02:00:00.000,0
1644430081,2016-04-28 03:00:00.000,0
1644430081,2016-04-28 04:00:00.000,0
1644430081,2016-04-28 05:00:00.000,0
1644430081,2016-04-28 06:00:00.000,0
1644430081,2016-04-28 07:00:00.000,0
1644430081,2016-04-28 08:00:00.000,378
1644430081,2016-04-28 09:00:00.000,111
1644430081,2016-04-28 10:00:00.000,194
1644430081,2016-04-28 11:00:00.000,53
1644430081,2016-04-28 12:00:00.000,27
1644430081,2016-04-28 13:00:00.000,164
1644430081,2016-04-28 14:00:00.000,30
1644430081,2016-04-28 15:00:00.000,243
1644430081,2016-04-28 16:00:00.000,117
1644430081,2016-04-28 17:00:00.000,513
1644430081,2016-04-28 18:00:00.000,1356
1644430081,2016-04-28 19:00:00.000,2035
1644430081,2016-04-28 20:00:00.000,1236
1644430081,2016-04-28 21:00:00.000,1833
1644430081,2016-04-28 22:00:00.000,1115
1644430081,2016-04-28 23:00:00.000,0
1644430081,2016-04-29 00:00:00.000,0
1644430081,2016-04-29 01:00:00.000,0
1644430081,2016-04-29 02:00:00.000,0
1644430081,2016-04-29 03:00:00.000,0
1644430081,2016-04-29 04:00:00.000,0
1644430081,2016-04-29 05:00:00.000,0
1644430081,2016-04-29 06:00:00.000,0
1644430081,2016-04-29 07:00:00.000,366
1644430081,2016-04-29 08:00:00.000,36
1644430081,2016-04-29 09:00:00.000,24
1644430081,2016-04-29 10:00:00.000,336
1644430081,2016-04-29 11:00:00.000,338
1644430081,2016-04-29 12:00:00.000,11
1644430081,2016-04-29 13:00:00.000,363
1644430081,2016-04-29 14:00:00.000,469
1644430081,2016-04-29 15:00:00.000,290
1644430081,2016-04-29 16:00:00.000,76
1644430081,2016-04-29 17:00:00.000,755
1644430081,2016-04-29 18:00:00.000,59
1644430081,2016-04-29 19:00:00.000,0
1644430081,2016-04-29 20:00:00.000,0
1644430081,2016-04-29 21:00:00.000,53
1644430081,2016-04-29 22:00:00.000,0
1644430081,2016-04-29 23:00:00.000,0
1644430081,2016-04-30 00:00:00.000,0
1644430081,2016-04-30 01:00:00.000,0
1644430081,2016-04-30 02:00:00.000,0
1644430081,2016-04-30 03:00:00.000,0
1644430081,2016-04-30 04:00:00.000,0
1644430081,2016-04-30 05:00:00.000,0
1644430081,2016-04-30 06:00:00.000,0
1644430081,2016-04-30 07:00:00.000,1306
1644430081,2016-04-30 08:00:00.000,1116
1644430081,2016-04-30 09:00:00.000,687
1644430081,2016-04-30 10:00:00.000,506
1644430081,2016-04-30 11:00:00.000,1522
1644430081,2016-04-30 12:00:00.000,954
1644430081,2016-04-30 13:00:00.000,783
1644430081,2016-04-30 14:00:00.000,469
1644430081,2016-04-30 15:00:00.000,51
1644430081,2016-04-30 16:00:00.000,0
1644430081,2016-04-30 17:00:00.000,694
1644430081,2016-04-30 18:00:00.000,2743
1644430081,2016-04-30 19:00:00.000,2275
1644430081,2016-04-30 20:00:00.000,1363
1644430081,2016-04-30 21:00:00.000,2543
1644430081,2016-04-30 22:00:00.000,1201
1644430081,2016-04-30 23:00:00.000,0
1644430081,2016-01-05 00:00:00.000,0
1644430081,2016-01-05 01:00:00.000,0
1644430081,2016-01-05 02:00:00.000,0
1644430081,2016-01-05 03:00:00.000,0
1644430081,2016-01-05 04:00:00.000,0
1644430081,2016-01-05 05:00:00.000,0
1644430081,2016-01-05 06:00:00.000,0
1644430081,2016-01-05 07:00:00.000,0
1644430081,2016-01-05 08:00:00.000,0
1644430081,2016-01-05 09:00:00.000,0
1644430081,2016-01-05 10:00:00.000,0
1644430081,2016-01-05 11:00:00.000,0
1644430081,2016-01-05 12:00:00.000,375
1644430081,2016-01-05 13:00:00.000,315
1644430081,2016-01-05 14:00:00.000,1234
1644430081,2016-01-05 15:00:00.000,162
1644430081,2016-01-05 16:00:00.000,1090
1644430081,2016-01-05 17:00:00.000,655
1644430081,2016-01-05 18:00:00.000,1013
1644430081,2016-01-05 19:00:00.000,920
1644430081,2016-01-05 20:00:00.000,368
1644430081,2016-01-05 21:00:00.000,0
1644430081,2016-01-05 22:00:00.000,0
1644430081,2016-01-05 23:00:00.000,0
1644430081,2016-02-05 00:00:00.000,0
1644430081,2016-02-05 01:00:00.000,0
1644430081,2016-02-05 02:00:00.000,0
1644430081,2016-02-05 03:00:00.000,0
1644430081,2016-02-05 04:00:00.000,0
1644430081,2016-02-05 05:00:00.000,0
1644430081,2016-02-05 06:00:00.000,0
1644430081,2016-02-05 07:00:00.000,0
1644430081,2016-02-05 08:00:00.000,0
1644430081,2016-02-05 09:00:00.000,0
1644430081,2016-02-05 10:00:00.000,0
1644430081,2016-02-05 11:00:00.000,404
1644430081,2016-02-05 12:00:00.000,173
1644430081,2016-02-05 13:00:00.000,21
1644430081,2016-02-05 14:00:00.000,239
1644430081,2016-02-05 15:00:00.000,95
1644430081,2016-02-05 16:00:00.000,206
1644430081,2016-02-05 17:00:00.000,794
1644430081,2016-02-05 18:00:00.000,685
1644430081,2016-02-05 19:00:00.000,803
1644430081,2016-02-05 20:00:00.000,308
1644430081,2016-02-05 21:00:00.000,0
1644430081,2016-02-05 22:00:00.000,0
1644430081,2016-02-05 23:00:00.000,0
1644430081,2016-03-05 00:00:00.000,7
1644430081,2016-03-05 01:00:00.000,0
1644430081,2016-03-05 02:00:00.000,0
1644430081,2016-03-05 03:00:00.000,0
1644430081,2016-03-05 04:00:00.000,0
1644430081,2016-03-05 05:00:00.000,0
1644430081,2016-03-05 06:00:00.000,0
1644430081,2016-03-05 07:00:00.000,0
1644430081,2016-03-05 08:00:00.000,373
1644430081,2016-03-05 09:00:00.000,189
1644430081,2016-03-05 10:00:00.000,466
1644430081,2016-03-05 11:00:00.000,73
1644430081,2016-03-05 12:00:00.000,20
1644430081,2016-03-05 13:00:00.000,431
1644430081,2016-03-05 14:00:00.000,40
1644430081,2016-03-05 15:00:00.000,35
1644430081,2016-03-05 16:00:00.000,69
1644430081,2016-03-05 17:00:00.000,376
1644430081,2016-03-05 18:00:00.000,1298
1644430081,2016-03-05 19:00:00.000,2095
1644430081,2016-03-05 20:00:00.000,2674
1644430081,2016-03-05 21:00:00.000,2700
1644430081,2016-03-05 22:00:00.000,1925
1644430081,2016-03-05 23:00:00.000,18
1644430081,2016-04-05 00:00:00.000,20
1644430081,2016-04-05 01:00:00.000,0
1644430081,2016-04-05 02:00:00.000,0
1644430081,2016-04-05 03:00:00.000,0
1644430081,2016-04-05 04:00:00.000,0
1644430081,2016-04-05 05:00:00.000,0
1644430081,2016-04-05 06:00:00.000,0
1644430081,2016-04-05 07:00:00.000,0
1644430081,2016-04-05 08:00:00.000,518
1644430081,2016-04-05 09:00:00.000,0
1644430081,2016-04-05 10:00:00.000,0
1644430081,2016-04-05 11:00:00.000,0
1644430081,2016-04-05 12:00:00.000,127
1644430081,2016-04-05 13:00:00.000,206
1644430081,2016-04-05 14:00:00.000,0
1644430081,2016-04-05 15:00:00.000,652
1644430081,2016-04-05 16:00:00.000,0
1644430081,2016-04-05 17:00:00.000,0
1644430081,2016-04-05 18:00:00.000,708
1644430081,2016-04-05 19:00:00.000,0
1644430081,2016-04-05 20:00:00.000,52
1644430081,2016-04-05 21:00:00.000,17
1644430081,2016-04-05 22:00:00.000,9
1644430081,2016-04-05 23:00:00.000,0
1644430081,2016-05-05 00:00:00.000,0
1644430081,2016-05-05 01:00:00.000,0
1644430081,2016-05-05 02:00:00.000,0
1644430081,2016-05-05 03:00:00.000,0
1644430081,2016-05-05 04:00:00.000,0
1644430081,2016-05-05 05:00:00.000,0
1644430081,2016-05-05 06:00:00.000,0
1644430081,2016-05-05 07:00:00.000,0
1644430081,2016-05-05 08:00:00.000,475
1644430081,2016-05-05 09:00:00.000,0
1644430081,2016-05-05 10:00:00.000,0
1644430081,2016-05-05 11:00:00.000,0
1644430081,2016-05-05 12:00:00.000,308
1644430081,2016-05-05 13:00:00.000,15
1644430081,2016-05-05 14:00:00.000,0
1644430081,2016-05-05 15:00:00.000,0
1644430081,2016-05-05 16:00:00.000,0
1644430081,2016-05-05 17:00:00.000,631
1644430081,2016-05-05 18:00:00.000,325
1644430081,2016-05-05 19:00:00.000,832
1644430081,2016-05-05 20:00:00.000,190
1644430081,2016-05-05 21:00:00.000,162
1644430081,2016-05-05 22:00:00.000,50
1644430081,2016-05-05 23:00:00.000,1375
1644430081,2016-06-05 00:00:00.000,974
1644430081,2016-06-05 01:00:00.000,226
1644430081,2016-06-05 02:00:00.000,116
1644430081,2016-06-05 03:00:00.000,227
1644430081,2016-06-05 04:00:00.000,4
1644430081,2016-06-05 05:00:00.000,4
1644430081,2016-06-05 06:00:00.000,4
1644430081,2016-06-05 07:00:00.000,4
1644430081,2016-06-05 08:00:00.000,342
1644430081,2016-06-05 09:00:00.000,926
1644430081,2016-06-05 10:00:00.000,126
1644430081,2016-06-05 11:00:00.000,26
1644430081,2016-06-05 12:00:00.000,1588
1644430081,2016-06-05 13:00:00.000,1187
1644430081,2016-06-05 14:00:00.000,408
1644430081,2016-06-05 15:00:00.000,1780
1644430081,2016-06-05 16:00:00.000,136
1644430081,2016-06-05 17:00:00.000,176
1644430081,2016-06-05 18:00:00.000,123
1644430081,2016-06-05 19:00:00.000,253
1644430081,2016-06-05 20:00:00.000,187
1644430081,2016-06-05 21:00:00.000,785
1644430081,2016-06-05 22:00:00.000,63
1644430081,2016-06-05 23:00:00.000,93
1644430081,2016-07-05 00:00:00.000,148
1644430081,2016-07-05 01:00:00.000,0
1644430081,2016-07-05 02:00:00.000,0
1644430081,2016-07-05 03:00:00.000,0
1644430081,2016-07-05 04:00:00.000,0
1644430081,2016-07-05 05:00:00.000,0
1644430081,2016-07-05 06:00:00.000,0
1644430081,2016-07-05 07:00:00.000,0
1644430081,2016-07-05 08:00:00.000,512
1644430081,2016-07-05 09:00:00.000,97
1644430081,2016-07-05 10:00:00.000,85
1644430081,2016-07-05 11:00:00.000,1922
1644430081,2016-07-05 12:00:00.000,1695
1644430081,2016-07-05 13:00:00.000,1936
1644430081,2016-07-05 14:00:00.000,1599
1644430081,2016-07-05 15:00:00.000,773
1644430081,2016-07-05 16:00:00.000,1481
1644430081,2016-07-05 17:00:00.000,1626
1644430081,2016-07-05 18:00:00.000,14
1644430081,2016-07-05 19:00:00.000,303
1644430081,2016-07-05 20:00:00.000,331
1644430081,2016-07-05 21:00:00.000,429
1644430081,2016-07-05 22:00:00.000,202
1644430081,2016-07-05 23:00:00.000,219
1644430081,2016-08-05 00:00:00.000,137
1644430081,2016-08-05 01:00:00.000,298
1644430081,2016-08-05 02:00:00.000,798
1644430081,2016-08-05 03:00:00.000,7
1644430081,2016-08-05 04:00:00.000,7
1644430081,2016-08-05 05:00:00.000,7
1644430081,2016-08-05 06:00:00.000,7
1644430081,2016-08-05 07:00:00.000,7
1644430081,2016-08-05 08:00:00.000,7
1644430081,2016-08-05 09:00:00.000,587
1644430081,2016-08-05 10:00:00.000,867
1644430081,2016-08-05 11:00:00.000,609
1644430081,2016-08-05 12:00:00.000,256
1644430081,2016-08-05 13:00:00.000,380
1644430081,2016-08-05 14:00:00.000,354
1644430081,2016-08-05 15:00:00.000,302
1644430081,2016-08-05 16:00:00.000,493
1644430081,2016-08-05 17:00:00.000,769
1644430081,2016-08-05 18:00:00.000,37
1644430081,2016-08-05 19:00:00.000,8
1644430081,2016-08-05 20:00:00.000,15
1644430081,2016-08-05 21:00:00.000,460
1644430081,2016-08-05 22:00:00.000,270
1644430081,2016-08-05 23:00:00.000,42
1644430081,2016-09-05 00:00:00.000,2
1644430081,2016-09-05 01:00:00.000,1
1644430081,2016-09-05 02:00:00.000,1
1644430081,2016-09-05 03:00:00.000,1
1644430081,2016-09-05 04:00:00.000,1
1644430081,2016-09-05 05:00:00.000,1
1644430081,2016-09-05 06:00:00.000,1
1644430081,2016-09-05 07:00:00.000,1
1644430081,2016-09-05 08:00:00.000,611
1644430081,2016-09-05 09:00:00.000,15
1644430081,2016-09-05 10:00:00.000,14
1644430081,2016-09-05 11:00:00.000,97
1644430081,2016-09-05 12:00:00.000,163
1644430081,2016-09-05 13:00:00.000,218
1644430081,2016-09-05 14:00:00.000,19
1644430081,2016-09-05 15:00:00.000,18
1644430081,2016-09-05 16:00:00.000,19
1644430081,2016-09-05 17:00:00.000,19
1644430081,2016-09-05 18:00:00.000,710
1644430081,2016-09-05 19:00:00.000,4084
1644430081,2016-09-05 20:00:00.000,549
1644430081,2016-09-05 21:00:00.000,48
1644430081,2016-09-05 22:00:00.000,0
1644430081,2016-09-05 23:00:00.000,50
1644430081,2016-10-05 00:00:00.000,27
1644430081,2016-10-05 01:00:00.000,0
1644430081,2016-10-05 02:00:00.000,0
1644430081,2016-10-05 03:00:00.000,0
1644430081,2016-10-05 04:00:00.000,0
1644430081,2016-10-05 05:00:00.000,0
1644430081,2016-10-05 06:00:00.000,0
1644430081,2016-10-05 07:00:00.000,0
1644430081,2016-10-05 08:00:00.000,158
1644430081,2016-10-05 09:00:00.000,574
1644430081,2016-10-05 10:00:00.000,194
1644430081,2016-10-05 11:00:00.000,0
1644430081,2016-10-05 12:00:00.000,0
1644430081,2016-10-05 13:00:00.000,369
1644430081,2016-10-05 14:00:00.000,0
1644430081,2016-10-05 15:00:00.000,0
1644430081,2016-10-05 16:00:00.000,0
1644430081,2016-10-05 17:00:00.000,0
1644430081,2016-10-05 18:00:00.000,1803
1644430081,2016-10-05 19:00:00.000,1115
1644430081,2016-10-05 20:00:00.000,1474
1644430081,2016-10-05 21:00:00.000,2213
1644430081,2016-10-05 22:00:00.000,1227
1644430081,2016-10-05 23:00:00.000,13
1644430081,2016-11-05 00:00:00.000,8
1644430081,2016-11-05 01:00:00.000,0
1644430081,2016-11-05 02:00:00.000,0
1644430081,2016-11-05 03:00:00.000,0
1644430081,2016-11-05 04:00:00.000,0
1644430081,2016-11-05 05:00:00.000,0
1644430081,2016-11-05 06:00:00.000,0
1644430081,2016-11-05 07:00:00.000,166
1644430081,2016-11-05 08:00:00.000,463
1644430081,2016-11-05 09:00:00.000,179
1644430081,2016-11-05 10:00:00.000,70
1644430081,2016-11-05 11:00:00.000,103
1844505072,2016-12-04 00:00:00.000,0
1844505072,2016-12-04 01:00:00.000,0
1844505072,2016-12-04 02:00:00.000,0
1844505072,2016-12-04 03:00:00.000,0
1844505072,2016-12-04 04:00:00.000,0
1844505072,2016-12-04 05:00:00.000,0
1844505072,2016-12-04 06:00:00.000,0
1844505072,2016-12-04 07:00:00.000,0
1844505072,2016-12-04 08:00:00.000,114
1844505072,2016-12-04 09:00:00.000,682
1844505072,2016-12-04 10:00:00.000,582
1844505072,2016-12-04 11:00:00.000,429
1844505072,2016-12-04 12:00:00.000,814
1844505072,2016-12-04 13:00:00.000,377
1844505072,2016-12-04 14:00:00.000,301
1844505072,2016-12-04 15:00:00.000,643
1844505072,2016-12-04 16:00:00.000,456
1844505072,2016-12-04 17:00:00.000,410
1844505072,2016-12-04 18:00:00.000,533
1844505072,2016-12-04 19:00:00.000,228
1844505072,2016-12-04 20:00:00.000,489
1844505072,2016-12-04 21:00:00.000,166
1844505072,2016-12-04 22:00:00.000,436
1844505072,2016-12-04 23:00:00.000,37
1844505072,2016-04-13 00:00:00.000,0
1844505072,2016-04-13 01:00:00.000,0
1844505072,2016-04-13 02:00:00.000,0
1844505072,2016-04-13 03:00:00.000,0
1844505072,2016-04-13 04:00:00.000,0
1844505072,2016-04-13 05:00:00.000,0
1844505072,2016-04-13 06:00:00.000,0
1844505072,2016-04-13 07:00:00.000,0
1844505072,2016-04-13 08:00:00.000,0
1844505072,2016-04-13 09:00:00.000,0
1844505072,2016-04-13 10:00:00.000,744
1844505072,2016-04-13 11:00:00.000,281
1844505072,2016-04-13 12:00:00.000,347
1844505072,2016-04-13 13:00:00.000,43
1844505072,2016-04-13 14:00:00.000,175
1844505072,2016-04-13 15:00:00.000,139
1844505072,2016-04-13 16:00:00.000,452
1844505072,2016-04-13 17:00:00.000,234
1844505072,2016-04-13 18:00:00.000,608
1844505072,2016-04-13 19:00:00.000,401
1844505072,2016-04-13 20:00:00.000,323
1844505072,2016-04-13 21:00:00.000,561
1844505072,2016-04-13 22:00:00.000,168
1844505072,2016-04-13 23:00:00.000,453
1844505072,2016-04-14 00:00:00.000,189
1844505072,2016-04-14 01:00:00.000,87
1844505072,2016-04-14 02:00:00.000,0
1844505072,2016-04-14 03:00:00.000,0
1844505072,2016-04-14 04:00:00.000,0
1844505072,2016-04-14 05:00:00.000,0
1844505072,2016-04-14 06:00:00.000,0
1844505072,2016-04-14 07:00:00.000,48
1844505072,2016-04-14 08:00:00.000,638
1844505072,2016-04-14 09:00:00.000,613
1844505072,2016-04-14 10:00:00.000,836
1844505072,2016-04-14 11:00:00.000,555
1844505072,2016-04-14 12:00:00.000,288
1844505072,2016-04-14 13:00:00.000,505
1844505072,2016-04-14 14:00:00.000,284
1844505072,2016-04-14 15:00:00.000,188
1844505072,2016-04-14 16:00:00.000,222
1844505072,2016-04-14 17:00:00.000,688
1844505072,2016-04-14 18:00:00.000,315
1844505072,2016-04-14 19:00:00.000,1290
1844505072,2016-04-14 20:00:00.000,560
1844505072,2016-04-14 21:00:00.000,288
1844505072,2016-04-14 22:00:00.000,167
1844505072,2016-04-14 23:00:00.000,144
1844505072,2016-04-15 00:00:00.000,100
1844505072,2016-04-15 01:00:00.000,0
1844505072,2016-04-15 02:00:00.000,0
1844505072,2016-04-15 03:00:00.000,0
1844505072,2016-04-15 04:00:00.000,0
1844505072,2016-04-15 05:00:00.000,0
1844505072,2016-04-15 06:00:00.000,0
1844505072,2016-04-15 07:00:00.000,0
1844505072,2016-04-15 08:00:00.000,0
1844505072,2016-04-15 09:00:00.000,0
1844505072,2016-04-15 10:00:00.000,176
1844505072,2016-04-15 11:00:00.000,170
1844505072,2016-04-15 12:00:00.000,354
1844505072,2016-04-15 13:00:00.000,413
1844505072,2016-04-15 14:00:00.000,443
1844505072,2016-04-15 15:00:00.000,441
1844505072,2016-04-15 16:00:00.000,280
1844505072,2016-04-15 17:00:00.000,213
1844505072,2016-04-15 18:00:00.000,0
1844505072,2016-04-15 19:00:00.000,0
1844505072,2016-04-15 20:00:00.000,0
1844505072,2016-04-15 21:00:00.000,457
1844505072,2016-04-15 22:00:00.000,494
1844505072,2016-04-15 23:00:00.000,303
1844505072,2016-04-16 00:00:00.000,0
1844505072,2016-04-16 01:00:00.000,0
1844505072,2016-04-16 02:00:00.000,0
1844505072,2016-04-16 03:00:00.000,0
1844505072,2016-04-16 04:00:00.000,0
1844505072,2016-04-16 05:00:00.000,0
1844505072,2016-04-16 06:00:00.000,0
1844505072,2016-04-16 07:00:00.000,0
1844505072,2016-04-16 08:00:00.000,0
1844505072,2016-04-16 09:00:00.000,63
1844505072,2016-04-16 10:00:00.000,308
1844505072,2016-04-16 11:00:00.000,481
1844505072,2016-04-16 12:00:00.000,480
1844505072,2016-04-16 13:00:00.000,1150
1844505072,2016-04-16 14:00:00.000,787
1844505072,2016-04-16 15:00:00.000,134
1844505072,2016-04-16 16:00:00.000,11
1844505072,2016-04-16 17:00:00.000,0
1844505072,2016-04-16 18:00:00.000,0
1844505072,2016-04-16 19:00:00.000,0
1844505072,2016-04-16 20:00:00.000,0
1844505072,2016-04-16 21:00:00.000,0
1844505072,2016-04-16 22:00:00.000,0
1844505072,2016-04-16 23:00:00.000,0
1844505072,2016-04-17 00:00:00.000,0
1844505072,2016-04-17 01:00:00.000,0
1844505072,2016-04-17 02:00:00.000,0
1844505072,2016-04-17 03:00:00.000,0
1844505072,2016-04-17 04:00:00.000,0
1844505072,2016-04-17 05:00:00.000,0
1844505072,2016-04-17 06:00:00.000,0
1844505072,2016-04-17 07:00:00.000,0
1844505072,2016-04-17 08:00:00.000,0
1844505072,2016-04-17 09:00:00.000,0
1844505072,2016-04-17 10:00:00.000,0
1844505072,2016-04-17 11:00:00.000,0
1844505072,2016-04-17 12:00:00.000,0
1844505072,2016-04-17 13:00:00.000,0
1844505072,2016-04-17 14:00:00.000,391
1844505072,2016-04-17 15:00:00.000,815
1844505072,2016-04-17 16:00:00.000,1450
1844505072,2016-04-17 17:00:00.000,337
1844505072,2016-04-17 18:00:00.000,190
1844505072,2016-04-17 19:00:00.000,332
1844505072,2016-04-17 20:00:00.000,420
1844505072,2016-04-17 21:00:00.000,253
1844505072,2016-04-17 22:00:00.000,181
1844505072,2016-04-17 23:00:00.000,156
1844505072,2016-04-18 00:00:00.000,371
1844505072,2016-04-18 01:00:00.000,0
1844505072,2016-04-18 02:00:00.000,0
1844505072,2016-04-18 03:00:00.000,0
1844505072,2016-04-18 04:00:00.000,0
1844505072,2016-04-18 05:00:00.000,0
1844505072,2016-04-18 06:00:00.000,113
1844505072,2016-04-18 07:00:00.000,74
1844505072,2016-04-18 08:00:00.000,396
1844505072,2016-04-18 09:00:00.000,200
1844505072,2016-04-18 10:00:00.000,362
1844505072,2016-04-18 11:00:00.000,0
1844505072,2016-04-18 12:00:00.000,0
1844505072,2016-04-18 13:00:00.000,0
1844505072,2016-04-18 14:00:00.000,0
1844505072,2016-04-18 15:00:00.000,14
1844505072,2016-04-18 16:00:00.000,20
1844505072,2016-04-18 17:00:00.000,259
1844505072,2016-04-18 18:00:00.000,365
1844505072,2016-04-18 19:00:00.000,605
1844505072,2016-04-18 20:00:00.000,182
1844505072,2016-04-18 21:00:00.000,437
1844505072,2016-04-18 22:00:00.000,1104
1844505072,2016-04-18 23:00:00.000,95
1844505072,2016-04-19 00:00:00.000,138
1844505072,2016-04-19 01:00:00.000,0
1844505072,2016-04-19 02:00:00.000,0
1844505072,2016-04-19 03:00:00.000,0
1844505072,2016-04-19 04:00:00.000,0
1844505072,2016-04-19 05:00:00.000,0
1844505072,2016-04-19 06:00:00.000,0
1844505072,2016-04-19 07:00:00.000,0
1844505072,2016-04-19 08:00:00.000,0
1844505072,2016-04-19 09:00:00.000,0
1844505072,2016-04-19 10:00:00.000,59
1844505072,2016-04-19 11:00:00.000,0
1844505072,2016-04-19 12:00:00.000,0
1844505072,2016-04-19 13:00:00.000,0
1844505072,2016-04-19 14:00:00.000,0
1844505072,2016-04-19 15:00:00.000,0
1844505072,2016-04-19 16:00:00.000,0
1844505072,2016-04-19 17:00:00.000,0
1844505072,2016-04-19 18:00:00.000,0
1844505072,2016-04-19 19:00:00.000,0
1844505072,2016-04-19 20:00:00.000,0
1844505072,2016-04-19 21:00:00.000,0
1844505072,2016-04-19 22:00:00.000,0
1844505072,2016-04-19 23:00:00.000,0
1844505072,2016-04-20 00:00:00.000,0
1844505072,2016-04-20 01:00:00.000,0
1844505072,2016-04-20 02:00:00.000,0
1844505072,2016-04-20 03:00:00.000,0
1844505072,2016-04-20 04:00:00.000,0
1844505072,2016-04-20 05:00:00.000,0
1844505072,2016-04-20 06:00:00.000,0
1844505072,2016-04-20 07:00:00.000,0
1844505072,2016-04-20 08:00:00.000,0
1844505072,2016-04-20 09:00:00.000,0
1844505072,2016-04-20 10:00:00.000,0
1844505072,2016-04-20 11:00:00.000,0
1844505072,2016-04-20 12:00:00.000,0
1844505072,2016-04-20 13:00:00.000,0
1844505072,2016-04-20 14:00:00.000,0
1844505072,2016-04-20 15:00:00.000,0
1844505072,2016-04-20 16:00:00.000,0
1844505072,2016-04-20 17:00:00.000,0
1844505072,2016-04-20 18:00:00.000,0
1844505072,2016-04-20 19:00:00.000,0
1844505072,2016-04-20 20:00:00.000,0
1844505072,2016-04-20 21:00:00.000,0
1844505072,2016-04-20 22:00:00.000,8
1844505072,2016-04-20 23:00:00.000,0
1844505072,2016-04-21 00:00:00.000,0
1844505072,2016-04-21 01:00:00.000,0
1844505072,2016-04-21 02:00:00.000,0
1844505072,2016-04-21 03:00:00.000,0
1844505072,2016-04-21 04:00:00.000,0
1844505072,2016-04-21 05:00:00.000,0
1844505072,2016-04-21 06:00:00.000,0
1844505072,2016-04-21 07:00:00.000,0
1844505072,2016-04-21 08:00:00.000,325
1844505072,2016-04-21 09:00:00.000,817
1844505072,2016-04-21 10:00:00.000,622
1844505072,2016-04-21 11:00:00.000,482
1844505072,2016-04-21 12:00:00.000,252
1844505072,2016-04-21 13:00:00.000,298
1844505072,2016-04-21 14:00:00.000,452
1844505072,2016-04-21 15:00:00.000,263
1844505072,2016-04-21 16:00:00.000,396
1844505072,2016-04-21 17:00:00.000,850
1844505072,2016-04-21 18:00:00.000,192
1844505072,2016-04-21 19:00:00.000,547
1844505072,2016-04-21 20:00:00.000,2043
1844505072,2016-04-21 21:00:00.000,130
1844505072,2016-04-21 22:00:00.000,385
1844505072,2016-04-21 23:00:00.000,0
1844505072,2016-04-22 00:00:00.000,0
1844505072,2016-04-22 01:00:00.000,0
1844505072,2016-04-22 02:00:00.000,0
1844505072,2016-04-22 03:00:00.000,0
1844505072,2016-04-22 04:00:00.000,0
1844505072,2016-04-22 05:00:00.000,0
1844505072,2016-04-22 06:00:00.000,0
1844505072,2016-04-22 07:00:00.000,0
1844505072,2016-04-22 08:00:00.000,0
1844505072,2016-04-22 09:00:00.000,0
1844505072,2016-04-22 10:00:00.000,518
1844505072,2016-04-22 11:00:00.000,762
1844505072,2016-04-22 12:00:00.000,328
1844505072,2016-04-22 13:00:00.000,619
1844505072,2016-04-22 14:00:00.000,561
1844505072,2016-04-22 15:00:00.000,234
1844505072,2016-04-22 16:00:00.000,0
1844505072,2016-04-22 17:00:00.000,0
1844505072,2016-04-22 18:00:00.000,137
1844505072,2016-04-22 19:00:00.000,797
1844505072,2016-04-22 20:00:00.000,371
1844505072,2016-04-22 21:00:00.000,363
1844505072,2016-04-22 22:00:00.000,97
1844505072,2016-04-22 23:00:00.000,585
1844505072,2016-04-23 00:00:00.000,149
1844505072,2016-04-23 01:00:00.000,0
1844505072,2016-04-23 02:00:00.000,0
1844505072,2016-04-23 03:00:00.000,0
1844505072,2016-04-23 04:00:00.000,0
1844505072,2016-04-23 05:00:00.000,0
1844505072,2016-04-23 06:00:00.000,0
1844505072,2016-04-23 07:00:00.000,0
1844505072,2016-04-23 08:00:00.000,0
1844505072,2016-04-23 09:00:00.000,0
1844505072,2016-04-23 10:00:00.000,392
1844505072,2016-04-23 11:00:00.000,758
1844505072,2016-04-23 12:00:00.000,539
1844505072,2016-04-23 13:00:00.000,128
1844505072,2016-04-23 14:00:00.000,0
1844505072,2016-04-23 15:00:00.000,583
1844505072,2016-04-23 16:00:00.000,947
1844505072,2016-04-23 17:00:00.000,74
1844505072,2016-04-23 18:00:00.000,0
1844505072,2016-04-23 19:00:00.000,0
1844505072,2016-04-23 20:00:00.000,0
1844505072,2016-04-23 21:00:00.000,0
1844505072,2016-04-23 22:00:00.000,0
1844505072,2016-04-23 23:00:00.000,0
1844505072,2016-04-24 00:00:00.000,0
1844505072,2016-04-24 01:00:00.000,0
1844505072,2016-04-24 02:00:00.000,0
1844505072,2016-04-24 03:00:00.000,0
1844505072,2016-04-24 04:00:00.000,0
1844505072,2016-04-24 05:00:00.000,0
1844505072,2016-04-24 06:00:00.000,0
1844505072,2016-04-24 07:00:00.000,0
1844505072,2016-04-24 08:00:00.000,0
1844505072,2016-04-24 09:00:00.000,0
1844505072,2016-04-24 10:00:00.000,0
1844505072,2016-04-24 11:00:00.000,0
1844505072,2016-04-24 12:00:00.000,0
1844505072,2016-04-24 13:00:00.000,0
1844505072,2016-04-24 14:00:00.000,0
1844505072,2016-04-24 15:00:00.000,0
1844505072,2016-04-24 16:00:00.000,0
1844505072,2016-04-24 17:00:00.000,0
1844505072,2016-04-24 18:00:00.000,0
1844505072,2016-04-24 19:00:00.000,0
1844505072,2016-04-24 20:00:00.000,0
1844505072,2016-04-24 21:00:00.000,0
1844505072,2016-04-24 22:00:00.000,0
1844505072,2016-04-24 23:00:00.000,0
1844505072,2016-04-25 00:00:00.000,0
1844505072,2016-04-25 01:00:00.000,0
1844505072,2016-04-25 02:00:00.000,0
1844505072,2016-04-25 03:00:00.000,0
1844505072,2016-04-25 04:00:00.000,0
1844505072,2016-04-25 05:00:00.000,0
1844505072,2016-04-25 06:00:00.000,0
1844505072,2016-04-25 07:00:00.000,0
1844505072,2016-04-25 08:00:00.000,0
1844505072,2016-04-25 09:00:00.000,0
1844505072,2016-04-25 10:00:00.000,0
1844505072,2016-04-25 11:00:00.000,0
1844505072,2016-04-25 12:00:00.000,0
1844505072,2016-04-25 13:00:00.000,0
1844505072,2016-04-25 14:00:00.000,0
1844505072,2016-04-25 15:00:00.000,0
1844505072,2016-04-25 16:00:00.000,0
1844505072,2016-04-25 17:00:00.000,0
1844505072,2016-04-25 18:00:00.000,0
1844505072,2016-04-25 19:00:00.000,0
1844505072,2016-04-25 20:00:00.000,0
1844505072,2016-04-25 21:00:00.000,0
1844505072,2016-04-25 22:00:00.000,0
1844505072,2016-04-25 23:00:00.000,0
1844505072,2016-04-26 00:00:00.000,0
1844505072,2016-04-26 01:00:00.000,0
1844505072,2016-04-26 02:00:00.000,0
1844505072,2016-04-26 03:00:00.000,0
1844505072,2016-04-26 04:00:00.000,0
1844505072,2016-04-26 05:00:00.000,0
1844505072,2016-04-26 06:00:00.000,0
1844505072,2016-04-26 07:00:00.000,0
1844505072,2016-04-26 08:00:00.000,0
1844505072,2016-04-26 09:00:00.000,0
1844505072,2016-04-26 10:00:00.000,0
1844505072,2016-04-26 11:00:00.000,0
1844505072,2016-04-26 12:00:00.000,0
1844505072,2016-04-26 13:00:00.000,0
1844505072,2016-04-26 14:00:00.000,0
1844505072,2016-04-26 15:00:00.000,0
1844505072,2016-04-26 16:00:00.000,0
1844505072,2016-04-26 17:00:00.000,0
1844505072,2016-04-26 18:00:00.000,0
1844505072,2016-04-26 19:00:00.000,0
1844505072,2016-04-26 20:00:00.000,0
1844505072,2016-04-26 21:00:00.000,0
1844505072,2016-04-26 22:00:00.000,0
1844505072,2016-04-26 23:00:00.000,0
1844505072,2016-04-27 00:00:00.000,0
1844505072,2016-04-27 01:00:00.000,0
1844505072,2016-04-27 02:00:00.000,0
1844505072,2016-04-27 03:00:00.000,0
1844505072,2016-04-27 04:00:00.000,0
1844505072,2016-04-27 05:00:00.000,0
1844505072,2016-04-27 06:00:00.000,0
1844505072,2016-04-27 07:00:00.000,0
1844505072,2016-04-27 08:00:00.000,0
1844505072,2016-04-27 09:00:00.000,0
1844505072,2016-04-27 10:00:00.000,0
1844505072,2016-04-27 11:00:00.000,0
1844505072,2016-04-27 12:00:00.000,0
1844505072,2016-04-27 13:00:00.000,0
1844505072,2016-04-27 14:00:00.000,4
1844505072,2016-04-27 15:00:00.000,0
1844505072,2016-04-27 16:00:00.000,0
1844505072,2016-04-27 17:00:00.000,0
1844505072,2016-04-27 18:00:00.000,0
1844505072,2016-04-27 19:00:00.000,0
1844505072,2016-04-27 20:00:00.000,0
1844505072,2016-04-27 21:00:00.000,0
1844505072,2016-04-27 22:00:00.000,0
1844505072,2016-04-27 23:00:00.000,0
1844505072,2016-04-28 00:00:00.000,0
1844505072,2016-04-28 01:00:00.000,0
1844505072,2016-04-28 02:00:00.000,0
1844505072,2016-04-28 03:00:00.000,0
1844505072,2016-04-28 04:00:00.000,0
1844505072,2016-04-28 05:00:00.000,0
1844505072,2016-04-28 06:00:00.000,0
1844505072,2016-04-28 07:00:00.000,0
1844505072,2016-04-28 08:00:00.000,0
1844505072,2016-04-28 09:00:00.000,0
1844505072,2016-04-28 10:00:00.000,205
1844505072,2016-04-28 11:00:00.000,788
1844505072,2016-04-28 12:00:00.000,705
1844505072,2016-04-28 13:00:00.000,284
1844505072,2016-04-28 14:00:00.000,454
1844505072,2016-04-28 15:00:00.000,534
1844505072,2016-04-28 16:00:00.000,332
1844505072,2016-04-28 17:00:00.000,777
1844505072,2016-04-28 18:00:00.000,151
1844505072,2016-04-28 19:00:00.000,335
1844505072,2016-04-28 20:00:00.000,208
1844505072,2016-04-28 21:00:00.000,1001
1844505072,2016-04-28 22:00:00.000,861
1844505072,2016-04-28 23:00:00.000,264
1844505072,2016-04-29 00:00:00.000,68
1844505072,2016-04-29 01:00:00.000,184
1844505072,2016-04-29 02:00:00.000,0
1844505072,2016-04-29 03:00:00.000,0
1844505072,2016-04-29 04:00:00.000,0
1844505072,2016-04-29 05:00:00.000,0
1844505072,2016-04-29 06:00:00.000,0
1844505072,2016-04-29 07:00:00.000,0
1844505072,2016-04-29 08:00:00.000,0
1844505072,2016-04-29 09:00:00.000,232
1844505072,2016-04-29 10:00:00.000,431
1844505072,2016-04-29 11:00:00.000,845
1844505072,2016-04-29 12:00:00.000,53
1844505072,2016-04-29 13:00:00.000,0
1844505072,2016-04-29 14:00:00.000,542
1844505072,2016-04-29 15:00:00.000,57
1844505072,2016-04-29 16:00:00.000,114
1844505072,2016-04-29 17:00:00.000,196
1844505072,2016-04-29 18:00:00.000,405
1844505072,2016-04-29 19:00:00.000,322
1844505072,2016-04-29 20:00:00.000,665
1844505072,2016-04-29 21:00:00.000,133
1844505072,2016-04-29 22:00:00.000,538
1844505072,2016-04-29 23:00:00.000,135
1844505072,2016-04-30 00:00:00.000,0
1844505072,2016-04-30 01:00:00.000,0
1844505072,2016-04-30 02:00:00.000,0
1844505072,2016-04-30 03:00:00.000,0
1844505072,2016-04-30 04:00:00.000,0
1844505072,2016-04-30 05:00:00.000,0
1844505072,2016-04-30 06:00:00.000,0
1844505072,2016-04-30 07:00:00.000,0
1844505072,2016-04-30 08:00:00.000,0
1844505072,2016-04-30 09:00:00.000,0
1844505072,2016-04-30 10:00:00.000,612
1844505072,2016-04-30 11:00:00.000,517
1844505072,2016-04-30 12:00:00.000,551
1844505072,2016-04-30 13:00:00.000,0
1844505072,2016-04-30 14:00:00.000,166
1844505072,2016-04-30 15:00:00.000,314
1844505072,2016-04-30 16:00:00.000,191
1844505072,2016-04-30 17:00:00.000,217
1844505072,2016-04-30 18:00:00.000,276
1844505072,2016-04-30 19:00:00.000,107
1844505072,2016-04-30 20:00:00.000,154
1844505072,2016-04-30 21:00:00.000,203
1844505072,2016-04-30 22:00:00.000,258
1844505072,2016-04-30 23:00:00.000,448
1844505072,2016-01-05 00:00:00.000,1193
1844505072,2016-01-05 01:00:00.000,555
1844505072,2016-01-05 02:00:00.000,773
1844505072,2016-01-05 03:00:00.000,52
1844505072,2016-01-05 04:00:00.000,0
1844505072,2016-01-05 05:00:00.000,0
1844505072,2016-01-05 06:00:00.000,0
1844505072,2016-01-05 07:00:00.000,0
1844505072,2016-01-05 08:00:00.000,0
1844505072,2016-01-05 09:00:00.000,0
1844505072,2016-01-05 10:00:00.000,0
1844505072,2016-01-05 11:00:00.000,0
1844505072,2016-01-05 12:00:00.000,0
1844505072,2016-01-05 13:00:00.000,0
1844505072,2016-01-05 14:00:00.000,0
1844505072,2016-01-05 15:00:00.000,0
1844505072,2016-01-05 16:00:00.000,0
1844505072,2016-01-05 17:00:00.000,0
1844505072,2016-01-05 18:00:00.000,0
1844505072,2016-01-05 19:00:00.000,0
1844505072,2016-01-05 20:00:00.000,0
1844505072,2016-01-05 21:00:00.000,0
1844505072,2016-01-05 22:00:00.000,0
1844505072,2016-01-05 23:00:00.000,0
1844505072,2016-02-05 00:00:00.000,0
1844505072,2016-02-05 01:00:00.000,0
1844505072,2016-02-05 02:00:00.000,0
1844505072,2016-02-05 03:00:00.000,0
1844505072,2016-02-05 04:00:00.000,0
1844505072,2016-02-05 05:00:00.000,0
1844505072,2016-02-05 06:00:00.000,0
1844505072,2016-02-05 07:00:00.000,0
1844505072,2016-02-05 08:00:00.000,0
1844505072,2016-02-05 09:00:00.000,0
1844505072,2016-02-05 10:00:00.000,0
1844505072,2016-02-05 11:00:00.000,0
1844505072,2016-02-05 12:00:00.000,0
1844505072,2016-02-05 13:00:00.000,0
1844505072,2016-02-05 14:00:00.000,0
1844505072,2016-02-05 15:00:00.000,0
1844505072,2016-02-05 16:00:00.000,0
1844505072,2016-02-05 17:00:00.000,0
1844505072,2016-02-05 18:00:00.000,0
1844505072,2016-02-05 19:00:00.000,0
1844505072,2016-02-05 20:00:00.000,0
1844505072,2016-02-05 21:00:00.000,0
1844505072,2016-02-05 22:00:00.000,0
1844505072,2016-02-05 23:00:00.000,0
1844505072,2016-03-05 00:00:00.000,0
1844505072,2016-03-05 01:00:00.000,0
1844505072,2016-03-05 02:00:00.000,0
1844505072,2016-03-05 03:00:00.000,0
1844505072,2016-03-05 04:00:00.000,0
1844505072,2016-03-05 05:00:00.000,0
1844505072,2016-03-05 06:00:00.000,0
1844505072,2016-03-05 07:00:00.000,0
1844505072,2016-03-05 08:00:00.000,0
1844505072,2016-03-05 09:00:00.000,0
1844505072,2016-03-05 10:00:00.000,486
1844505072,2016-03-05 11:00:00.000,683
1844505072,2016-03-05 12:00:00.000,361
1844505072,2016-03-05 13:00:00.000,95
1844505072,2016-03-05 14:00:00.000,769
1844505072,2016-03-05 15:00:00.000,80
1844505072,2016-03-05 16:00:00.000,37
1844505072,2016-03-05 17:00:00.000,622
1844505072,2016-03-05 18:00:00.000,41
1844505072,2016-03-05 19:00:00.000,265
1844505072,2016-03-05 20:00:00.000,312
1844505072,2016-03-05 21:00:00.000,194
1844505072,2016-03-05 22:00:00.000,57
1844505072,2016-03-05 23:00:00.000,57
1844505072,2016-04-05 00:00:00.000,0
1844505072,2016-04-05 01:00:00.000,0
1844505072,2016-04-05 02:00:00.000,0
1844505072,2016-04-05 03:00:00.000,0
1844505072,2016-04-05 04:00:00.000,0
1844505072,2016-04-05 05:00:00.000,0
1844505072,2016-04-05 06:00:00.000,0
1844505072,2016-04-05 07:00:00.000,0
1844505072,2016-04-05 08:00:00.000,0
1844505072,2016-04-05 09:00:00.000,0
1844505072,2016-04-05 10:00:00.000,63
1844505072,2016-04-05 11:00:00.000,720
1844505072,2016-04-05 12:00:00.000,276
1844505072,2016-04-05 13:00:00.000,208
1844505072,2016-04-05 14:00:00.000,9
1844505072,2016-04-05 15:00:00.000,402
1844505072,2016-04-05 16:00:00.000,402
1844505072,2016-04-05 17:00:00.000,0
1844505072,2016-04-05 18:00:00.000,0
1844505072,2016-04-05 19:00:00.000,0
1844505072,2016-04-05 20:00:00.000,0
1844505072,2016-04-05 21:00:00.000,0
1844505072,2016-04-05 22:00:00.000,0
1844505072,2016-04-05 23:00:00.000,0
1844505072,2016-05-05 00:00:00.000,0
1844505072,2016-05-05 01:00:00.000,0
1844505072,2016-05-05 02:00:00.000,0
1844505072,2016-05-05 03:00:00.000,0
1844505072,2016-05-05 04:00:00.000,0
1844505072,2016-05-05 05:00:00.000,0
1844505072,2016-05-05 06:00:00.000,0
1844505072,2016-05-05 07:00:00.000,0
1844505072,2016-05-05 08:00:00.000,0
1844505072,2016-05-05 09:00:00.000,0
1844505072,2016-05-05 10:00:00.000,145
1844505072,2016-05-05 11:00:00.000,423
1844505072,2016-05-05 12:00:00.000,184
1844505072,2016-05-05 13:00:00.000,464
1844505072,2016-05-05 14:00:00.000,542
1844505072,2016-05-05 15:00:00.000,479
1844505072,2016-05-05 16:00:00.000,0
1844505072,2016-05-05 17:00:00.000,0
1844505072,2016-05-05 18:00:00.000,0
1844505072,2016-05-05 19:00:00.000,0
1844505072,2016-05-05 20:00:00.000,0
1844505072,2016-05-05 21:00:00.000,0
1844505072,2016-05-05 22:00:00.000,0
1844505072,2016-05-05 23:00:00.000,0
1844505072,2016-06-05 00:00:00.000,0
1844505072,2016-06-05 01:00:00.000,0
1844505072,2016-06-05 02:00:00.000,0
1844505072,2016-06-05 03:00:00.000,0
1844505072,2016-06-05 04:00:00.000,0
1844505072,2016-06-05 05:00:00.000,0
1844505072,2016-06-05 06:00:00.000,0
1844505072,2016-06-05 07:00:00.000,0
1844505072,2016-06-05 08:00:00.000,0
1844505072,2016-06-05 09:00:00.000,0
1844505072,2016-06-05 10:00:00.000,0
1844505072,2016-06-05 11:00:00.000,0
1844505072,2016-06-05 12:00:00.000,0
1844505072,2016-06-05 13:00:00.000,0
1844505072,2016-06-05 14:00:00.000,0
1844505072,2016-06-05 15:00:00.000,0
1844505072,2016-06-05 16:00:00.000,0
1844505072,2016-06-05 17:00:00.000,0
1844505072,2016-06-05 18:00:00.000,0
1844505072,2016-06-05 19:00:00.000,44
1844505072,2016-06-05 20:00:00.000,0
1844505072,2016-06-05 21:00:00.000,0
1844505072,2016-06-05 22:00:00.000,0
1844505072,2016-06-05 23:00:00.000,0
1844505072,2016-07-05 00:00:00.000,0
1844505072,2016-07-05 01:00:00.000,0
1844505072,2016-07-05 02:00:00.000,0
1844505072,2016-07-05 03:00:00.000,0
1844505072,2016-07-05 04:00:00.000,0
1844505072,2016-07-05 05:00:00.000,0
1844505072,2016-07-05 06:00:00.000,0
1844505072,2016-07-05 07:00:00.000,0
1844505072,2016-07-05 08:00:00.000,0
1844505072,2016-07-05 09:00:00.000,0
1844505072,2016-07-05 10:00:00.000,0
1844505072,2016-07-05 11:00:00.000,0
1844505072,2016-07-05 12:00:00.000,0
1844505072,2016-07-05 13:00:00.000,0
1844505072,2016-07-05 14:00:00.000,0
1844505072,2016-07-05 15:00:00.000,0
1844505072,2016-07-05 16:00:00.000,0
1844505072,2016-07-05 17:00:00.000,0
1844505072,2016-07-05 18:00:00.000,0
1844505072,2016-07-05 19:00:00.000,0
1844505072,2016-07-05 20:00:00.000,0
1844505072,2016-07-05 21:00:00.000,0
1844505072,2016-07-05 22:00:00.000,0
1844505072,2016-07-05 23:00:00.000,0
1844505072,2016-08-05 00:00:00.000,0
1844505072,2016-08-05 01:00:00.000,0
1844505072,2016-08-05 02:00:00.000,0
1844505072,2016-08-05 03:00:00.000,0
1844505072,2016-08-05 04:00:00.000,0
1844505072,2016-08-05 05:00:00.000,0
1844505072,2016-08-05 06:00:00.000,0
1844505072,2016-08-05 07:00:00.000,0
1844505072,2016-08-05 08:00:00.000,0
1844505072,2016-08-05 09:00:00.000,0
1844505072,2016-08-05 10:00:00.000,0
1844505072,2016-08-05 11:00:00.000,0
1844505072,2016-08-05 12:00:00.000,0
1844505072,2016-08-05 13:00:00.000,0
1844505072,2016-08-05 14:00:00.000,0
1844505072,2016-08-05 15:00:00.000,0
1844505072,2016-08-05 16:00:00.000,0
1844505072,2016-08-05 17:00:00.000,0
1844505072,2016-08-05 18:00:00.000,0
1844505072,2016-08-05 19:00:00.000,0
1844505072,2016-08-05 20:00:00.000,0
1844505072,2016-08-05 21:00:00.000,0
1844505072,2016-08-05 22:00:00.000,0
1844505072,2016-08-05 23:00:00.000,0
1844505072,2016-09-05 00:00:00.000,0
1844505072,2016-09-05 01:00:00.000,0
1844505072,2016-09-05 02:00:00.000,0
1844505072,2016-09-05 03:00:00.000,0
1844505072,2016-09-05 04:00:00.000,0
1844505072,2016-09-05 05:00:00.000,0
1844505072,2016-09-05 06:00:00.000,0
1844505072,2016-09-05 07:00:00.000,0
1844505072,2016-09-05 08:00:00.000,0
1844505072,2016-09-05 09:00:00.000,0
1844505072,2016-09-05 10:00:00.000,0
1844505072,2016-09-05 11:00:00.000,0
1844505072,2016-09-05 12:00:00.000,0
1844505072,2016-09-05 13:00:00.000,0
1844505072,2016-09-05 14:00:00.000,0
1844505072,2016-09-05 15:00:00.000,0
1844505072,2016-09-05 16:00:00.000,0
1844505072,2016-09-05 17:00:00.000,0
1844505072,2016-09-05 18:00:00.000,0
1844505072,2016-09-05 19:00:00.000,0
1844505072,2016-09-05 20:00:00.000,0
1844505072,2016-09-05 21:00:00.000,0
1844505072,2016-09-05 22:00:00.000,0
1844505072,2016-09-05 23:00:00.000,0
1844505072,2016-10-05 00:00:00.000,0
1844505072,2016-10-05 01:00:00.000,0
1844505072,2016-10-05 02:00:00.000,0
1844505072,2016-10-05 03:00:00.000,0
1844505072,2016-10-05 04:00:00.000,0
1844505072,2016-10-05 05:00:00.000,0
1844505072,2016-10-05 06:00:00.000,0
1844505072,2016-10-05 07:00:00.000,0
1844505072,2016-10-05 08:00:00.000,0
1844505072,2016-10-05 09:00:00.000,0
1844505072,2016-10-05 10:00:00.000,0
1844505072,2016-10-05 11:00:00.000,0
1844505072,2016-10-05 12:00:00.000,0
1844505072,2016-10-05 13:00:00.000,0
1844505072,2016-10-05 14:00:00.000,0
1844505072,2016-10-05 15:00:00.000,0
1844505072,2016-10-05 16:00:00.000,0
1844505072,2016-10-05 17:00:00.000,0
1844505072,2016-10-05 18:00:00.000,0
1844505072,2016-10-05 19:00:00.000,0
1844505072,2016-10-05 20:00:00.000,0
1844505072,2016-10-05 21:00:00.000,0
1844505072,2016-10-05 22:00:00.000,0
1844505072,2016-10-05 23:00:00.000,0
1844505072,2016-11-05 00:00:00.000,0
1844505072,2016-11-05 01:00:00.000,0
1844505072,2016-11-05 02:00:00.000,0
1844505072,2016-11-05 03:00:00.000,0
1844505072,2016-11-05 04:00:00.000,0
1844505072,2016-11-05 05:00:00.000,0
1844505072,2016-11-05 06:00:00.000,0
1844505072,2016-11-05 07:00:00.000,0
1844505072,2016-11-05 08:00:00.000,0
1844505072,2016-11-05 09:00:00.000,0
1844505072,2016-11-05 10:00:00.000,0
1844505072,2016-11-05 11:00:00.000,0
1844505072,2016-11-05 12:00:00.000,0
1844505072,2016-11-05 13:00:00.000,0
1844505072,2016-11-05 14:00:00.000,0
1844505072,2016-11-05 15:00:00.000,0
1844505072,2016-11-05 16:00:00.000,0
1844505072,2016-11-05 17:00:00.000,0
1844505072,2016-11-05 18:00:00.000,0
1844505072,2016-11-05 19:00:00.000,0
1844505072,2016-11-05 20:00:00.000,0
1844505072,2016-11-05 21:00:00.000,0
1844505072,2016-11-05 22:00:00.000,0
1844505072,2016-11-05 23:00:00.000,0
1844505072,2016-12-05 00:00:00.000,0
1844505072,2016-12-05 01:00:00.000,0
1844505072,2016-12-05 02:00:00.000,0
1844505072,2016-12-05 03:00:00.000,0
1844505072,2016-12-05 04:00:00.000,0
1844505072,2016-12-05 05:00:00.000,0
1844505072,2016-12-05 06:00:00.000,0
1844505072,2016-12-05 07:00:00.000,0
1844505072,2016-12-05 08:00:00.000,0
1844505072,2016-12-05 09:00:00.000,0
1844505072,2016-12-05 10:00:00.000,0
1927972279,2016-12-04 00:00:00.000,0
1927972279,2016-12-04 01:00:00.000,0
1927972279,2016-12-04 02:00:00.000,0
1927972279,2016-12-04 03:00:00.000,0
1927972279,2016-12-04 04:00:00.000,4
1927972279,2016-12-04 05:00:00.000,0
1927972279,2016-12-04 06:00:00.000,20
1927972279,2016-12-04 07:00:00.000,0
1927972279,2016-12-04 08:00:00.000,0
1927972279,2016-12-04 09:00:00.000,0
1927972279,2016-12-04 10:00:00.000,0
1927972279,2016-12-04 11:00:00.000,17
1927972279,2016-12-04 12:00:00.000,0
1927972279,2016-12-04 13:00:00.000,0
1927972279,2016-12-04 14:00:00.000,169
1927972279,2016-12-04 15:00:00.000,12
1927972279,2016-12-04 16:00:00.000,77
1927972279,2016-12-04 17:00:00.000,119
1927972279,2016-12-04 18:00:00.000,0
1927972279,2016-12-04 19:00:00.000,28
1927972279,2016-12-04 20:00:00.000,32
1927972279,2016-12-04 21:00:00.000,105
1927972279,2016-12-04 22:00:00.000,50
1927972279,2016-12-04 23:00:00.000,45
1927972279,2016-04-13 00:00:00.000,4
1927972279,2016-04-13 01:00:00.000,16
1927972279,2016-04-13 02:00:00.000,17
1927972279,2016-04-13 03:00:00.000,0
1927972279,2016-04-13 04:00:00.000,12
1927972279,2016-04-13 05:00:00.000,0
1927972279,2016-04-13 06:00:00.000,0
1927972279,2016-04-13 07:00:00.000,0
1927972279,2016-04-13 08:00:00.000,0
1927972279,2016-04-13 09:00:00.000,79
1927972279,2016-04-13 10:00:00.000,0
1927972279,2016-04-13 11:00:00.000,5
1927972279,2016-04-13 12:00:00.000,0
1927972279,2016-04-13 13:00:00.000,0
1927972279,2016-04-13 14:00:00.000,0
1927972279,2016-04-13 15:00:00.000,0
1927972279,2016-04-13 16:00:00.000,0
1927972279,2016-04-13 17:00:00.000,115
1927972279,2016-04-13 18:00:00.000,108
1927972279,2016-04-13 19:00:00.000,0
1927972279,2016-04-13 20:00:00.000,0
1927972279,2016-04-13 21:00:00.000,0
1927972279,2016-04-13 22:00:00.000,0
1927972279,2016-04-13 23:00:00.000,0
1927972279,2016-04-14 00:00:00.000,0
1927972279,2016-04-14 01:00:00.000,0
1927972279,2016-04-14 02:00:00.000,0
1927972279,2016-04-14 03:00:00.000,0
1927972279,2016-04-14 04:00:00.000,0
1927972279,2016-04-14 05:00:00.000,0
1927972279,2016-04-14 06:00:00.000,0
1927972279,2016-04-14 07:00:00.000,0
1927972279,2016-04-14 08:00:00.000,0
1927972279,2016-04-14 09:00:00.000,0
1927972279,2016-04-14 10:00:00.000,0
1927972279,2016-04-14 11:00:00.000,0
1927972279,2016-04-14 12:00:00.000,0
1927972279,2016-04-14 13:00:00.000,0
1927972279,2016-04-14 14:00:00.000,54
1927972279,2016-04-14 15:00:00.000,959
1927972279,2016-04-14 16:00:00.000,440
1927972279,2016-04-14 17:00:00.000,388
1927972279,2016-04-14 18:00:00.000,143
1927972279,2016-04-14 19:00:00.000,70
1927972279,2016-04-14 20:00:00.000,22
1927972279,2016-04-14 21:00:00.000,46
1927972279,2016-04-14 22:00:00.000,34
1927972279,2016-04-14 23:00:00.000,7
1927972279,2016-04-15 00:00:00.000,5
1927972279,2016-04-15 01:00:00.000,0
1927972279,2016-04-15 02:00:00.000,0
1927972279,2016-04-15 03:00:00.000,0
1927972279,2016-04-15 04:00:00.000,94
1927972279,2016-04-15 05:00:00.000,0
1927972279,2016-04-15 06:00:00.000,0
1927972279,2016-04-15 07:00:00.000,0
1927972279,2016-04-15 08:00:00.000,0
1927972279,2016-04-15 09:00:00.000,403
1927972279,2016-04-15 10:00:00.000,41
1927972279,2016-04-15 11:00:00.000,328
1927972279,2016-04-15 12:00:00.000,109
1927972279,2016-04-15 13:00:00.000,0
1927972279,2016-04-15 14:00:00.000,0
1927972279,2016-04-15 15:00:00.000,0
1927972279,2016-04-15 16:00:00.000,0
1927972279,2016-04-15 17:00:00.000,0
1927972279,2016-04-15 18:00:00.000,0
1927972279,2016-04-15 19:00:00.000,0
1927972279,2016-04-15 20:00:00.000,0
1927972279,2016-04-15 21:00:00.000,0
1927972279,2016-04-15 22:00:00.000,0
1927972279,2016-04-15 23:00:00.000,0
1927972279,2016-04-16 00:00:00.000,0
1927972279,2016-04-16 01:00:00.000,0
1927972279,2016-04-16 02:00:00.000,0
1927972279,2016-04-16 03:00:00.000,0
1927972279,2016-04-16 04:00:00.000,0
1927972279,2016-04-16 05:00:00.000,0
1927972279,2016-04-16 06:00:00.000,0
1927972279,2016-04-16 07:00:00.000,0
1927972279,2016-04-16 08:00:00.000,0
1927972279,2016-04-16 09:00:00.000,0
1927972279,2016-04-16 10:00:00.000,0
1927972279,2016-04-16 11:00:00.000,0
1927972279,2016-04-16 12:00:00.000,0
1927972279,2016-04-16 13:00:00.000,0
1927972279,2016-04-16 14:00:00.000,0
1927972279,2016-04-16 15:00:00.000,0
1927972279,2016-04-16 16:00:00.000,0
1927972279,2016-04-16 17:00:00.000,0
1927972279,2016-04-16 18:00:00.000,0
1927972279,2016-04-16 19:00:00.000,0
1927972279,2016-04-16 20:00:00.000,0
1927972279,2016-04-16 21:00:00.000,0
1927972279,2016-04-16 22:00:00.000,0
1927972279,2016-04-16 23:00:00.000,0
1927972279,2016-04-17 00:00:00.000,0
1927972279,2016-04-17 01:00:00.000,0
1927972279,2016-04-17 02:00:00.000,0
1927972279,2016-04-17 03:00:00.000,0
1927972279,2016-04-17 04:00:00.000,0
1927972279,2016-04-17 05:00:00.000,0
1927972279,2016-04-17 06:00:00.000,0
1927972279,2016-04-17 07:00:00.000,0
1927972279,2016-04-17 08:00:00.000,0
1927972279,2016-04-17 09:00:00.000,0
1927972279,2016-04-17 10:00:00.000,0
1927972279,2016-04-17 11:00:00.000,0
1927972279,2016-04-17 12:00:00.000,0
1927972279,2016-04-17 13:00:00.000,0
1927972279,2016-04-17 14:00:00.000,0
1927972279,2016-04-17 15:00:00.000,0
1927972279,2016-04-17 16:00:00.000,0
1927972279,2016-04-17 17:00:00.000,0
1927972279,2016-04-17 18:00:00.000,0
1927972279,2016-04-17 19:00:00.000,0
1927972279,2016-04-17 20:00:00.000,0
1927972279,2016-04-17 21:00:00.000,0
1927972279,2016-04-17 22:00:00.000,0
1927972279,2016-04-17 23:00:00.000,0
1927972279,2016-04-18 00:00:00.000,0
1927972279,2016-04-18 01:00:00.000,0
1927972279,2016-04-18 02:00:00.000,0
1927972279,2016-04-18 03:00:00.000,0
1927972279,2016-04-18 04:00:00.000,0
1927972279,2016-04-18 05:00:00.000,0
1927972279,2016-04-18 06:00:00.000,0
1927972279,2016-04-18 07:00:00.000,0
1927972279,2016-04-18 08:00:00.000,0
1927972279,2016-04-18 09:00:00.000,0
1927972279,2016-04-18 10:00:00.000,0
1927972279,2016-04-18 11:00:00.000,158
1927972279,2016-04-18 12:00:00.000,86
1927972279,2016-04-18 13:00:00.000,0
1927972279,2016-04-18 14:00:00.000,0
1927972279,2016-04-18 15:00:00.000,0
1927972279,2016-04-18 16:00:00.000,0
1927972279,2016-04-18 17:00:00.000,0
1927972279,2016-04-18 18:00:00.000,0
1927972279,2016-04-18 19:00:00.000,0
1927972279,2016-04-18 20:00:00.000,0
1927972279,2016-04-18 21:00:00.000,0
1927972279,2016-04-18 22:00:00.000,0
1927972279,2016-04-18 23:00:00.000,0
1927972279,2016-04-19 00:00:00.000,0
1927972279,2016-04-19 01:00:00.000,0
1927972279,2016-04-19 02:00:00.000,0
1927972279,2016-04-19 03:00:00.000,0
1927972279,2016-04-19 04:00:00.000,0
1927972279,2016-04-19 05:00:00.000,0
1927972279,2016-04-19 06:00:00.000,0
1927972279,2016-04-19 07:00:00.000,0
1927972279,2016-04-19 08:00:00.000,0
1927972279,2016-04-19 09:00:00.000,0
1927972279,2016-04-19 10:00:00.000,0
1927972279,2016-04-19 11:00:00.000,0
1927972279,2016-04-19 12:00:00.000,0
1927972279,2016-04-19 13:00:00.000,0
1927972279,2016-04-19 14:00:00.000,0
1927972279,2016-04-19 15:00:00.000,0
1927972279,2016-04-19 16:00:00.000,0
1927972279,2016-04-19 17:00:00.000,0
1927972279,2016-04-19 18:00:00.000,0
1927972279,2016-04-19 19:00:00.000,0
1927972279,2016-04-19 20:00:00.000,0
1927972279,2016-04-19 21:00:00.000,0
1927972279,2016-04-19 22:00:00.000,0
1927972279,2016-04-19 23:00:00.000,0
1927972279,2016-04-20 00:00:00.000,0
1927972279,2016-04-20 01:00:00.000,0
1927972279,2016-04-20 02:00:00.000,0
1927972279,2016-04-20 03:00:00.000,0
1927972279,2016-04-20 04:00:00.000,0
1927972279,2016-04-20 05:00:00.000,0
1927972279,2016-04-20 06:00:00.000,0
1927972279,2016-04-20 07:00:00.000,0
1927972279,2016-04-20 08:00:00.000,0
1927972279,2016-04-20 09:00:00.000,0
1927972279,2016-04-20 10:00:00.000,0
1927972279,2016-04-20 11:00:00.000,0
1927972279,2016-04-20 12:00:00.000,0
1927972279,2016-04-20 13:00:00.000,0
1927972279,2016-04-20 14:00:00.000,0
1927972279,2016-04-20 15:00:00.000,0
1927972279,2016-04-20 16:00:00.000,0
1927972279,2016-04-20 17:00:00.000,0
1927972279,2016-04-20 18:00:00.000,0
1927972279,2016-04-20 19:00:00.000,0
1927972279,2016-04-20 20:00:00.000,0
1927972279,2016-04-20 21:00:00.000,0
1927972279,2016-04-20 22:00:00.000,0
1927972279,2016-04-20 23:00:00.000,0
1927972279,2016-04-21 00:00:00.000,0
1927972279,2016-04-21 01:00:00.000,0
1927972279,2016-04-21 02:00:00.000,0
1927972279,2016-04-21 03:00:00.000,0
1927972279,2016-04-21 04:00:00.000,0
1927972279,2016-04-21 05:00:00.000,0
1927972279,2016-04-21 06:00:00.000,0
1927972279,2016-04-21 07:00:00.000,0
1927972279,2016-04-21 08:00:00.000,0
1927972279,2016-04-21 09:00:00.000,0
1927972279,2016-04-21 10:00:00.000,0
1927972279,2016-04-21 11:00:00.000,0
1927972279,2016-04-21 12:00:00.000,0
1927972279,2016-04-21 13:00:00.000,0
1927972279,2016-04-21 14:00:00.000,0
1927972279,2016-04-21 15:00:00.000,0
1927972279,2016-04-21 16:00:00.000,0
1927972279,2016-04-21 17:00:00.000,0
1927972279,2016-04-21 18:00:00.000,0
1927972279,2016-04-21 19:00:00.000,0
1927972279,2016-04-21 20:00:00.000,0
1927972279,2016-04-21 21:00:00.000,0
1927972279,2016-04-21 22:00:00.000,0
1927972279,2016-04-21 23:00:00.000,0
1927972279,2016-04-22 00:00:00.000,0
1927972279,2016-04-22 01:00:00.000,0
1927972279,2016-04-22 02:00:00.000,0
1927972279,2016-04-22 03:00:00.000,0
1927972279,2016-04-22 04:00:00.000,0
1927972279,2016-04-22 05:00:00.000,0
1927972279,2016-04-22 06:00:00.000,0
1927972279,2016-04-22 07:00:00.000,0
1927972279,2016-04-22 08:00:00.000,0
1927972279,2016-04-22 09:00:00.000,0
1927972279,2016-04-22 10:00:00.000,0
1927972279,2016-04-22 11:00:00.000,0
1927972279,2016-04-22 12:00:00.000,133
1927972279,2016-04-22 13:00:00.000,8
1927972279,2016-04-22 14:00:00.000,0
1927972279,2016-04-22 15:00:00.000,8
1927972279,2016-04-22 16:00:00.000,0
1927972279,2016-04-22 17:00:00.000,0
1927972279,2016-04-22 18:00:00.000,0
1927972279,2016-04-22 19:00:00.000,0
1927972279,2016-04-22 20:00:00.000,0
1927972279,2016-04-22 21:00:00.000,0
1927972279,2016-04-22 22:00:00.000,0
1927972279,2016-04-22 23:00:00.000,0
1927972279,2016-04-23 00:00:00.000,0
1927972279,2016-04-23 01:00:00.000,0
1927972279,2016-04-23 02:00:00.000,0
1927972279,2016-04-23 03:00:00.000,0
1927972279,2016-04-23 04:00:00.000,0
1927972279,2016-04-23 05:00:00.000,0
1927972279,2016-04-23 06:00:00.000,0
1927972279,2016-04-23 07:00:00.000,0
1927972279,2016-04-23 08:00:00.000,967
1927972279,2016-04-23 09:00:00.000,171
1927972279,2016-04-23 10:00:00.000,15
1927972279,2016-04-23 11:00:00.000,246
1927972279,2016-04-23 12:00:00.000,423
1927972279,2016-04-23 13:00:00.000,484
1927972279,2016-04-23 14:00:00.000,0
1927972279,2016-04-23 15:00:00.000,0
1927972279,2016-04-23 16:00:00.000,42
1927972279,2016-04-23 17:00:00.000,82
1927972279,2016-04-23 18:00:00.000,286
1927972279,2016-04-23 19:00:00.000,123
1927972279,2016-04-23 20:00:00.000,77
1927972279,2016-04-23 21:00:00.000,29
1927972279,2016-04-23 22:00:00.000,0
1927972279,2016-04-23 23:00:00.000,0
1927972279,2016-04-24 00:00:00.000,0
1927972279,2016-04-24 01:00:00.000,0
1927972279,2016-04-24 02:00:00.000,0
1927972279,2016-04-24 03:00:00.000,0
1927972279,2016-04-24 04:00:00.000,0
1927972279,2016-04-24 05:00:00.000,0
1927972279,2016-04-24 06:00:00.000,0
1927972279,2016-04-24 07:00:00.000,0
1927972279,2016-04-24 08:00:00.000,0
1927972279,2016-04-24 09:00:00.000,0
1927972279,2016-04-24 10:00:00.000,1038
1927972279,2016-04-24 11:00:00.000,422
1927972279,2016-04-24 12:00:00.000,259
1927972279,2016-04-24 13:00:00.000,371
1927972279,2016-04-24 14:00:00.000,0
1927972279,2016-04-24 15:00:00.000,0
1927972279,2016-04-24 16:00:00.000,0
1927972279,2016-04-24 17:00:00.000,0
1927972279,2016-04-24 18:00:00.000,0
1927972279,2016-04-24 19:00:00.000,0
1927972279,2016-04-24 20:00:00.000,0
1927972279,2016-04-24 21:00:00.000,0
1927972279,2016-04-24 22:00:00.000,0
1927972279,2016-04-24 23:00:00.000,0
1927972279,2016-04-25 00:00:00.000,0
1927972279,2016-04-25 01:00:00.000,0
1927972279,2016-04-25 02:00:00.000,0
1927972279,2016-04-25 03:00:00.000,0
1927972279,2016-04-25 04:00:00.000,0
1927972279,2016-04-25 05:00:00.000,0
1927972279,2016-04-25 06:00:00.000,0
1927972279,2016-04-25 07:00:00.000,0
1927972279,2016-04-25 08:00:00.000,0
1927972279,2016-04-25 09:00:00.000,0
1927972279,2016-04-25 10:00:00.000,0
1927972279,2016-04-25 11:00:00.000,0
1927972279,2016-04-25 12:00:00.000,0
1927972279,2016-04-25 13:00:00.000,0
1927972279,2016-04-25 14:00:00.000,0
1927972279,2016-04-25 15:00:00.000,0
1927972279,2016-04-25 16:00:00.000,0
1927972279,2016-04-25 17:00:00.000,0
1927972279,2016-04-25 18:00:00.000,0
1927972279,2016-04-25 19:00:00.000,0
1927972279,2016-04-25 20:00:00.000,29
1927972279,2016-04-25 21:00:00.000,123
1927972279,2016-04-25 22:00:00.000,0
1927972279,2016-04-25 23:00:00.000,0
1927972279,2016-04-26 00:00:00.000,11
1927972279,2016-04-26 01:00:00.000,7
1927972279,2016-04-26 02:00:00.000,0
1927972279,2016-04-26 03:00:00.000,22
1927972279,2016-04-26 04:00:00.000,0
1927972279,2016-04-26 05:00:00.000,0
1927972279,2016-04-26 06:00:00.000,8
1927972279,2016-04-26 07:00:00.000,0
1927972279,2016-04-26 08:00:00.000,0
1927972279,2016-04-26 09:00:00.000,0
1927972279,2016-04-26 10:00:00.000,65
1927972279,2016-04-26 11:00:00.000,378
1927972279,2016-04-26 12:00:00.000,60
1927972279,2016-04-26 13:00:00.000,370
1927972279,2016-04-26 14:00:00.000,205
1927972279,2016-04-26 15:00:00.000,202
1927972279,2016-04-26 16:00:00.000,977
1927972279,2016-04-26 17:00:00.000,307
1927972279,2016-04-26 18:00:00.000,516
1927972279,2016-04-26 19:00:00.000,346
1927972279,2016-04-26 20:00:00.000,100
1927972279,2016-04-26 21:00:00.000,69
1927972279,2016-04-26 22:00:00.000,74
1927972279,2016-04-26 23:00:00.000,44
1927972279,2016-04-27 00:00:00.000,0
1927972279,2016-04-27 01:00:00.000,0
1927972279,2016-04-27 02:00:00.000,0
1927972279,2016-04-27 03:00:00.000,0
1927972279,2016-04-27 04:00:00.000,0
1927972279,2016-04-27 05:00:00.000,0
1927972279,2016-04-27 06:00:00.000,0
1927972279,2016-04-27 07:00:00.000,0
1927972279,2016-04-27 08:00:00.000,0
1927972279,2016-04-27 09:00:00.000,0
1927972279,2016-04-27 10:00:00.000,0
1927972279,2016-04-27 11:00:00.000,0
1927972279,2016-04-27 12:00:00.000,0
1927972279,2016-04-27 13:00:00.000,0
1927972279,2016-04-27 14:00:00.000,0
1927972279,2016-04-27 15:00:00.000,0
1927972279,2016-04-27 16:00:00.000,0
1927972279,2016-04-27 17:00:00.000,0
1927972279,2016-04-27 18:00:00.000,0
1927972279,2016-04-27 19:00:00.000,0
1927972279,2016-04-27 20:00:00.000,0
1927972279,2016-04-27 21:00:00.000,0
1927972279,2016-04-27 22:00:00.000,0
1927972279,2016-04-27 23:00:00.000,0
1927972279,2016-04-28 00:00:00.000,0
1927972279,2016-04-28 01:00:00.000,0
1927972279,2016-04-28 02:00:00.000,0
1927972279,2016-04-28 03:00:00.000,0
1927972279,2016-04-28 04:00:00.000,0
1927972279,2016-04-28 05:00:00.000,0
1927972279,2016-04-28 06:00:00.000,0
1927972279,2016-04-28 07:00:00.000,0
1927972279,2016-04-28 08:00:00.000,437
1927972279,2016-04-28 09:00:00.000,99
1927972279,2016-04-28 10:00:00.000,273
1927972279,2016-04-28 11:00:00.000,133
1927972279,2016-04-28 12:00:00.000,4
1927972279,2016-04-28 13:00:00.000,13
1927972279,2016-04-28 14:00:00.000,74
1927972279,2016-04-28 15:00:00.000,39
1927972279,2016-04-28 16:00:00.000,100
1927972279,2016-04-28 17:00:00.000,78
1927972279,2016-04-28 18:00:00.000,362
1927972279,2016-04-28 19:00:00.000,24
1927972279,2016-04-28 20:00:00.000,39
1927972279,2016-04-28 21:00:00.000,0
1927972279,2016-04-28 22:00:00.000,0
1927972279,2016-04-28 23:00:00.000,0
1927972279,2016-04-29 00:00:00.000,0
1927972279,2016-04-29 01:00:00.000,0
1927972279,2016-04-29 02:00:00.000,0
1927972279,2016-04-29 03:00:00.000,0
1927972279,2016-04-29 04:00:00.000,0
1927972279,2016-04-29 05:00:00.000,0
1927972279,2016-04-29 06:00:00.000,0
1927972279,2016-04-29 07:00:00.000,0
1927972279,2016-04-29 08:00:00.000,0
1927972279,2016-04-29 09:00:00.000,0
1927972279,2016-04-29 10:00:00.000,0
1927972279,2016-04-29 11:00:00.000,0
1927972279,2016-04-29 12:00:00.000,0
1927972279,2016-04-29 13:00:00.000,0
1927972279,2016-04-29 14:00:00.000,0
1927972279,2016-04-29 15:00:00.000,0
1927972279,2016-04-29 16:00:00.000,0
1927972279,2016-04-29 17:00:00.000,0
1927972279,2016-04-29 18:00:00.000,0
1927972279,2016-04-29 19:00:00.000,0
1927972279,2016-04-29 20:00:00.000,0
1927972279,2016-04-29 21:00:00.000,0
1927972279,2016-04-29 22:00:00.000,0
1927972279,2016-04-29 23:00:00.000,0
1927972279,2016-04-30 00:00:00.000,0
1927972279,2016-04-30 01:00:00.000,0
1927972279,2016-04-30 02:00:00.000,0
1927972279,2016-04-30 03:00:00.000,0
1927972279,2016-04-30 04:00:00.000,0
1927972279,2016-04-30 05:00:00.000,0
1927972279,2016-04-30 06:00:00.000,0
1927972279,2016-04-30 07:00:00.000,0
1927972279,2016-04-30 08:00:00.000,0
1927972279,2016-04-30 09:00:00.000,0
1927972279,2016-04-30 10:00:00.000,0
1927972279,2016-04-30 11:00:00.000,0
1927972279,2016-04-30 12:00:00.000,0
1927972279,2016-04-30 13:00:00.000,0
1927972279,2016-04-30 14:00:00.000,0
1927972279,2016-04-30 15:00:00.000,0
1927972279,2016-04-30 16:00:00.000,0
1927972279,2016-04-30 17:00:00.000,0
1927972279,2016-04-30 18:00:00.000,0
1927972279,2016-04-30 19:00:00.000,0
1927972279,2016-04-30 20:00:00.000,0
1927972279,2016-04-30 21:00:00.000,0
1927972279,2016-04-30 22:00:00.000,0
1927972279,2016-04-30 23:00:00.000,0
1927972279,2016-01-05 00:00:00.000,0
1927972279,2016-01-05 01:00:00.000,0
1927972279,2016-01-05 02:00:00.000,0
1927972279,2016-01-05 03:00:00.000,0
1927972279,2016-01-05 04:00:00.000,0
1927972279,2016-01-05 05:00:00.000,0
1927972279,2016-01-05 06:00:00.000,0
1927972279,2016-01-05 07:00:00.000,0
1927972279,2016-01-05 08:00:00.000,27
1927972279,2016-01-05 09:00:00.000,0
1927972279,2016-01-05 10:00:00.000,79
1927972279,2016-01-05 11:00:00.000,151
1927972279,2016-01-05 12:00:00.000,84
1927972279,2016-01-05 13:00:00.000,1783
1927972279,2016-01-05 14:00:00.000,232
1927972279,2016-01-05 15:00:00.000,15
1927972279,2016-01-05 16:00:00.000,12
1927972279,2016-01-05 17:00:00.000,13
1927972279,2016-01-05 18:00:00.000,35
1927972279,2016-01-05 19:00:00.000,190
1927972279,2016-01-05 20:00:00.000,11
1927972279,2016-01-05 21:00:00.000,72
1927972279,2016-01-05 22:00:00.000,0
1927972279,2016-01-05 23:00:00.000,0
1927972279,2016-02-05 00:00:00.000,0
1927972279,2016-02-05 01:00:00.000,0
1927972279,2016-02-05 02:00:00.000,0
1927972279,2016-02-05 03:00:00.000,0
1927972279,2016-02-05 04:00:00.000,0
1927972279,2016-02-05 05:00:00.000,0
1927972279,2016-02-05 06:00:00.000,0
1927972279,2016-02-05 07:00:00.000,0
1927972279,2016-02-05 08:00:00.000,0
1927972279,2016-02-05 09:00:00.000,0
1927972279,2016-02-05 10:00:00.000,0
1927972279,2016-02-05 11:00:00.000,2109
1927972279,2016-02-05 12:00:00.000,78
1927972279,2016-02-05 13:00:00.000,25
1927972279,2016-02-05 14:00:00.000,147
1927972279,2016-02-05 15:00:00.000,132
1927972279,2016-02-05 16:00:00.000,190
1927972279,2016-02-05 17:00:00.000,249
1927972279,2016-02-05 18:00:00.000,207
1927972279,2016-02-05 19:00:00.000,653
1927972279,2016-02-05 20:00:00.000,0
1927972279,2016-02-05 21:00:00.000,0
1927972279,2016-02-05 22:00:00.000,0
1927972279,2016-02-05 23:00:00.000,0
1927972279,2016-03-05 00:00:00.000,0
1927972279,2016-03-05 01:00:00.000,0
1927972279,2016-03-05 02:00:00.000,0
1927972279,2016-03-05 03:00:00.000,0
1927972279,2016-03-05 04:00:00.000,0
1927972279,2016-03-05 05:00:00.000,0
1927972279,2016-03-05 06:00:00.000,0
1927972279,2016-03-05 07:00:00.000,0
1927972279,2016-03-05 08:00:00.000,1245
1927972279,2016-03-05 09:00:00.000,0
1927972279,2016-03-05 10:00:00.000,74
1927972279,2016-03-05 11:00:00.000,0
1927972279,2016-03-05 12:00:00.000,0
1927972279,2016-03-05 13:00:00.000,7
1927972279,2016-03-05 14:00:00.000,0
1927972279,2016-03-05 15:00:00.000,0
1927972279,2016-03-05 16:00:00.000,0
1927972279,2016-03-05 17:00:00.000,0
1927972279,2016-03-05 18:00:00.000,0
1927972279,2016-03-05 19:00:00.000,0
1927972279,2016-03-05 20:00:00.000,0
1927972279,2016-03-05 21:00:00.000,0
1927972279,2016-03-05 22:00:00.000,0
1927972279,2016-03-05 23:00:00.000,0
1927972279,2016-04-05 00:00:00.000,0
1927972279,2016-04-05 01:00:00.000,0
1927972279,2016-04-05 02:00:00.000,0
1927972279,2016-04-05 03:00:00.000,0
1927972279,2016-04-05 04:00:00.000,0
1927972279,2016-04-05 05:00:00.000,0
1927972279,2016-04-05 06:00:00.000,0
1927972279,2016-04-05 07:00:00.000,0
1927972279,2016-04-05 08:00:00.000,0
1927972279,2016-04-05 09:00:00.000,0
1927972279,2016-04-05 10:00:00.000,926
1927972279,2016-04-05 11:00:00.000,35
1927972279,2016-04-05 12:00:00.000,76
1927972279,2016-04-05 13:00:00.000,87
1927972279,2016-04-05 14:00:00.000,35
1927972279,2016-04-05 15:00:00.000,123
1927972279,2016-04-05 16:00:00.000,217
1927972279,2016-04-05 17:00:00.000,120
1927972279,2016-04-05 18:00:00.000,5
1927972279,2016-04-05 19:00:00.000,61
1927972279,2016-04-05 20:00:00.000,101
1927972279,2016-04-05 21:00:00.000,0
1927972279,2016-04-05 22:00:00.000,0
1927972279,2016-04-05 23:00:00.000,0
1927972279,2016-05-05 00:00:00.000,0
1927972279,2016-05-05 01:00:00.000,0
1927972279,2016-05-05 02:00:00.000,0
1927972279,2016-05-05 03:00:00.000,0
1927972279,2016-05-05 04:00:00.000,0
1927972279,2016-05-05 05:00:00.000,0
1927972279,2016-05-05 06:00:00.000,0
1927972279,2016-05-05 07:00:00.000,0
1927972279,2016-05-05 08:00:00.000,0
1927972279,2016-05-05 09:00:00.000,0
1927972279,2016-05-05 10:00:00.000,0
1927972279,2016-05-05 11:00:00.000,0
1927972279,2016-05-05 12:00:00.000,0
1927972279,2016-05-05 13:00:00.000,0
1927972279,2016-05-05 14:00:00.000,0
1927972279,2016-05-05 15:00:00.000,0
1927972279,2016-05-05 16:00:00.000,0
1927972279,2016-05-05 17:00:00.000,0
1927972279,2016-05-05 18:00:00.000,0
1927972279,2016-05-05 19:00:00.000,0
1927972279,2016-05-05 20:00:00.000,0
1927972279,2016-05-05 21:00:00.000,0
1927972279,2016-05-05 22:00:00.000,0
1927972279,2016-05-05 23:00:00.000,0
1927972279,2016-06-05 00:00:00.000,0
1927972279,2016-06-05 01:00:00.000,0
1927972279,2016-06-05 02:00:00.000,0
1927972279,2016-06-05 03:00:00.000,0
1927972279,2016-06-05 04:00:00.000,0
1927972279,2016-06-05 05:00:00.000,0
1927972279,2016-06-05 06:00:00.000,0
1927972279,2016-06-05 07:00:00.000,0
1927972279,2016-06-05 08:00:00.000,0
1927972279,2016-06-05 09:00:00.000,0
1927972279,2016-06-05 10:00:00.000,0
1927972279,2016-06-05 11:00:00.000,0
1927972279,2016-06-05 12:00:00.000,0
1927972279,2016-06-05 13:00:00.000,0
1927972279,2016-06-05 14:00:00.000,0
1927972279,2016-06-05 15:00:00.000,0
1927972279,2016-06-05 16:00:00.000,72
1927972279,2016-06-05 17:00:00.000,288
1927972279,2016-06-05 18:00:00.000,181
1927972279,2016-06-05 19:00:00.000,1215
1927972279,2016-06-05 20:00:00.000,187
1927972279,2016-06-05 21:00:00.000,98
1927972279,2016-06-05 22:00:00.000,50
1927972279,2016-06-05 23:00:00.000,0
1927972279,2016-07-05 00:00:00.000,0
1927972279,2016-07-05 01:00:00.000,0
1927972279,2016-07-05 02:00:00.000,0
1927972279,2016-07-05 03:00:00.000,0
1927972279,2016-07-05 04:00:00.000,0
1927972279,2016-07-05 05:00:00.000,0
1927972279,2016-07-05 06:00:00.000,0
1927972279,2016-07-05 07:00:00.000,0
1927972279,2016-07-05 08:00:00.000,0
1927972279,2016-07-05 09:00:00.000,0
1927972279,2016-07-05 10:00:00.000,1061
1927972279,2016-07-05 11:00:00.000,449
1927972279,2016-07-05 12:00:00.000,0
1927972279,2016-07-05 13:00:00.000,0
1927972279,2016-07-05 14:00:00.000,0
1927972279,2016-07-05 15:00:00.000,0
1927972279,2016-07-05 16:00:00.000,0
1927972279,2016-07-05 17:00:00.000,0
1927972279,2016-07-05 18:00:00.000,0
1927972279,2016-07-05 19:00:00.000,0
1927972279,2016-07-05 20:00:00.000,0
1927972279,2016-07-05 21:00:00.000,0
1927972279,2016-07-05 22:00:00.000,0
1927972279,2016-07-05 23:00:00.000,0
1927972279,2016-08-05 00:00:00.000,0
1927972279,2016-08-05 01:00:00.000,0
1927972279,2016-08-05 02:00:00.000,0
1927972279,2016-08-05 03:00:00.000,0
1927972279,2016-08-05 04:00:00.000,0
1927972279,2016-08-05 05:00:00.000,0
1927972279,2016-08-05 06:00:00.000,0
1927972279,2016-08-05 07:00:00.000,0
1927972279,2016-08-05 08:00:00.000,0
1927972279,2016-08-05 09:00:00.000,0
1927972279,2016-08-05 10:00:00.000,0
1927972279,2016-08-05 11:00:00.000,0
1927972279,2016-08-05 12:00:00.000,0
1927972279,2016-08-05 13:00:00.000,0
1927972279,2016-08-05 14:00:00.000,0
1927972279,2016-08-05 15:00:00.000,0
1927972279,2016-08-05 16:00:00.000,0
1927972279,2016-08-05 17:00:00.000,0
1927972279,2016-08-05 18:00:00.000,0
1927972279,2016-08-05 19:00:00.000,0
1927972279,2016-08-05 20:00:00.000,0
1927972279,2016-08-05 21:00:00.000,0
1927972279,2016-08-05 22:00:00.000,0
1927972279,2016-08-05 23:00:00.000,0
1927972279,2016-09-05 00:00:00.000,0
1927972279,2016-09-05 01:00:00.000,0
1927972279,2016-09-05 02:00:00.000,0
1927972279,2016-09-05 03:00:00.000,0
1927972279,2016-09-05 04:00:00.000,0
1927972279,2016-09-05 05:00:00.000,0
1927972279,2016-09-05 06:00:00.000,0
1927972279,2016-09-05 07:00:00.000,0
1927972279,2016-09-05 08:00:00.000,0
1927972279,2016-09-05 09:00:00.000,0
1927972279,2016-09-05 10:00:00.000,0
1927972279,2016-09-05 11:00:00.000,0
1927972279,2016-09-05 12:00:00.000,0
1927972279,2016-09-05 13:00:00.000,0
1927972279,2016-09-05 14:00:00.000,0
1927972279,2016-09-05 15:00:00.000,0
1927972279,2016-09-05 16:00:00.000,0
1927972279,2016-09-05 17:00:00.000,0
1927972279,2016-09-05 18:00:00.000,0
1927972279,2016-09-05 19:00:00.000,0
1927972279,2016-09-05 20:00:00.000,0
1927972279,2016-09-05 21:00:00.000,0
1927972279,2016-09-05 22:00:00.000,0
1927972279,2016-09-05 23:00:00.000,0
1927972279,2016-10-05 00:00:00.000,0
1927972279,2016-10-05 01:00:00.000,0
1927972279,2016-10-05 02:00:00.000,0
1927972279,2016-10-05 03:00:00.000,0
1927972279,2016-10-05 04:00:00.000,0
1927972279,2016-10-05 05:00:00.000,0
1927972279,2016-10-05 06:00:00.000,0
1927972279,2016-10-05 07:00:00.000,0
1927972279,2016-10-05 08:00:00.000,0
1927972279,2016-10-05 09:00:00.000,0
1927972279,2016-10-05 10:00:00.000,0
1927972279,2016-10-05 11:00:00.000,0
1927972279,2016-10-05 12:00:00.000,0
1927972279,2016-10-05 13:00:00.000,0
1927972279,2016-10-05 14:00:00.000,0
1927972279,2016-10-05 15:00:00.000,0
1927972279,2016-10-05 16:00:00.000,0
1927972279,2016-10-05 17:00:00.000,0
1927972279,2016-10-05 18:00:00.000,0
1927972279,2016-10-05 19:00:00.000,0
1927972279,2016-10-05 20:00:00.000,0
1927972279,2016-10-05 21:00:00.000,0
1927972279,2016-10-05 22:00:00.000,0
1927972279,2016-10-05 23:00:00.000,0
1927972279,2016-11-05 00:00:00.000,0
1927972279,2016-11-05 01:00:00.000,0
1927972279,2016-11-05 02:00:00.000,0
1927972279,2016-11-05 03:00:00.000,0
1927972279,2016-11-05 04:00:00.000,0
1927972279,2016-11-05 05:00:00.000,0
1927972279,2016-11-05 06:00:00.000,0
1927972279,2016-11-05 07:00:00.000,0
1927972279,2016-11-05 08:00:00.000,0
1927972279,2016-11-05 09:00:00.000,0
1927972279,2016-11-05 10:00:00.000,0
1927972279,2016-11-05 11:00:00.000,0
1927972279,2016-11-05 12:00:00.000,0
1927972279,2016-11-05 13:00:00.000,0
1927972279,2016-11-05 14:00:00.000,0
1927972279,2016-11-05 15:00:00.000,0
1927972279,2016-11-05 16:00:00.000,0
1927972279,2016-11-05 17:00:00.000,0
1927972279,2016-11-05 18:00:00.000,0
1927972279,2016-11-05 19:00:00.000,0
1927972279,2016-11-05 20:00:00.000,0
1927972279,2016-11-05 21:00:00.000,0
1927972279,2016-11-05 22:00:00.000,0
1927972279,2016-11-05 23:00:00.000,0
1927972279,2016-12-05 00:00:00.000,0
1927972279,2016-12-05 01:00:00.000,0
1927972279,2016-12-05 02:00:00.000,0
1927972279,2016-12-05 03:00:00.000,0
1927972279,2016-12-05 04:00:00.000,0
1927972279,2016-12-05 05:00:00.000,0
1927972279,2016-12-05 06:00:00.000,0
1927972279,2016-12-05 07:00:00.000,0
1927972279,2016-12-05 08:00:00.000,0
1927972279,2016-12-05 09:00:00.000,0
1927972279,2016-12-05 10:00:00.000,0
1927972279,2016-12-05 11:00:00.000,0
1927972279,2016-12-05 12:00:00.000,0
1927972279,2016-12-05 13:00:00.000,0
1927972279,2016-12-05 14:00:00.000,0
1927972279,2016-12-05 15:00:00.000,0
2022484408,2016-12-04 00:00:00.000,0
2022484408,2016-12-04 01:00:00.000,0
2022484408,2016-12-04 02:00:00.000,0
2022484408,2016-12-04 03:00:00.000,0
2022484408,2016-12-04 04:00:00.000,0
2022484408,2016-12-04 05:00:00.000,0
2022484408,2016-12-04 06:00:00.000,0
2022484408,2016-12-04 07:00:00.000,847
2022484408,2016-12-04 08:00:00.000,334
2022484408,2016-12-04 09:00:00.000,243
2022484408,2016-12-04 10:00:00.000,5243
2022484408,2016-12-04 11:00:00.000,323
2022484408,2016-12-04 12:00:00.000,184
2022484408,2016-12-04 13:00:00.000,658
2022484408,2016-12-04 14:00:00.000,2168
2022484408,2016-12-04 15:00:00.000,327
2022484408,2016-12-04 16:00:00.000,539
2022484408,2016-12-04 17:00:00.000,509
2022484408,2016-12-04 18:00:00.000,304
2022484408,2016-12-04 19:00:00.000,196
2022484408,2016-12-04 20:00:00.000,0
2022484408,2016-12-04 21:00:00.000,0
2022484408,2016-12-04 22:00:00.000,0
2022484408,2016-12-04 23:00:00.000,0
2022484408,2016-04-13 00:00:00.000,0
2022484408,2016-04-13 01:00:00.000,0
2022484408,2016-04-13 02:00:00.000,0
2022484408,2016-04-13 03:00:00.000,0
2022484408,2016-04-13 04:00:00.000,0
2022484408,2016-04-13 05:00:00.000,0
2022484408,2016-04-13 06:00:00.000,0
2022484408,2016-04-13 07:00:00.000,619
2022484408,2016-04-13 08:00:00.000,609
2022484408,2016-04-13 09:00:00.000,4453
2022484408,2016-04-13 10:00:00.000,198
2022484408,2016-04-13 11:00:00.000,399
2022484408,2016-04-13 12:00:00.000,687
2022484408,2016-04-13 13:00:00.000,247
2022484408,2016-04-13 14:00:00.000,1803
2022484408,2016-04-13 15:00:00.000,635
2022484408,2016-04-13 16:00:00.000,589
2022484408,2016-04-13 17:00:00.000,643
2022484408,2016-04-13 18:00:00.000,556
2022484408,2016-04-13 19:00:00.000,581
2022484408,2016-04-13 20:00:00.000,5
2022484408,2016-04-13 21:00:00.000,0
2022484408,2016-04-13 22:00:00.000,0
2022484408,2016-04-13 23:00:00.000,0
2022484408,2016-04-14 00:00:00.000,0
2022484408,2016-04-14 01:00:00.000,0
2022484408,2016-04-14 02:00:00.000,0
2022484408,2016-04-14 03:00:00.000,0
2022484408,2016-04-14 04:00:00.000,0
2022484408,2016-04-14 05:00:00.000,0
2022484408,2016-04-14 06:00:00.000,0
2022484408,2016-04-14 07:00:00.000,235
2022484408,2016-04-14 08:00:00.000,283
2022484408,2016-04-14 09:00:00.000,328
2022484408,2016-04-14 10:00:00.000,393
2022484408,2016-04-14 11:00:00.000,175
2022484408,2016-04-14 12:00:00.000,71
2022484408,2016-04-14 13:00:00.000,236
2022484408,2016-04-14 14:00:00.000,1913
2022484408,2016-04-14 15:00:00.000,399
2022484408,2016-04-14 16:00:00.000,767
2022484408,2016-04-14 17:00:00.000,893
2022484408,2016-04-14 18:00:00.000,3833
2022484408,2016-04-14 19:00:00.000,852
2022484408,2016-04-14 20:00:00.000,312
2022484408,2016-04-14 21:00:00.000,0
2022484408,2016-04-14 22:00:00.000,0
2022484408,2016-04-14 23:00:00.000,0
2022484408,2016-04-15 00:00:00.000,0
2022484408,2016-04-15 01:00:00.000,0
2022484408,2016-04-15 02:00:00.000,0
2022484408,2016-04-15 03:00:00.000,0
2022484408,2016-04-15 04:00:00.000,0
2022484408,2016-04-15 05:00:00.000,0
2022484408,2016-04-15 06:00:00.000,0
2022484408,2016-04-15 07:00:00.000,531
2022484408,2016-04-15 08:00:00.000,728
2022484408,2016-04-15 09:00:00.000,3853
2022484408,2016-04-15 10:00:00.000,643
2022484408,2016-04-15 11:00:00.000,486
2022484408,2016-04-15 12:00:00.000,103
2022484408,2016-04-15 13:00:00.000,1171
2022484408,2016-04-15 14:00:00.000,791
2022484408,2016-04-15 15:00:00.000,481
2022484408,2016-04-15 16:00:00.000,1233
2022484408,2016-04-15 17:00:00.000,582
2022484408,2016-04-15 18:00:00.000,227
2022484408,2016-04-15 19:00:00.000,205
2022484408,2016-04-15 20:00:00.000,0
2022484408,2016-04-15 21:00:00.000,0
2022484408,2016-04-15 22:00:00.000,0
2022484408,2016-04-15 23:00:00.000,0
2022484408,2016-04-16 00:00:00.000,0
2022484408,2016-04-16 01:00:00.000,0
2022484408,2016-04-16 02:00:00.000,0
2022484408,2016-04-16 03:00:00.000,0
2022484408,2016-04-16 04:00:00.000,0
2022484408,2016-04-16 05:00:00.000,0
2022484408,2016-04-16 06:00:00.000,0
2022484408,2016-04-16 07:00:00.000,126
2022484408,2016-04-16 08:00:00.000,904
2022484408,2016-04-16 09:00:00.000,4833
2022484408,2016-04-16 10:00:00.000,732
2022484408,2016-04-16 11:00:00.000,678
2022484408,2016-04-16 12:00:00.000,469
2022484408,2016-04-16 13:00:00.000,1229
2022484408,2016-04-16 14:00:00.000,623
2022484408,2016-04-16 15:00:00.000,506
2022484408,2016-04-16 16:00:00.000,0
2022484408,2016-04-16 17:00:00.000,0
2022484408,2016-04-16 18:00:00.000,0
2022484408,2016-04-16 19:00:00.000,0
2022484408,2016-04-16 20:00:00.000,0
2022484408,2016-04-16 21:00:00.000,0
2022484408,2016-04-16 22:00:00.000,0
2022484408,2016-04-16 23:00:00.000,0
2022484408,2016-04-17 00:00:00.000,0
2022484408,2016-04-17 01:00:00.000,0
2022484408,2016-04-17 02:00:00.000,0
2022484408,2016-04-17 03:00:00.000,0
2022484408,2016-04-17 04:00:00.000,0
2022484408,2016-04-17 05:00:00.000,0
2022484408,2016-04-17 06:00:00.000,0
2022484408,2016-04-17 07:00:00.000,0
2022484408,2016-04-17 08:00:00.000,567
2022484408,2016-04-17 09:00:00.000,5317
2022484408,2016-04-17 10:00:00.000,1567
2022484408,2016-04-17 11:00:00.000,1194
2022484408,2016-04-17 12:00:00.000,64
2022484408,2016-04-17 13:00:00.000,292
2022484408,2016-04-17 14:00:00.000,1404
2022484408,2016-04-17 15:00:00.000,1147
2022484408,2016-04-17 16:00:00.000,1151
2022484408,2016-04-17 17:00:00.000,1351
2022484408,2016-04-17 18:00:00.000,644
2022484408,2016-04-17 19:00:00.000,247
2022484408,2016-04-17 20:00:00.000,167
2022484408,2016-04-17 21:00:00.000,0
2022484408,2016-04-17 22:00:00.000,0
2022484408,2016-04-17 23:00:00.000,0
2022484408,2016-04-18 00:00:00.000,0
2022484408,2016-04-18 01:00:00.000,0
2022484408,2016-04-18 02:00:00.000,0
2022484408,2016-04-18 03:00:00.000,0
2022484408,2016-04-18 04:00:00.000,0
2022484408,2016-04-18 05:00:00.000,0
2022484408,2016-04-18 06:00:00.000,69
2022484408,2016-04-18 07:00:00.000,1073
2022484408,2016-04-18 08:00:00.000,712
2022484408,2016-04-18 09:00:00.000,5400
2022484408,2016-04-18 10:00:00.000,796
2022484408,2016-04-18 11:00:00.000,46
2022484408,2016-04-18 12:00:00.000,306
2022484408,2016-04-18 13:00:00.000,404
2022484408,2016-04-18 14:00:00.000,1706
2022484408,2016-04-18 15:00:00.000,658
2022484408,2016-04-18 16:00:00.000,570
2022484408,2016-04-18 17:00:00.000,849
2022484408,2016-04-18 18:00:00.000,899
2022484408,2016-04-18 19:00:00.000,567
2022484408,2016-04-18 20:00:00.000,76
2022484408,2016-04-18 21:00:00.000,0
2022484408,2016-04-18 22:00:00.000,0
2022484408,2016-04-18 23:00:00.000,0
2022484408,2016-04-19 00:00:00.000,0
2022484408,2016-04-19 01:00:00.000,0
2022484408,2016-04-19 02:00:00.000,0
2022484408,2016-04-19 03:00:00.000,0
2022484408,2016-04-19 04:00:00.000,0
2022484408,2016-04-19 05:00:00.000,0
2022484408,2016-04-19 06:00:00.000,0
2022484408,2016-04-19 07:00:00.000,0
2022484408,2016-04-19 08:00:00.000,0
2022484408,2016-04-19 09:00:00.000,671
2022484408,2016-04-19 10:00:00.000,466
2022484408,2016-04-19 11:00:00.000,621
2022484408,2016-04-19 12:00:00.000,479
2022484408,2016-04-19 13:00:00.000,794
2022484408,2016-04-19 14:00:00.000,1437
2022484408,2016-04-19 15:00:00.000,1081
2022484408,2016-04-19 16:00:00.000,4709
2022484408,2016-04-19 17:00:00.000,459
2022484408,2016-04-19 18:00:00.000,548
2022484408,2016-04-19 19:00:00.000,283
2022484408,2016-04-19 20:00:00.000,0
2022484408,2016-04-19 21:00:00.000,0
2022484408,2016-04-19 22:00:00.000,0
2022484408,2016-04-19 23:00:00.000,0
2022484408,2016-04-20 00:00:00.000,0
2022484408,2016-04-20 01:00:00.000,0
2022484408,2016-04-20 02:00:00.000,0
2022484408,2016-04-20 03:00:00.000,0
2022484408,2016-04-20 04:00:00.000,0
2022484408,2016-04-20 05:00:00.000,0
2022484408,2016-04-20 06:00:00.000,129
2022484408,2016-04-20 07:00:00.000,661
2022484408,2016-04-20 08:00:00.000,1272
2022484408,2016-04-20 09:00:00.000,4293
2022484408,2016-04-20 10:00:00.000,172
2022484408,2016-04-20 11:00:00.000,410
2022484408,2016-04-20 12:00:00.000,1314
2022484408,2016-04-20 13:00:00.000,664
2022484408,2016-04-20 14:00:00.000,1780
2022484408,2016-04-20 15:00:00.000,924
2022484408,2016-04-20 16:00:00.000,854
2022484408,2016-04-20 17:00:00.000,944
2022484408,2016-04-20 18:00:00.000,541
2022484408,2016-04-20 19:00:00.000,839
2022484408,2016-04-20 20:00:00.000,315
2022484408,2016-04-20 21:00:00.000,0
2022484408,2016-04-20 22:00:00.000,0
2022484408,2016-04-20 23:00:00.000,0
2022484408,2016-04-21 00:00:00.000,0
2022484408,2016-04-21 01:00:00.000,0
2022484408,2016-04-21 02:00:00.000,0
2022484408,2016-04-21 03:00:00.000,0
2022484408,2016-04-21 04:00:00.000,0
2022484408,2016-04-21 05:00:00.000,0
2022484408,2016-04-21 06:00:00.000,0
2022484408,2016-04-21 07:00:00.000,955
2022484408,2016-04-21 08:00:00.000,168
2022484408,2016-04-21 09:00:00.000,481
2022484408,2016-04-21 10:00:00.000,1272
2022484408,2016-04-21 11:00:00.000,968
2022484408,2016-04-21 12:00:00.000,3571
2022484408,2016-04-21 13:00:00.000,13
2022484408,2016-04-21 14:00:00.000,1357
2022484408,2016-04-21 15:00:00.000,1248
2022484408,2016-04-21 16:00:00.000,506
2022484408,2016-04-21 17:00:00.000,427
2022484408,2016-04-21 18:00:00.000,955
2022484408,2016-04-21 19:00:00.000,370
2022484408,2016-04-21 20:00:00.000,162
2022484408,2016-04-21 21:00:00.000,0
2022484408,2016-04-21 22:00:00.000,0
2022484408,2016-04-21 23:00:00.000,0
2022484408,2016-04-22 00:00:00.000,0
2022484408,2016-04-22 01:00:00.000,0
2022484408,2016-04-22 02:00:00.000,0
2022484408,2016-04-22 03:00:00.000,0
2022484408,2016-04-22 04:00:00.000,0
2022484408,2016-04-22 05:00:00.000,0
2022484408,2016-04-22 06:00:00.000,60
2022484408,2016-04-22 07:00:00.000,715
2022484408,2016-04-22 08:00:00.000,473
2022484408,2016-04-22 09:00:00.000,5596
2022484408,2016-04-22 10:00:00.000,1439
2022484408,2016-04-22 11:00:00.000,548
2022484408,2016-04-22 12:00:00.000,735
2022484408,2016-04-22 13:00:00.000,920
2022484408,2016-04-22 14:00:00.000,907
2022484408,2016-04-22 15:00:00.000,333
2022484408,2016-04-22 16:00:00.000,92
2022484408,2016-04-22 17:00:00.000,106
2022484408,2016-04-22 18:00:00.000,296
2022484408,2016-04-22 19:00:00.000,560
2022484408,2016-04-22 20:00:00.000,174
2022484408,2016-04-22 21:00:00.000,0
2022484408,2016-04-22 22:00:00.000,0
2022484408,2016-04-22 23:00:00.000,0
2022484408,2016-04-23 00:00:00.000,0
2022484408,2016-04-23 01:00:00.000,0
2022484408,2016-04-23 02:00:00.000,0
2022484408,2016-04-23 03:00:00.000,0
2022484408,2016-04-23 04:00:00.000,0
2022484408,2016-04-23 05:00:00.000,0
2022484408,2016-04-23 06:00:00.000,0
2022484408,2016-04-23 07:00:00.000,0
2022484408,2016-04-23 08:00:00.000,0
2022484408,2016-04-23 09:00:00.000,0
2022484408,2016-04-23 10:00:00.000,0
2022484408,2016-04-23 11:00:00.000,0
2022484408,2016-04-23 12:00:00.000,289
2022484408,2016-04-23 13:00:00.000,1008
2022484408,2016-04-23 14:00:00.000,595
2022484408,2016-04-23 15:00:00.000,1232
2022484408,2016-04-23 16:00:00.000,729
2022484408,2016-04-23 17:00:00.000,459
2022484408,2016-04-23 18:00:00.000,618
2022484408,2016-04-23 19:00:00.000,483
2022484408,2016-04-23 20:00:00.000,267
2022484408,2016-04-23 21:00:00.000,139
2022484408,2016-04-23 22:00:00.000,182
2022484408,2016-04-23 23:00:00.000,0
2022484408,2016-04-24 00:00:00.000,0
2022484408,2016-04-24 01:00:00.000,0
2022484408,2016-04-24 02:00:00.000,0
2022484408,2016-04-24 03:00:00.000,0
2022484408,2016-04-24 04:00:00.000,0
2022484408,2016-04-24 05:00:00.000,0
2022484408,2016-04-24 06:00:00.000,0
2022484408,2016-04-24 07:00:00.000,0
2022484408,2016-04-24 08:00:00.000,3056
2022484408,2016-04-24 09:00:00.000,3130
2022484408,2016-04-24 10:00:00.000,496
2022484408,2016-04-24 11:00:00.000,708
2022484408,2016-04-24 12:00:00.000,699
2022484408,2016-04-24 13:00:00.000,1305
2022484408,2016-04-24 14:00:00.000,519
2022484408,2016-04-24 15:00:00.000,1963
2022484408,2016-04-24 16:00:00.000,85
2022484408,2016-04-24 17:00:00.000,573
2022484408,2016-04-24 18:00:00.000,947
2022484408,2016-04-24 19:00:00.000,0
2022484408,2016-04-24 20:00:00.000,0
2022484408,2016-04-24 21:00:00.000,0
2022484408,2016-04-24 22:00:00.000,0
2022484408,2016-04-24 23:00:00.000,0
2022484408,2016-04-25 00:00:00.000,0
2022484408,2016-04-25 01:00:00.000,0
2022484408,2016-04-25 02:00:00.000,0
2022484408,2016-04-25 03:00:00.000,0
2022484408,2016-04-25 04:00:00.000,0
2022484408,2016-04-25 05:00:00.000,0
2022484408,2016-04-25 06:00:00.000,0
2022484408,2016-04-25 07:00:00.000,718
2022484408,2016-04-25 08:00:00.000,380
2022484408,2016-04-25 09:00:00.000,5257
2022484408,2016-04-25 10:00:00.000,289
2022484408,2016-04-25 11:00:00.000,0
2022484408,2016-04-25 12:00:00.000,0
2022484408,2016-04-25 13:00:00.000,157
2022484408,2016-04-25 14:00:00.000,1507
2022484408,2016-04-25 15:00:00.000,281
2022484408,2016-04-25 16:00:00.000,696
2022484408,2016-04-25 17:00:00.000,645
2022484408,2016-04-25 18:00:00.000,250
2022484408,2016-04-25 19:00:00.000,1122
2022484408,2016-04-25 20:00:00.000,67
2022484408,2016-04-25 21:00:00.000,0
2022484408,2016-04-25 22:00:00.000,0
2022484408,2016-04-25 23:00:00.000,0
2022484408,2016-04-26 00:00:00.000,0
2022484408,2016-04-26 01:00:00.000,0
2022484408,2016-04-26 02:00:00.000,0
2022484408,2016-04-26 03:00:00.000,0
2022484408,2016-04-26 04:00:00.000,0
2022484408,2016-04-26 05:00:00.000,0
2022484408,2016-04-26 06:00:00.000,0
2022484408,2016-04-26 07:00:00.000,908
2022484408,2016-04-26 08:00:00.000,67
2022484408,2016-04-26 09:00:00.000,977
2022484408,2016-04-26 10:00:00.000,1967
2022484408,2016-04-26 11:00:00.000,1005
2022484408,2016-04-26 12:00:00.000,1040
2022484408,2016-04-26 13:00:00.000,31
2022484408,2016-04-26 14:00:00.000,965
2022484408,2016-04-26 15:00:00.000,1112
2022484408,2016-04-26 16:00:00.000,675
2022484408,2016-04-26 17:00:00.000,531
2022484408,2016-04-26 18:00:00.000,357
2022484408,2016-04-26 19:00:00.000,425
2022484408,2016-04-26 20:00:00.000,59
2022484408,2016-04-26 21:00:00.000,0
2022484408,2016-04-26 22:00:00.000,0
2022484408,2016-04-26 23:00:00.000,0
2022484408,2016-04-27 00:00:00.000,0
2022484408,2016-04-27 01:00:00.000,0
2022484408,2016-04-27 02:00:00.000,0
2022484408,2016-04-27 03:00:00.000,0
2022484408,2016-04-27 04:00:00.000,0
2022484408,2016-04-27 05:00:00.000,0
2022484408,2016-04-27 06:00:00.000,0
2022484408,2016-04-27 07:00:00.000,0
2022484408,2016-04-27 08:00:00.000,0
2022484408,2016-04-27 09:00:00.000,1388
2022484408,2016-04-27 10:00:00.000,967
2022484408,2016-04-27 11:00:00.000,149
2022484408,2016-04-27 12:00:00.000,973
2022484408,2016-04-27 13:00:00.000,1313
2022484408,2016-04-27 14:00:00.000,688
2022484408,2016-04-27 15:00:00.000,303
2022484408,2016-04-27 16:00:00.000,702
2022484408,2016-04-27 17:00:00.000,600
2022484408,2016-04-27 18:00:00.000,2917
2022484408,2016-04-27 19:00:00.000,159
2022484408,2016-04-27 20:00:00.000,0
2022484408,2016-04-27 21:00:00.000,0
2022484408,2016-04-27 22:00:00.000,0
2022484408,2016-04-27 23:00:00.000,0
2022484408,2016-04-28 00:00:00.000,0
2022484408,2016-04-28 01:00:00.000,0
2022484408,2016-04-28 02:00:00.000,0
2022484408,2016-04-28 03:00:00.000,0
2022484408,2016-04-28 04:00:00.000,0
2022484408,2016-04-28 05:00:00.000,0
2022484408,2016-04-28 06:00:00.000,0
2022484408,2016-04-28 07:00:00.000,368
2022484408,2016-04-28 08:00:00.000,912
2022484408,2016-04-28 09:00:00.000,787
2022484408,2016-04-28 10:00:00.000,1567
2022484408,2016-04-28 11:00:00.000,858
2022484408,2016-04-28 12:00:00.000,2735
2022484408,2016-04-28 13:00:00.000,197
2022484408,2016-04-28 14:00:00.000,1198
2022484408,2016-04-28 15:00:00.000,101
2022484408,2016-04-28 16:00:00.000,487
2022484408,2016-04-28 17:00:00.000,516
2022484408,2016-04-28 18:00:00.000,166
2022484408,2016-04-28 19:00:00.000,64
2022484408,2016-04-28 20:00:00.000,184
2022484408,2016-04-28 21:00:00.000,0
2022484408,2016-04-28 22:00:00.000,0
2022484408,2016-04-28 23:00:00.000,0
2022484408,2016-04-29 00:00:00.000,0
2022484408,2016-04-29 01:00:00.000,0
2022484408,2016-04-29 02:00:00.000,0
2022484408,2016-04-29 03:00:00.000,0
2022484408,2016-04-29 04:00:00.000,0
2022484408,2016-04-29 05:00:00.000,0
2022484408,2016-04-29 06:00:00.000,0
2022484408,2016-04-29 07:00:00.000,0
2022484408,2016-04-29 08:00:00.000,662
2022484408,2016-04-29 09:00:00.000,1457
2022484408,2016-04-29 10:00:00.000,1012
2022484408,2016-04-29 11:00:00.000,1452
2022484408,2016-04-29 12:00:00.000,530
2022484408,2016-04-29 13:00:00.000,1163
2022484408,2016-04-29 14:00:00.000,1655
2022484408,2016-04-29 15:00:00.000,175
2022484408,2016-04-29 16:00:00.000,1035
2022484408,2016-04-29 17:00:00.000,437
2022484408,2016-04-29 18:00:00.000,315
2022484408,2016-04-29 19:00:00.000,352
2022484408,2016-04-29 20:00:00.000,0
2022484408,2016-04-29 21:00:00.000,0
2022484408,2016-04-29 22:00:00.000,0
2022484408,2016-04-29 23:00:00.000,0
2022484408,2016-04-30 00:00:00.000,0
2022484408,2016-04-30 01:00:00.000,0
2022484408,2016-04-30 02:00:00.000,0
2022484408,2016-04-30 03:00:00.000,0
2022484408,2016-04-30 04:00:00.000,0
2022484408,2016-04-30 05:00:00.000,0
2022484408,2016-04-30 06:00:00.000,437
2022484408,2016-04-30 07:00:00.000,347
2022484408,2016-04-30 08:00:00.000,52
2022484408,2016-04-30 09:00:00.000,127
2022484408,2016-04-30 10:00:00.000,2094
2022484408,2016-04-30 11:00:00.000,1112
2022484408,2016-04-30 12:00:00.000,1372
2022484408,2016-04-30 13:00:00.000,2418
2022484408,2016-04-30 14:00:00.000,1564
2022484408,2016-04-30 15:00:00.000,2742
2022484408,2016-04-30 16:00:00.000,3286
2022484408,2016-04-30 17:00:00.000,1288
2022484408,2016-04-30 18:00:00.000,869
2022484408,2016-04-30 19:00:00.000,577
2022484408,2016-04-30 20:00:00.000,102
2022484408,2016-04-30 21:00:00.000,0
2022484408,2016-04-30 22:00:00.000,0
2022484408,2016-04-30 23:00:00.000,0
2022484408,2016-01-05 00:00:00.000,0
2022484408,2016-01-05 01:00:00.000,0
2022484408,2016-01-05 02:00:00.000,0
2022484408,2016-01-05 03:00:00.000,0
2022484408,2016-01-05 04:00:00.000,0
2022484408,2016-01-05 05:00:00.000,0
2022484408,2016-01-05 06:00:00.000,660
2022484408,2016-01-05 07:00:00.000,360
2022484408,2016-01-05 08:00:00.000,28
2022484408,2016-01-05 09:00:00.000,305
2022484408,2016-01-05 10:00:00.000,3757
2022484408,2016-01-05 11:00:00.000,716
2022484408,2016-01-05 12:00:00.000,132
2022484408,2016-01-05 13:00:00.000,61
2022484408,2016-01-05 14:00:00.000,314
2022484408,2016-01-05 15:00:00.000,882
2022484408,2016-01-05 16:00:00.000,555
2022484408,2016-01-05 17:00:00.000,1088
2022484408,2016-01-05 18:00:00.000,866
2022484408,2016-01-05 19:00:00.000,814
2022484408,2016-01-05 20:00:00.000,0
2022484408,2016-01-05 21:00:00.000,0
2022484408,2016-01-05 22:00:00.000,0
2022484408,2016-01-05 23:00:00.000,0
2022484408,2016-02-05 00:00:00.000,0
2022484408,2016-02-05 01:00:00.000,0
2022484408,2016-02-05 02:00:00.000,0
2022484408,2016-02-05 03:00:00.000,0
2022484408,2016-02-05 04:00:00.000,0
2022484408,2016-02-05 05:00:00.000,0
2022484408,2016-02-05 06:00:00.000,0
2022484408,2016-02-05 07:00:00.000,590
2022484408,2016-02-05 08:00:00.000,385
2022484408,2016-02-05 09:00:00.000,1116
2022484408,2016-02-05 10:00:00.000,737
2022484408,2016-02-05 11:00:00.000,153
2022484408,2016-02-05 12:00:00.000,805
2022484408,2016-02-05 13:00:00.000,610
2022484408,2016-02-05 14:00:00.000,4178
2022484408,2016-02-05 15:00:00.000,255
2022484408,2016-02-05 16:00:00.000,864
2022484408,2016-02-05 17:00:00.000,182
2022484408,2016-02-05 18:00:00.000,271
2022484408,2016-02-05 19:00:00.000,233
2022484408,2016-02-05 20:00:00.000,0
2022484408,2016-02-05 21:00:00.000,0
2022484408,2016-02-05 22:00:00.000,0
2022484408,2016-02-05 23:00:00.000,0
2022484408,2016-03-05 00:00:00.000,0
2022484408,2016-03-05 01:00:00.000,0
2022484408,2016-03-05 02:00:00.000,0
2022484408,2016-03-05 03:00:00.000,0
2022484408,2016-03-05 04:00:00.000,0
2022484408,2016-03-05 05:00:00.000,0
2022484408,2016-03-05 06:00:00.000,0
2022484408,2016-03-05 07:00:00.000,218
2022484408,2016-03-05 08:00:00.000,442
2022484408,2016-03-05 09:00:00.000,412
2022484408,2016-03-05 10:00:00.000,2451
2022484408,2016-03-05 11:00:00.000,526
2022484408,2016-03-05 12:00:00.000,287
2022484408,2016-03-05 13:00:00.000,337
2022484408,2016-03-05 14:00:00.000,2179
2022484408,2016-03-05 15:00:00.000,495
2022484408,2016-03-05 16:00:00.000,3398
2022484408,2016-03-05 17:00:00.000,557
2022484408,2016-03-05 18:00:00.000,105
2022484408,2016-03-05 19:00:00.000,211
2022484408,2016-03-05 20:00:00.000,497
2022484408,2016-03-05 21:00:00.000,68
2022484408,2016-03-05 22:00:00.000,0
2022484408,2016-03-05 23:00:00.000,0
2022484408,2016-04-05 00:00:00.000,0
2022484408,2016-04-05 01:00:00.000,0
2022484408,2016-04-05 02:00:00.000,0
2022484408,2016-04-05 03:00:00.000,0
2022484408,2016-04-05 04:00:00.000,0
2022484408,2016-04-05 05:00:00.000,0
2022484408,2016-04-05 06:00:00.000,112
2022484408,2016-04-05 07:00:00.000,719
2022484408,2016-04-05 08:00:00.000,385
2022484408,2016-04-05 09:00:00.000,1634
2022484408,2016-04-05 10:00:00.000,944
2022484408,2016-04-05 11:00:00.000,602
2022484408,2016-04-05 12:00:00.000,499
2022484408,2016-04-05 13:00:00.000,683
2022484408,2016-04-05 14:00:00.000,3647
2022484408,2016-04-05 15:00:00.000,175
2022484408,2016-04-05 16:00:00.000,701
2022484408,2016-04-05 17:00:00.000,214
2022484408,2016-04-05 18:00:00.000,698
2022484408,2016-04-05 19:00:00.000,630
2022484408,2016-04-05 20:00:00.000,125
2022484408,2016-04-05 21:00:00.000,0
2022484408,2016-04-05 22:00:00.000,0
2022484408,2016-04-05 23:00:00.000,0
2022484408,2016-05-05 00:00:00.000,0
2022484408,2016-05-05 01:00:00.000,0
2022484408,2016-05-05 02:00:00.000,0
2022484408,2016-05-05 03:00:00.000,0
2022484408,2016-05-05 04:00:00.000,0
2022484408,2016-05-05 05:00:00.000,0
2022484408,2016-05-05 06:00:00.000,0
2022484408,2016-05-05 07:00:00.000,0
2022484408,2016-05-05 08:00:00.000,309
2022484408,2016-05-05 09:00:00.000,2327
2022484408,2016-05-05 10:00:00.000,1305
2022484408,2016-05-05 11:00:00.000,666
2022484408,2016-05-05 12:00:00.000,255
2022484408,2016-05-05 13:00:00.000,190
2022484408,2016-05-05 14:00:00.000,1723
2022484408,2016-05-05 15:00:00.000,2384
2022484408,2016-05-05 16:00:00.000,1175
2022484408,2016-05-05 17:00:00.000,414
2022484408,2016-05-05 18:00:00.000,375
2022484408,2016-05-05 19:00:00.000,322
2022484408,2016-05-05 20:00:00.000,450
2022484408,2016-05-05 21:00:00.000,0
2022484408,2016-05-05 22:00:00.000,0
2022484408,2016-05-05 23:00:00.000,0
2022484408,2016-06-05 00:00:00.000,0
2022484408,2016-06-05 01:00:00.000,0
2022484408,2016-06-05 02:00:00.000,0
2022484408,2016-06-05 03:00:00.000,0
2022484408,2016-06-05 04:00:00.000,0
2022484408,2016-06-05 05:00:00.000,0
2022484408,2016-06-05 06:00:00.000,0
2022484408,2016-06-05 07:00:00.000,0
2022484408,2016-06-05 08:00:00.000,0
2022484408,2016-06-05 09:00:00.000,809
2022484408,2016-06-05 10:00:00.000,1107
2022484408,2016-06-05 11:00:00.000,1025
2022484408,2016-06-05 12:00:00.000,226
2022484408,2016-06-05 13:00:00.000,455
2022484408,2016-06-05 14:00:00.000,4084
2022484408,2016-06-05 15:00:00.000,487
2022484408,2016-06-05 16:00:00.000,445
2022484408,2016-06-05 17:00:00.000,374
2022484408,2016-06-05 18:00:00.000,355
2022484408,2016-06-05 19:00:00.000,271
2022484408,2016-06-05 20:00:00.000,164
2022484408,2016-06-05 21:00:00.000,425
2022484408,2016-06-05 22:00:00.000,0
2022484408,2016-06-05 23:00:00.000,0
2022484408,2016-07-05 00:00:00.000,0
2022484408,2016-07-05 01:00:00.000,0
2022484408,2016-07-05 02:00:00.000,0
2022484408,2016-07-05 03:00:00.000,0
2022484408,2016-07-05 04:00:00.000,0
2022484408,2016-07-05 05:00:00.000,0
2022484408,2016-07-05 06:00:00.000,0
2022484408,2016-07-05 07:00:00.000,0
2022484408,2016-07-05 08:00:00.000,7
2022484408,2016-07-05 09:00:00.000,1132
2022484408,2016-07-05 10:00:00.000,2617
2022484408,2016-07-05 11:00:00.000,873
2022484408,2016-07-05 12:00:00.000,412
2022484408,2016-07-05 13:00:00.000,545
2022484408,2016-07-05 14:00:00.000,0
2022484408,2016-07-05 15:00:00.000,0
2022484408,2016-07-05 16:00:00.000,0
2022484408,2016-07-05 17:00:00.000,0
2022484408,2016-07-05 18:00:00.000,0
2022484408,2016-07-05 19:00:00.000,740
2022484408,2016-07-05 20:00:00.000,382
2022484408,2016-07-05 21:00:00.000,0
2022484408,2016-07-05 22:00:00.000,0
2022484408,2016-07-05 23:00:00.000,0
2022484408,2016-08-05 00:00:00.000,0
2022484408,2016-08-05 01:00:00.000,0
2022484408,2016-08-05 02:00:00.000,0
2022484408,2016-08-05 03:00:00.000,0
2022484408,2016-08-05 04:00:00.000,0
2022484408,2016-08-05 05:00:00.000,0
2022484408,2016-08-05 06:00:00.000,0
2022484408,2016-08-05 07:00:00.000,0
2022484408,2016-08-05 08:00:00.000,14
2022484408,2016-08-05 09:00:00.000,187
2022484408,2016-08-05 10:00:00.000,729
2022484408,2016-08-05 11:00:00.000,1127
2022484408,2016-08-05 12:00:00.000,584
2022484408,2016-08-05 13:00:00.000,457
2022484408,2016-08-05 14:00:00.000,194
2022484408,2016-08-05 15:00:00.000,0
2022484408,2016-08-05 16:00:00.000,0
2022484408,2016-08-05 17:00:00.000,0
2022484408,2016-08-05 18:00:00.000,0
2022484408,2016-08-05 19:00:00.000,0
2022484408,2016-08-05 20:00:00.000,0
2022484408,2016-08-05 21:00:00.000,0
2022484408,2016-08-05 22:00:00.000,0
2022484408,2016-08-05 23:00:00.000,0
2022484408,2016-09-05 00:00:00.000,0
2022484408,2016-09-05 01:00:00.000,0
2022484408,2016-09-05 02:00:00.000,0
2022484408,2016-09-05 03:00:00.000,0
2022484408,2016-09-05 04:00:00.000,0
2022484408,2016-09-05 05:00:00.000,0
2022484408,2016-09-05 06:00:00.000,250
2022484408,2016-09-05 07:00:00.000,661
2022484408,2016-09-05 08:00:00.000,1225
2022484408,2016-09-05 09:00:00.000,1516
2022484408,2016-09-05 10:00:00.000,2174
2022484408,2016-09-05 11:00:00.000,164
2022484408,2016-09-05 12:00:00.000,325
2022484408,2016-09-05 13:00:00.000,165
2022484408,2016-09-05 14:00:00.000,3804
2022484408,2016-09-05 15:00:00.000,946
2022484408,2016-09-05 16:00:00.000,595
2022484408,2016-09-05 17:00:00.000,564
2022484408,2016-09-05 18:00:00.000,436
2022484408,2016-09-05 19:00:00.000,343
2022484408,2016-09-05 20:00:00.000,211
2022484408,2016-09-05 21:00:00.000,0
2022484408,2016-09-05 22:00:00.000,0
2022484408,2016-09-05 23:00:00.000,0
2022484408,2016-10-05 00:00:00.000,0
2022484408,2016-10-05 01:00:00.000,0
2022484408,2016-10-05 02:00:00.000,0
2022484408,2016-10-05 03:00:00.000,0
2022484408,2016-10-05 04:00:00.000,0
2022484408,2016-10-05 05:00:00.000,0
2022484408,2016-10-05 06:00:00.000,0
2022484408,2016-10-05 07:00:00.000,0
2022484408,2016-10-05 08:00:00.000,163
2022484408,2016-10-05 09:00:00.000,522
2022484408,2016-10-05 10:00:00.000,1910
2022484408,2016-10-05 11:00:00.000,1536
2022484408,2016-10-05 12:00:00.000,589
2022484408,2016-10-05 13:00:00.000,1164
2022484408,2016-10-05 14:00:00.000,3553
2022484408,2016-10-05 15:00:00.000,699
2022484408,2016-10-05 16:00:00.000,386
2022484408,2016-10-05 17:00:00.000,1264
2022484408,2016-10-05 18:00:00.000,424
2022484408,2016-10-05 19:00:00.000,588
2022484408,2016-10-05 20:00:00.000,0
2022484408,2016-10-05 21:00:00.000,0
2022484408,2016-10-05 22:00:00.000,0
2022484408,2016-10-05 23:00:00.000,0
2022484408,2016-11-05 00:00:00.000,0
2022484408,2016-11-05 01:00:00.000,0
2022484408,2016-11-05 02:00:00.000,0
2022484408,2016-11-05 03:00:00.000,0
2022484408,2016-11-05 04:00:00.000,0
2022484408,2016-11-05 05:00:00.000,0
2022484408,2016-11-05 06:00:00.000,0
2022484408,2016-11-05 07:00:00.000,0
2022484408,2016-11-05 08:00:00.000,0
2022484408,2016-11-05 09:00:00.000,38
2022484408,2016-11-05 10:00:00.000,329
2022484408,2016-11-05 11:00:00.000,4838
2022484408,2016-11-05 12:00:00.000,607
2022484408,2016-11-05 13:00:00.000,225
2022484408,2016-11-05 14:00:00.000,3294
2022484408,2016-11-05 15:00:00.000,698
2022484408,2016-11-05 16:00:00.000,1116
2022484408,2016-11-05 17:00:00.000,1045
2022484408,2016-11-05 18:00:00.000,673
2022484408,2016-11-05 19:00:00.000,409
2022484408,2016-11-05 20:00:00.000,0
2022484408,2016-11-05 21:00:00.000,0
2022484408,2016-11-05 22:00:00.000,0
2022484408,2016-11-05 23:00:00.000,0
2022484408,2016-12-05 00:00:00.000,0
2022484408,2016-12-05 01:00:00.000,0
2022484408,2016-12-05 02:00:00.000,0
2022484408,2016-12-05 03:00:00.000,0
2022484408,2016-12-05 04:00:00.000,0
2022484408,2016-12-05 05:00:00.000,0
2022484408,2016-12-05 06:00:00.000,0
2022484408,2016-12-05 07:00:00.000,490
2022484408,2016-12-05 08:00:00.000,418
2022484408,2016-12-05 09:00:00.000,812
2022484408,2016-12-05 10:00:00.000,2689
2022484408,2016-12-05 11:00:00.000,378
2022484408,2016-12-05 12:00:00.000,507
2022484408,2016-12-05 13:00:00.000,997
2022484408,2016-12-05 14:00:00.000,1383
2022484408,2016-12-05 15:00:00.000,665
2026352035,2016-12-04 00:00:00.000,29
2026352035,2016-12-04 01:00:00.000,0
2026352035,2016-12-04 02:00:00.000,0
2026352035,2016-12-04 03:00:00.000,0
2026352035,2016-12-04 04:00:00.000,0
2026352035,2016-12-04 05:00:00.000,0
2026352035,2016-12-04 06:00:00.000,319
2026352035,2016-12-04 07:00:00.000,225
2026352035,2016-12-04 08:00:00.000,154
2026352035,2016-12-04 09:00:00.000,230
2026352035,2016-12-04 10:00:00.000,73
2026352035,2016-12-04 11:00:00.000,1174
2026352035,2016-12-04 12:00:00.000,977
2026352035,2016-12-04 13:00:00.000,38
2026352035,2016-12-04 14:00:00.000,27
2026352035,2016-12-04 15:00:00.000,231
2026352035,2016-12-04 16:00:00.000,20
2026352035,2016-12-04 17:00:00.000,288
2026352035,2016-12-04 18:00:00.000,242
2026352035,2016-12-04 19:00:00.000,144
2026352035,2016-12-04 20:00:00.000,237
2026352035,2016-12-04 21:00:00.000,0
2026352035,2016-12-04 22:00:00.000,0
2026352035,2016-12-04 23:00:00.000,6
2026352035,2016-04-13 00:00:00.000,0
2026352035,2016-04-13 01:00:00.000,12
2026352035,2016-04-13 02:00:00.000,0
2026352035,2016-04-13 03:00:00.000,6
2026352035,2016-04-13 04:00:00.000,0
2026352035,2016-04-13 05:00:00.000,8
2026352035,2016-04-13 06:00:00.000,355
2026352035,2016-04-13 07:00:00.000,319
2026352035,2016-04-13 08:00:00.000,160
2026352035,2016-04-13 09:00:00.000,302
2026352035,2016-04-13 10:00:00.000,14
2026352035,2016-04-13 11:00:00.000,178
2026352035,2016-04-13 12:00:00.000,185
2026352035,2016-04-13 13:00:00.000,93
2026352035,2016-04-13 14:00:00.000,125
2026352035,2016-04-13 15:00:00.000,861
2026352035,2016-04-13 16:00:00.000,531
2026352035,2016-04-13 17:00:00.000,585
2026352035,2016-04-13 18:00:00.000,48
2026352035,2016-04-13 19:00:00.000,507
2026352035,2016-04-13 20:00:00.000,431
2026352035,2016-04-13 21:00:00.000,247
2026352035,2016-04-13 22:00:00.000,26
2026352035,2016-04-13 23:00:00.000,0
2026352035,2016-04-14 00:00:00.000,0
2026352035,2016-04-14 01:00:00.000,0
2026352035,2016-04-14 02:00:00.000,0
2026352035,2016-04-14 03:00:00.000,0
2026352035,2016-04-14 04:00:00.000,0
2026352035,2016-04-14 05:00:00.000,0
2026352035,2016-04-14 06:00:00.000,290
2026352035,2016-04-14 07:00:00.000,717
2026352035,2016-04-14 08:00:00.000,268
2026352035,2016-04-14 09:00:00.000,48
2026352035,2016-04-14 10:00:00.000,36
2026352035,2016-04-14 11:00:00.000,135
2026352035,2016-04-14 12:00:00.000,106
2026352035,2016-04-14 13:00:00.000,74
2026352035,2016-04-14 14:00:00.000,235
2026352035,2016-04-14 15:00:00.000,91
2026352035,2016-04-14 16:00:00.000,104
2026352035,2016-04-14 17:00:00.000,426
2026352035,2016-04-14 18:00:00.000,282
2026352035,2016-04-14 19:00:00.000,227
2026352035,2016-04-14 20:00:00.000,236
2026352035,2016-04-14 21:00:00.000,4
2026352035,2016-04-14 22:00:00.000,26
2026352035,2016-04-14 23:00:00.000,0
2026352035,2016-04-15 00:00:00.000,5
2026352035,2016-04-15 01:00:00.000,0
2026352035,2016-04-15 02:00:00.000,0
2026352035,2016-04-15 03:00:00.000,43
2026352035,2016-04-15 04:00:00.000,8
2026352035,2016-04-15 05:00:00.000,0
2026352035,2016-04-15 06:00:00.000,529
2026352035,2016-04-15 07:00:00.000,272
2026352035,2016-04-15 08:00:00.000,173
2026352035,2016-04-15 09:00:00.000,95
2026352035,2016-04-15 10:00:00.000,291
2026352035,2016-04-15 11:00:00.000,40
2026352035,2016-04-15 12:00:00.000,146
2026352035,2016-04-15 13:00:00.000,50
2026352035,2016-04-15 14:00:00.000,250
2026352035,2016-04-15 15:00:00.000,758
2026352035,2016-04-15 16:00:00.000,142
2026352035,2016-04-15 17:00:00.000,218
2026352035,2016-04-15 18:00:00.000,351
2026352035,2016-04-15 19:00:00.000,153
2026352035,2016-04-15 20:00:00.000,246
2026352035,2016-04-15 21:00:00.000,34
2026352035,2016-04-15 22:00:00.000,12
2026352035,2016-04-15 23:00:00.000,5
2026352035,2016-04-16 00:00:00.000,0
2026352035,2016-04-16 01:00:00.000,20
2026352035,2016-04-16 02:00:00.000,7
2026352035,2016-04-16 03:00:00.000,0
2026352035,2016-04-16 04:00:00.000,23
2026352035,2016-04-16 05:00:00.000,0
2026352035,2016-04-16 06:00:00.000,499
2026352035,2016-04-16 07:00:00.000,90
2026352035,2016-04-16 08:00:00.000,184
2026352035,2016-04-16 09:00:00.000,235
2026352035,2016-04-16 10:00:00.000,60
2026352035,2016-04-16 11:00:00.000,47
2026352035,2016-04-16 12:00:00.000,128
2026352035,2016-04-16 13:00:00.000,60
2026352035,2016-04-16 14:00:00.000,224
2026352035,2016-04-16 15:00:00.000,19
2026352035,2016-04-16 16:00:00.000,131
2026352035,2016-04-16 17:00:00.000,271
2026352035,2016-04-16 18:00:00.000,82
2026352035,2016-04-16 19:00:00.000,181
2026352035,2016-04-16 20:00:00.000,175
2026352035,2016-04-16 21:00:00.000,56
2026352035,2016-04-16 22:00:00.000,45
2026352035,2016-04-16 23:00:00.000,10
2026352035,2016-04-17 00:00:00.000,0
2026352035,2016-04-17 01:00:00.000,0
2026352035,2016-04-17 02:00:00.000,0
2026352035,2016-04-17 03:00:00.000,0
2026352035,2016-04-17 04:00:00.000,0
2026352035,2016-04-17 05:00:00.000,36
2026352035,2016-04-17 06:00:00.000,214
2026352035,2016-04-17 07:00:00.000,116
2026352035,2016-04-17 08:00:00.000,130
2026352035,2016-04-17 09:00:00.000,119
2026352035,2016-04-17 10:00:00.000,72
2026352035,2016-04-17 11:00:00.000,144
2026352035,2016-04-17 12:00:00.000,7
2026352035,2016-04-17 13:00:00.000,0
2026352035,2016-04-17 14:00:00.000,0
2026352035,2016-04-17 15:00:00.000,0
2026352035,2016-04-17 16:00:00.000,0
2026352035,2016-04-17 17:00:00.000,0
2026352035,2016-04-17 18:00:00.000,0
2026352035,2016-04-17 19:00:00.000,0
2026352035,2016-04-17 20:00:00.000,0
2026352035,2016-04-17 21:00:00.000,0
2026352035,2016-04-17 22:00:00.000,0
2026352035,2016-04-17 23:00:00.000,0
2026352035,2016-04-18 00:00:00.000,0
2026352035,2016-04-18 01:00:00.000,0
2026352035,2016-04-18 02:00:00.000,0
2026352035,2016-04-18 03:00:00.000,0
2026352035,2016-04-18 04:00:00.000,0
2026352035,2016-04-18 05:00:00.000,0
2026352035,2016-04-18 06:00:00.000,404
2026352035,2016-04-18 07:00:00.000,109
2026352035,2016-04-18 08:00:00.000,29
2026352035,2016-04-18 09:00:00.000,41
2026352035,2016-04-18 10:00:00.000,569
2026352035,2016-04-18 11:00:00.000,96
2026352035,2016-04-18 12:00:00.000,18
2026352035,2016-04-18 13:00:00.000,256
2026352035,2016-04-18 14:00:00.000,245
2026352035,2016-04-18 15:00:00.000,204
2026352035,2016-04-18 16:00:00.000,150
2026352035,2016-04-18 17:00:00.000,277
2026352035,2016-04-18 18:00:00.000,305
2026352035,2016-04-18 19:00:00.000,291
2026352035,2016-04-18 20:00:00.000,259
2026352035,2016-04-18 21:00:00.000,15
2026352035,2016-04-18 22:00:00.000,34
2026352035,2016-04-18 23:00:00.000,23
2026352035,2016-04-19 00:00:00.000,0
2026352035,2016-04-19 01:00:00.000,0
2026352035,2016-04-19 02:00:00.000,0
2026352035,2016-04-19 03:00:00.000,0
2026352035,2016-04-19 04:00:00.000,0
2026352035,2016-04-19 05:00:00.000,0
2026352035,2016-04-19 06:00:00.000,247
2026352035,2016-04-19 07:00:00.000,136
2026352035,2016-04-19 08:00:00.000,216
2026352035,2016-04-19 09:00:00.000,108
2026352035,2016-04-19 10:00:00.000,130
2026352035,2016-04-19 11:00:00.000,116
2026352035,2016-04-19 12:00:00.000,113
2026352035,2016-04-19 13:00:00.000,20
2026352035,2016-04-19 14:00:00.000,252
2026352035,2016-04-19 15:00:00.000,13
2026352035,2016-04-19 16:00:00.000,94
2026352035,2016-04-19 17:00:00.000,76
2026352035,2016-04-19 18:00:00.000,477
2026352035,2016-04-19 19:00:00.000,107
2026352035,2016-04-19 20:00:00.000,135
2026352035,2016-04-19 21:00:00.000,136
2026352035,2016-04-19 22:00:00.000,14
2026352035,2016-04-19 23:00:00.000,34
2026352035,2016-04-20 00:00:00.000,23
2026352035,2016-04-20 01:00:00.000,0
2026352035,2016-04-20 02:00:00.000,4
2026352035,2016-04-20 03:00:00.000,0
2026352035,2016-04-20 04:00:00.000,0
2026352035,2016-04-20 05:00:00.000,203
2026352035,2016-04-20 06:00:00.000,311
2026352035,2016-04-20 07:00:00.000,105
2026352035,2016-04-20 08:00:00.000,218
2026352035,2016-04-20 09:00:00.000,197
2026352035,2016-04-20 10:00:00.000,410
2026352035,2016-04-20 11:00:00.000,794
2026352035,2016-04-20 12:00:00.000,293
2026352035,2016-04-20 13:00:00.000,1001
2026352035,2016-04-20 14:00:00.000,617
2026352035,2016-04-20 15:00:00.000,533
2026352035,2016-04-20 16:00:00.000,713
2026352035,2016-04-20 17:00:00.000,260
2026352035,2016-04-20 18:00:00.000,892
2026352035,2016-04-20 19:00:00.000,222
2026352035,2016-04-20 20:00:00.000,138
2026352035,2016-04-20 21:00:00.000,256
2026352035,2016-04-20 22:00:00.000,16
2026352035,2016-04-20 23:00:00.000,16
2026352035,2016-04-21 00:00:00.000,0
2026352035,2016-04-21 01:00:00.000,12
2026352035,2016-04-21 02:00:00.000,0
2026352035,2016-04-21 03:00:00.000,0
2026352035,2016-04-21 04:00:00.000,0
2026352035,2016-04-21 05:00:00.000,0
2026352035,2016-04-21 06:00:00.000,363
2026352035,2016-04-21 07:00:00.000,115
2026352035,2016-04-21 08:00:00.000,15
2026352035,2016-04-21 09:00:00.000,175
2026352035,2016-04-21 10:00:00.000,6
2026352035,2016-04-21 11:00:00.000,117
2026352035,2016-04-21 12:00:00.000,154
2026352035,2016-04-21 13:00:00.000,89
2026352035,2016-04-21 14:00:00.000,115
2026352035,2016-04-21 15:00:00.000,154
2026352035,2016-04-21 16:00:00.000,138
2026352035,2016-04-21 17:00:00.000,440
2026352035,2016-04-21 18:00:00.000,133
2026352035,2016-04-21 19:00:00.000,102
2026352035,2016-04-21 20:00:00.000,295
2026352035,2016-04-21 21:00:00.000,16
2026352035,2016-04-21 22:00:00.000,9
2026352035,2016-04-21 23:00:00.000,19
2026352035,2016-04-22 00:00:00.000,0
2026352035,2016-04-22 01:00:00.000,0
2026352035,2016-04-22 02:00:00.000,0
2026352035,2016-04-22 03:00:00.000,0
2026352035,2016-04-22 04:00:00.000,0
2026352035,2016-04-22 05:00:00.000,0
2026352035,2016-04-22 06:00:00.000,335
2026352035,2016-04-22 07:00:00.000,14
2026352035,2016-04-22 08:00:00.000,117
2026352035,2016-04-22 09:00:00.000,108
2026352035,2016-04-22 10:00:00.000,220
2026352035,2016-04-22 11:00:00.000,274
2026352035,2016-04-22 12:00:00.000,109
2026352035,2016-04-22 13:00:00.000,75
2026352035,2016-04-22 14:00:00.000,10
2026352035,2016-04-22 15:00:00.000,838
2026352035,2016-04-22 16:00:00.000,88
2026352035,2016-04-22 17:00:00.000,216
2026352035,2016-04-22 18:00:00.000,170
2026352035,2016-04-22 19:00:00.000,115
2026352035,2016-04-22 20:00:00.000,186
2026352035,2016-04-22 21:00:00.000,0
2026352035,2016-04-22 22:00:00.000,18
2026352035,2016-04-22 23:00:00.000,22
2026352035,2016-04-23 00:00:00.000,5
2026352035,2016-04-23 01:00:00.000,0
2026352035,2016-04-23 02:00:00.000,0
2026352035,2016-04-23 03:00:00.000,0
2026352035,2016-04-23 04:00:00.000,0
2026352035,2016-04-23 05:00:00.000,0
2026352035,2016-04-23 06:00:00.000,521
2026352035,2016-04-23 07:00:00.000,154
2026352035,2016-04-23 08:00:00.000,957
2026352035,2016-04-23 09:00:00.000,602
2026352035,2016-04-23 10:00:00.000,1049
2026352035,2016-04-23 11:00:00.000,2315
2026352035,2016-04-23 12:00:00.000,1236
2026352035,2016-04-23 13:00:00.000,692
2026352035,2016-04-23 14:00:00.000,1742
2026352035,2016-04-23 15:00:00.000,1153
2026352035,2016-04-23 16:00:00.000,308
2026352035,2016-04-23 17:00:00.000,785
2026352035,2016-04-23 18:00:00.000,367
2026352035,2016-04-23 19:00:00.000,243
2026352035,2016-04-23 20:00:00.000,198
2026352035,2016-04-23 21:00:00.000,0
2026352035,2016-04-23 22:00:00.000,9
2026352035,2016-04-23 23:00:00.000,21
2026352035,2016-04-24 00:00:00.000,0
2026352035,2016-04-24 01:00:00.000,0
2026352035,2016-04-24 02:00:00.000,0
2026352035,2016-04-24 03:00:00.000,0
2026352035,2016-04-24 04:00:00.000,0
2026352035,2016-04-24 05:00:00.000,0
2026352035,2016-04-24 06:00:00.000,320
2026352035,2016-04-24 07:00:00.000,227
2026352035,2016-04-24 08:00:00.000,101
2026352035,2016-04-24 09:00:00.000,416
2026352035,2016-04-24 10:00:00.000,63
2026352035,2016-04-24 11:00:00.000,236
2026352035,2016-04-24 12:00:00.000,17
2026352035,2016-04-24 13:00:00.000,178
2026352035,2016-04-24 14:00:00.000,196
2026352035,2016-04-24 15:00:00.000,169
2026352035,2016-04-24 16:00:00.000,187
2026352035,2016-04-24 17:00:00.000,432
2026352035,2016-04-24 18:00:00.000,287
2026352035,2016-04-24 19:00:00.000,170
2026352035,2016-04-24 20:00:00.000,334
2026352035,2016-04-24 21:00:00.000,129
2026352035,2016-04-24 22:00:00.000,12
2026352035,2016-04-24 23:00:00.000,16
2026352035,2016-04-25 00:00:00.000,0
2026352035,2016-04-25 01:00:00.000,0
2026352035,2016-04-25 02:00:00.000,0
2026352035,2016-04-25 03:00:00.000,0
2026352035,2016-04-25 04:00:00.000,0
2026352035,2016-04-25 05:00:00.000,0
2026352035,2016-04-25 06:00:00.000,523
2026352035,2016-04-25 07:00:00.000,562
2026352035,2016-04-25 08:00:00.000,643
2026352035,2016-04-25 09:00:00.000,672
2026352035,2016-04-25 10:00:00.000,120
2026352035,2016-04-25 11:00:00.000,484
2026352035,2016-04-25 12:00:00.000,636
2026352035,2016-04-25 13:00:00.000,305
2026352035,2016-04-25 14:00:00.000,962
2026352035,2016-04-25 15:00:00.000,559
2026352035,2016-04-25 16:00:00.000,551
2026352035,2016-04-25 17:00:00.000,0
2026352035,2016-04-25 18:00:00.000,0
2026352035,2016-04-25 19:00:00.000,0
2026352035,2016-04-25 20:00:00.000,0
2026352035,2016-04-25 21:00:00.000,0
2026352035,2016-04-25 22:00:00.000,0
2026352035,2016-04-25 23:00:00.000,0
2026352035,2016-04-26 00:00:00.000,0
2026352035,2016-04-26 01:00:00.000,0
2026352035,2016-04-26 02:00:00.000,0
2026352035,2016-04-26 03:00:00.000,0
2026352035,2016-04-26 04:00:00.000,0
2026352035,2016-04-26 05:00:00.000,0
2026352035,2016-04-26 06:00:00.000,37
2026352035,2016-04-26 07:00:00.000,198
2026352035,2016-04-26 08:00:00.000,170
2026352035,2016-04-26 09:00:00.000,159
2026352035,2016-04-26 10:00:00.000,383
2026352035,2016-04-26 11:00:00.000,194
2026352035,2016-04-26 12:00:00.000,639
2026352035,2016-04-26 13:00:00.000,1224
2026352035,2016-04-26 14:00:00.000,611
2026352035,2016-04-26 15:00:00.000,319
2026352035,2016-04-26 16:00:00.000,311
2026352035,2016-04-26 17:00:00.000,255
2026352035,2016-04-26 18:00:00.000,303
2026352035,2016-04-26 19:00:00.000,482
2026352035,2016-04-26 20:00:00.000,350
2026352035,2016-04-26 21:00:00.000,263
2026352035,2016-04-26 22:00:00.000,25
2026352035,2016-04-26 23:00:00.000,10
2026352035,2016-04-27 00:00:00.000,5
2026352035,2016-04-27 01:00:00.000,52
2026352035,2016-04-27 02:00:00.000,0
2026352035,2016-04-27 03:00:00.000,4
2026352035,2016-04-27 04:00:00.000,0
2026352035,2016-04-27 05:00:00.000,0
2026352035,2016-04-27 06:00:00.000,166
2026352035,2016-04-27 07:00:00.000,179
2026352035,2016-04-27 08:00:00.000,54
2026352035,2016-04-27 09:00:00.000,70
2026352035,2016-04-27 10:00:00.000,100
2026352035,2016-04-27 11:00:00.000,133
2026352035,2016-04-27 12:00:00.000,106
2026352035,2016-04-27 13:00:00.000,807
2026352035,2016-04-27 14:00:00.000,652
2026352035,2016-04-27 15:00:00.000,469
2026352035,2016-04-27 16:00:00.000,604
2026352035,2016-04-27 17:00:00.000,895
2026352035,2016-04-27 18:00:00.000,419
2026352035,2016-04-27 19:00:00.000,799
2026352035,2016-04-27 20:00:00.000,313
2026352035,2016-04-27 21:00:00.000,229
2026352035,2016-04-27 22:00:00.000,16
2026352035,2016-04-27 23:00:00.000,16
2026352035,2016-04-28 00:00:00.000,9
2026352035,2016-04-28 01:00:00.000,0
2026352035,2016-04-28 02:00:00.000,0
2026352035,2016-04-28 03:00:00.000,5
2026352035,2016-04-28 04:00:00.000,0
2026352035,2016-04-28 05:00:00.000,0
2026352035,2016-04-28 06:00:00.000,330
2026352035,2016-04-28 07:00:00.000,180
2026352035,2016-04-28 08:00:00.000,36
2026352035,2016-04-28 09:00:00.000,65
2026352035,2016-04-28 10:00:00.000,201
2026352035,2016-04-28 11:00:00.000,230
2026352035,2016-04-28 12:00:00.000,67
2026352035,2016-04-28 13:00:00.000,710
2026352035,2016-04-28 14:00:00.000,221
2026352035,2016-04-28 15:00:00.000,1049
2026352035,2016-04-28 16:00:00.000,960
2026352035,2016-04-28 17:00:00.000,633
2026352035,2016-04-28 18:00:00.000,150
2026352035,2016-04-28 19:00:00.000,342
2026352035,2016-04-28 20:00:00.000,476
2026352035,2016-04-28 21:00:00.000,469
2026352035,2016-04-28 22:00:00.000,219
2026352035,2016-04-28 23:00:00.000,23
2026352035,2016-04-29 00:00:00.000,6
2026352035,2016-04-29 01:00:00.000,0
2026352035,2016-04-29 02:00:00.000,0
2026352035,2016-04-29 03:00:00.000,0
2026352035,2016-04-29 04:00:00.000,0
2026352035,2016-04-29 05:00:00.000,6
2026352035,2016-04-29 06:00:00.000,4
2026352035,2016-04-29 07:00:00.000,587
2026352035,2016-04-29 08:00:00.000,289
2026352035,2016-04-29 09:00:00.000,182
2026352035,2016-04-29 10:00:00.000,531
2026352035,2016-04-29 11:00:00.000,718
2026352035,2016-04-29 12:00:00.000,472
2026352035,2016-04-29 13:00:00.000,912
2026352035,2016-04-29 14:00:00.000,602
2026352035,2016-04-29 15:00:00.000,1052
2026352035,2016-04-29 16:00:00.000,466
2026352035,2016-04-29 17:00:00.000,489
2026352035,2016-04-29 18:00:00.000,799
2026352035,2016-04-29 19:00:00.000,170
2026352035,2016-04-29 20:00:00.000,240
2026352035,2016-04-29 21:00:00.000,64
2026352035,2016-04-29 22:00:00.000,15
2026352035,2016-04-29 23:00:00.000,0
2026352035,2016-04-30 00:00:00.000,0
2026352035,2016-04-30 01:00:00.000,0
2026352035,2016-04-30 02:00:00.000,0
2026352035,2016-04-30 03:00:00.000,0
2026352035,2016-04-30 04:00:00.000,0
2026352035,2016-04-30 05:00:00.000,0
2026352035,2016-04-30 06:00:00.000,0
2026352035,2016-04-30 07:00:00.000,689
2026352035,2016-04-30 08:00:00.000,239
2026352035,2016-04-30 09:00:00.000,59
2026352035,2016-04-30 10:00:00.000,296
2026352035,2016-04-30 11:00:00.000,63
2026352035,2016-04-30 12:00:00.000,1102
2026352035,2016-04-30 13:00:00.000,815
2026352035,2016-04-30 14:00:00.000,373
2026352035,2016-04-30 15:00:00.000,116
2026352035,2016-04-30 16:00:00.000,139
2026352035,2016-04-30 17:00:00.000,233
2026352035,2016-04-30 18:00:00.000,153
2026352035,2016-04-30 19:00:00.000,199
2026352035,2016-04-30 20:00:00.000,226
2026352035,2016-04-30 21:00:00.000,0
2026352035,2016-04-30 22:00:00.000,27
2026352035,2016-04-30 23:00:00.000,0
2026352035,2016-01-05 00:00:00.000,0
2026352035,2016-01-05 01:00:00.000,0
2026352035,2016-01-05 02:00:00.000,0
2026352035,2016-01-05 03:00:00.000,0
2026352035,2016-01-05 04:00:00.000,0
2026352035,2016-01-05 05:00:00.000,0
2026352035,2016-01-05 06:00:00.000,391
2026352035,2016-01-05 07:00:00.000,234
2026352035,2016-01-05 08:00:00.000,166
2026352035,2016-01-05 09:00:00.000,94
2026352035,2016-01-05 10:00:00.000,1116
2026352035,2016-01-05 11:00:00.000,121
2026352035,2016-01-05 12:00:00.000,128
2026352035,2016-01-05 13:00:00.000,125
2026352035,2016-01-05 14:00:00.000,190
2026352035,2016-01-05 15:00:00.000,67
2026352035,2016-01-05 16:00:00.000,166
2026352035,2016-01-05 17:00:00.000,234
2026352035,2016-01-05 18:00:00.000,139
2026352035,2016-01-05 19:00:00.000,138
2026352035,2016-01-05 20:00:00.000,149
2026352035,2016-01-05 21:00:00.000,128
2026352035,2016-01-05 22:00:00.000,4
2026352035,2016-01-05 23:00:00.000,19
2026352035,2016-02-05 00:00:00.000,0
2026352035,2016-02-05 01:00:00.000,0
2026352035,2016-02-05 02:00:00.000,0
2026352035,2016-02-05 03:00:00.000,0
2026352035,2016-02-05 04:00:00.000,5
2026352035,2016-02-05 05:00:00.000,0
2026352035,2016-02-05 06:00:00.000,370
2026352035,2016-02-05 07:00:00.000,74
2026352035,2016-02-05 08:00:00.000,65
2026352035,2016-02-05 09:00:00.000,199
2026352035,2016-02-05 10:00:00.000,136
2026352035,2016-02-05 11:00:00.000,293
2026352035,2016-02-05 12:00:00.000,322
2026352035,2016-02-05 13:00:00.000,866
2026352035,2016-02-05 14:00:00.000,569
2026352035,2016-02-05 15:00:00.000,250
2026352035,2016-02-05 16:00:00.000,690
2026352035,2016-02-05 17:00:00.000,779
2026352035,2016-02-05 18:00:00.000,1038
2026352035,2016-02-05 19:00:00.000,121
2026352035,2016-02-05 20:00:00.000,448
2026352035,2016-02-05 21:00:00.000,611
2026352035,2016-02-05 22:00:00.000,182
2026352035,2016-02-05 23:00:00.000,0
2026352035,2016-03-05 00:00:00.000,0
2026352035,2016-03-05 01:00:00.000,0
2026352035,2016-03-05 02:00:00.000,0
2026352035,2016-03-05 03:00:00.000,0
2026352035,2016-03-05 04:00:00.000,0
2026352035,2016-03-05 05:00:00.000,0
2026352035,2016-03-05 06:00:00.000,0
2026352035,2016-03-05 07:00:00.000,251
2026352035,2016-03-05 08:00:00.000,201
2026352035,2016-03-05 09:00:00.000,167
2026352035,2016-03-05 10:00:00.000,167
2026352035,2016-03-05 11:00:00.000,381
2026352035,2016-03-05 12:00:00.000,55
2026352035,2016-03-05 13:00:00.000,623
2026352035,2016-03-05 14:00:00.000,758
2026352035,2016-03-05 15:00:00.000,815
2026352035,2016-03-05 16:00:00.000,544
2026352035,2016-03-05 17:00:00.000,344
2026352035,2016-03-05 18:00:00.000,647
2026352035,2016-03-05 19:00:00.000,617
2026352035,2016-03-05 20:00:00.000,244
2026352035,2016-03-05 21:00:00.000,162
2026352035,2016-03-05 22:00:00.000,0
2026352035,2016-03-05 23:00:00.000,16
2026352035,2016-04-05 00:00:00.000,0
2026352035,2016-04-05 01:00:00.000,0
2026352035,2016-04-05 02:00:00.000,0
2026352035,2016-04-05 03:00:00.000,0
2026352035,2016-04-05 04:00:00.000,6
2026352035,2016-04-05 05:00:00.000,9
2026352035,2016-04-05 06:00:00.000,86
2026352035,2016-04-05 07:00:00.000,420
2026352035,2016-04-05 08:00:00.000,223
2026352035,2016-04-05 09:00:00.000,395
2026352035,2016-04-05 10:00:00.000,127
2026352035,2016-04-05 11:00:00.000,214
2026352035,2016-04-05 12:00:00.000,47
2026352035,2016-04-05 13:00:00.000,396
2026352035,2016-04-05 14:00:00.000,762
2026352035,2016-04-05 15:00:00.000,681
2026352035,2016-04-05 16:00:00.000,575
2026352035,2016-04-05 17:00:00.000,572
2026352035,2016-04-05 18:00:00.000,623
2026352035,2016-04-05 19:00:00.000,421
2026352035,2016-04-05 20:00:00.000,860
2026352035,2016-04-05 21:00:00.000,117
2026352035,2016-04-05 22:00:00.000,9
2026352035,2016-04-05 23:00:00.000,21
2026352035,2016-05-05 00:00:00.000,0
2026352035,2016-05-05 01:00:00.000,0
2026352035,2016-05-05 02:00:00.000,0
2026352035,2016-05-05 03:00:00.000,0
2026352035,2016-05-05 04:00:00.000,0
2026352035,2016-05-05 05:00:00.000,651
2026352035,2016-05-05 06:00:00.000,669
2026352035,2016-05-05 07:00:00.000,580
2026352035,2016-05-05 08:00:00.000,709
2026352035,2016-05-05 09:00:00.000,857
2026352035,2016-05-05 10:00:00.000,578
2026352035,2016-05-05 11:00:00.000,468
2026352035,2016-05-05 12:00:00.000,1196
2026352035,2016-05-05 13:00:00.000,1494
2026352035,2016-05-05 14:00:00.000,379
2026352035,2016-05-05 15:00:00.000,936
2026352035,2016-05-05 16:00:00.000,1472
2026352035,2016-05-05 17:00:00.000,299
2026352035,2016-05-05 18:00:00.000,815
2026352035,2016-05-05 19:00:00.000,347
2026352035,2016-05-05 20:00:00.000,377
2026352035,2016-05-05 21:00:00.000,314
2026352035,2016-05-05 22:00:00.000,22
2026352035,2016-05-05 23:00:00.000,4
2026352035,2016-06-05 00:00:00.000,0
2026352035,2016-06-05 01:00:00.000,0
2026352035,2016-06-05 02:00:00.000,0
2026352035,2016-06-05 03:00:00.000,4
2026352035,2016-06-05 04:00:00.000,0
2026352035,2016-06-05 05:00:00.000,0
2026352035,2016-06-05 06:00:00.000,279
2026352035,2016-06-05 07:00:00.000,282
2026352035,2016-06-05 08:00:00.000,427
2026352035,2016-06-05 09:00:00.000,287
2026352035,2016-06-05 10:00:00.000,772
2026352035,2016-06-05 11:00:00.000,547
2026352035,2016-06-05 12:00:00.000,626
2026352035,2016-06-05 13:00:00.000,673
2026352035,2016-06-05 14:00:00.000,438
2026352035,2016-06-05 15:00:00.000,698
2026352035,2016-06-05 16:00:00.000,669
2026352035,2016-06-05 17:00:00.000,568
2026352035,2016-06-05 18:00:00.000,1008
2026352035,2016-06-05 19:00:00.000,243
2026352035,2016-06-05 20:00:00.000,383
2026352035,2016-06-05 21:00:00.000,279
2026352035,2016-06-05 22:00:00.000,15
2026352035,2016-06-05 23:00:00.000,0
2026352035,2016-07-05 00:00:00.000,0
2026352035,2016-07-05 01:00:00.000,0
2026352035,2016-07-05 02:00:00.000,0
2026352035,2016-07-05 03:00:00.000,0
2026352035,2016-07-05 04:00:00.000,0
2026352035,2016-07-05 05:00:00.000,0
2026352035,2016-07-05 06:00:00.000,632
2026352035,2016-07-05 07:00:00.000,362
2026352035,2016-07-05 08:00:00.000,238
2026352035,2016-07-05 09:00:00.000,237
2026352035,2016-07-05 10:00:00.000,326
2026352035,2016-07-05 11:00:00.000,216
2026352035,2016-07-05 12:00:00.000,503
2026352035,2016-07-05 13:00:00.000,88
2026352035,2016-07-05 14:00:00.000,187
2026352035,2016-07-05 15:00:00.000,77
2026352035,2016-07-05 16:00:00.000,147
2026352035,2016-07-05 17:00:00.000,284
2026352035,2016-07-05 18:00:00.000,226
2026352035,2016-07-05 19:00:00.000,189
2026352035,2016-07-05 20:00:00.000,424
2026352035,2016-07-05 21:00:00.000,19
2026352035,2016-07-05 22:00:00.000,14
2026352035,2016-07-05 23:00:00.000,24
2026352035,2016-08-05 00:00:00.000,9
2026352035,2016-08-05 01:00:00.000,0
2026352035,2016-08-05 02:00:00.000,0
2026352035,2016-08-05 03:00:00.000,0
2026352035,2016-08-05 04:00:00.000,0
2026352035,2016-08-05 05:00:00.000,0
2026352035,2016-08-05 06:00:00.000,441
2026352035,2016-08-05 07:00:00.000,211
2026352035,2016-08-05 08:00:00.000,649
2026352035,2016-08-05 09:00:00.000,1338
2026352035,2016-08-05 10:00:00.000,415
2026352035,2016-08-05 11:00:00.000,508
2026352035,2016-08-05 12:00:00.000,261
2026352035,2016-08-05 13:00:00.000,170
2026352035,2016-08-05 14:00:00.000,117
2026352035,2016-08-05 15:00:00.000,117
2026352035,2016-08-05 16:00:00.000,12
2026352035,2016-08-05 17:00:00.000,251
2026352035,2016-08-05 18:00:00.000,322
2026352035,2016-08-05 19:00:00.000,217
2026352035,2016-08-05 20:00:00.000,475
2026352035,2016-08-05 21:00:00.000,0
2026352035,2016-08-05 22:00:00.000,9
2026352035,2016-08-05 23:00:00.000,6
2026352035,2016-09-05 00:00:00.000,0
2026352035,2016-09-05 01:00:00.000,9
2026352035,2016-09-05 02:00:00.000,0
2026352035,2016-09-05 03:00:00.000,0
2026352035,2016-09-05 04:00:00.000,0
2026352035,2016-09-05 05:00:00.000,0
2026352035,2016-09-05 06:00:00.000,527
2026352035,2016-09-05 07:00:00.000,707
2026352035,2016-09-05 08:00:00.000,460
2026352035,2016-09-05 09:00:00.000,147
2026352035,2016-09-05 10:00:00.000,130
2026352035,2016-09-05 11:00:00.000,179
2026352035,2016-09-05 12:00:00.000,109
2026352035,2016-09-05 13:00:00.000,658
2026352035,2016-09-05 14:00:00.000,505
2026352035,2016-09-05 15:00:00.000,1058
2026352035,2016-09-05 16:00:00.000,1960
2026352035,2016-09-05 17:00:00.000,1848
2026352035,2016-09-05 18:00:00.000,606
2026352035,2016-09-05 19:00:00.000,754
2026352035,2016-09-05 20:00:00.000,666
2026352035,2016-09-05 21:00:00.000,323
2026352035,2016-09-05 22:00:00.000,0
2026352035,2016-09-05 23:00:00.000,6
2026352035,2016-10-05 00:00:00.000,50
2026352035,2016-10-05 01:00:00.000,0
2026352035,2016-10-05 02:00:00.000,0
2026352035,2016-10-05 03:00:00.000,0
2026352035,2016-10-05 04:00:00.000,0
2026352035,2016-10-05 05:00:00.000,0
2026352035,2016-10-05 06:00:00.000,0
2026352035,2016-10-05 07:00:00.000,0
2026352035,2016-10-05 08:00:00.000,0
2026352035,2016-10-05 09:00:00.000,0
2026352035,2016-10-05 10:00:00.000,0
2026352035,2016-10-05 11:00:00.000,0
2026352035,2016-10-05 12:00:00.000,0
2026352035,2016-10-05 13:00:00.000,0
2026352035,2016-10-05 14:00:00.000,0
2026352035,2016-10-05 15:00:00.000,0
2026352035,2016-10-05 16:00:00.000,0
2026352035,2016-10-05 17:00:00.000,0
2026352035,2016-10-05 18:00:00.000,0
2026352035,2016-10-05 19:00:00.000,0
2026352035,2016-10-05 20:00:00.000,33
2026352035,2016-10-05 21:00:00.000,118
2026352035,2016-10-05 22:00:00.000,23
2026352035,2016-10-05 23:00:00.000,30
2026352035,2016-11-05 00:00:00.000,9
2026352035,2016-11-05 01:00:00.000,0
2026352035,2016-11-05 02:00:00.000,0
2026352035,2016-11-05 03:00:00.000,8
2026352035,2016-11-05 04:00:00.000,0
2026352035,2016-11-05 05:00:00.000,0
2026352035,2016-11-05 06:00:00.000,364
2026352035,2016-11-05 07:00:00.000,322
2026352035,2016-11-05 08:00:00.000,216
2026352035,2016-11-05 09:00:00.000,102
2026352035,2016-11-05 10:00:00.000,342
2026352035,2016-11-05 11:00:00.000,163
2026352035,2016-11-05 12:00:00.000,53
2026352035,2016-11-05 13:00:00.000,536
2026352035,2016-11-05 14:00:00.000,582
2026352035,2016-11-05 15:00:00.000,883
2026352035,2016-11-05 16:00:00.000,2375
2026352035,2016-11-05 17:00:00.000,820
2026352035,2016-11-05 18:00:00.000,331
2026352035,2016-11-05 19:00:00.000,552
2026352035,2016-11-05 20:00:00.000,759
2026352035,2016-11-05 21:00:00.000,150
2026352035,2016-11-05 22:00:00.000,8
2026352035,2016-11-05 23:00:00.000,5
2026352035,2016-12-05 00:00:00.000,0
2026352035,2016-12-05 01:00:00.000,0
2026352035,2016-12-05 02:00:00.000,8
2026352035,2016-12-05 03:00:00.000,0
2026352035,2016-12-05 04:00:00.000,0
2026352035,2016-12-05 05:00:00.000,370
2026352035,2016-12-05 06:00:00.000,652
2026352035,2016-12-05 07:00:00.000,598
2026352035,2016-12-05 08:00:00.000,724
2026352035,2016-12-05 09:00:00.000,493
2026352035,2016-12-05 10:00:00.000,1261
2026352035,2016-12-05 11:00:00.000,744
2026352035,2016-12-05 12:00:00.000,976
2026352035,2016-12-05 13:00:00.000,882
2026352035,2016-12-05 14:00:00.000,618
2026352035,2016-12-05 15:00:00.000,1123
2320127002,2016-12-04 00:00:00.000,0
2320127002,2016-12-04 01:00:00.000,0
2320127002,2016-12-04 02:00:00.000,0
2320127002,2016-12-04 03:00:00.000,0
2320127002,2016-12-04 04:00:00.000,0
2320127002,2016-12-04 05:00:00.000,0
2320127002,2016-12-04 06:00:00.000,0
2320127002,2016-12-04 07:00:00.000,497
2320127002,2016-12-04 08:00:00.000,461
2320127002,2016-12-04 09:00:00.000,470
2320127002,2016-12-04 10:00:00.000,164
2320127002,2016-12-04 11:00:00.000,654
2320127002,2016-12-04 12:00:00.000,1140
2320127002,2016-12-04 13:00:00.000,408
2320127002,2016-12-04 14:00:00.000,1372
2320127002,2016-12-04 15:00:00.000,2208
2320127002,2016-12-04 16:00:00.000,771
2320127002,2016-12-04 17:00:00.000,557
2320127002,2016-12-04 18:00:00.000,415
2320127002,2016-12-04 19:00:00.000,459
2320127002,2016-12-04 20:00:00.000,348
2320127002,2016-12-04 21:00:00.000,197
2320127002,2016-12-04 22:00:00.000,296
2320127002,2016-12-04 23:00:00.000,308
2320127002,2016-04-13 00:00:00.000,178
2320127002,2016-04-13 01:00:00.000,421
2320127002,2016-04-13 02:00:00.000,218
2320127002,2016-04-13 03:00:00.000,45
2320127002,2016-04-13 04:00:00.000,234
2320127002,2016-04-13 05:00:00.000,83
2320127002,2016-04-13 06:00:00.000,370
2320127002,2016-04-13 07:00:00.000,959
2320127002,2016-04-13 08:00:00.000,541
2320127002,2016-04-13 09:00:00.000,198
2320127002,2016-04-13 10:00:00.000,166
2320127002,2016-04-13 11:00:00.000,350
2320127002,2016-04-13 12:00:00.000,414
2320127002,2016-04-13 13:00:00.000,148
2320127002,2016-04-13 14:00:00.000,365
2320127002,2016-04-13 15:00:00.000,283
2320127002,2016-04-13 16:00:00.000,396
2320127002,2016-04-13 17:00:00.000,456
2320127002,2016-04-13 18:00:00.000,117
2320127002,2016-04-13 19:00:00.000,168
2320127002,2016-04-13 20:00:00.000,284
2320127002,2016-04-13 21:00:00.000,305
2320127002,2016-04-13 22:00:00.000,422
2320127002,2016-04-13 23:00:00.000,154
2320127002,2016-04-14 00:00:00.000,191
2320127002,2016-04-14 01:00:00.000,0
2320127002,2016-04-14 02:00:00.000,0
2320127002,2016-04-14 03:00:00.000,0
2320127002,2016-04-14 04:00:00.000,0
2320127002,2016-04-14 05:00:00.000,0
2320127002,2016-04-14 06:00:00.000,168
2320127002,2016-04-14 07:00:00.000,368
2320127002,2016-04-14 08:00:00.000,189
2320127002,2016-04-14 09:00:00.000,525
2320127002,2016-04-14 10:00:00.000,300
2320127002,2016-04-14 11:00:00.000,19
2320127002,2016-04-14 12:00:00.000,0
2320127002,2016-04-14 13:00:00.000,0
2320127002,2016-04-14 14:00:00.000,35
2320127002,2016-04-14 15:00:00.000,243
2320127002,2016-04-14 16:00:00.000,638
2320127002,2016-04-14 17:00:00.000,465
2320127002,2016-04-14 18:00:00.000,355
2320127002,2016-04-14 19:00:00.000,338
2320127002,2016-04-14 20:00:00.000,139
2320127002,2016-04-14 21:00:00.000,0
2320127002,2016-04-14 22:00:00.000,0
2320127002,2016-04-14 23:00:00.000,0
2320127002,2016-04-15 00:00:00.000,0
2320127002,2016-04-15 01:00:00.000,0
2320127002,2016-04-15 02:00:00.000,0
2320127002,2016-04-15 03:00:00.000,0
2320127002,2016-04-15 04:00:00.000,0
2320127002,2016-04-15 05:00:00.000,0
2320127002,2016-04-15 06:00:00.000,0
2320127002,2016-04-15 07:00:00.000,569
2320127002,2016-04-15 08:00:00.000,234
2320127002,2016-04-15 09:00:00.000,405
2320127002,2016-04-15 10:00:00.000,177
2320127002,2016-04-15 11:00:00.000,223
2320127002,2016-04-15 12:00:00.000,564
2320127002,2016-04-15 13:00:00.000,126
2320127002,2016-04-15 14:00:00.000,0
2320127002,2016-04-15 15:00:00.000,275
2320127002,2016-04-15 16:00:00.000,258
2320127002,2016-04-15 17:00:00.000,498
2320127002,2016-04-15 18:00:00.000,312
2320127002,2016-04-15 19:00:00.000,570
2320127002,2016-04-15 20:00:00.000,571
2320127002,2016-04-15 21:00:00.000,306
2320127002,2016-04-15 22:00:00.000,117
2320127002,2016-04-15 23:00:00.000,0
2320127002,2016-04-16 00:00:00.000,0
2320127002,2016-04-16 01:00:00.000,0
2320127002,2016-04-16 02:00:00.000,0
2320127002,2016-04-16 03:00:00.000,0
2320127002,2016-04-16 04:00:00.000,0
2320127002,2016-04-16 05:00:00.000,0
2320127002,2016-04-16 06:00:00.000,0
2320127002,2016-04-16 07:00:00.000,0
2320127002,2016-04-16 08:00:00.000,0
2320127002,2016-04-16 09:00:00.000,0
2320127002,2016-04-16 10:00:00.000,317
2320127002,2016-04-16 11:00:00.000,513
2320127002,2016-04-16 12:00:00.000,520
2320127002,2016-04-16 13:00:00.000,203
2320127002,2016-04-16 14:00:00.000,219
2320127002,2016-04-16 15:00:00.000,398
2320127002,2016-04-16 16:00:00.000,306
2320127002,2016-04-16 17:00:00.000,0
2320127002,2016-04-16 18:00:00.000,0
2320127002,2016-04-16 19:00:00.000,220
2320127002,2016-04-16 20:00:00.000,490
2320127002,2016-04-16 21:00:00.000,634
2320127002,2016-04-16 22:00:00.000,510
2320127002,2016-04-16 23:00:00.000,714
2320127002,2016-04-17 00:00:00.000,330
2320127002,2016-04-17 01:00:00.000,94
2320127002,2016-04-17 02:00:00.000,0
2320127002,2016-04-17 03:00:00.000,0
2320127002,2016-04-17 04:00:00.000,0
2320127002,2016-04-17 05:00:00.000,0
2320127002,2016-04-17 06:00:00.000,0
2320127002,2016-04-17 07:00:00.000,0
2320127002,2016-04-17 08:00:00.000,0
2320127002,2016-04-17 09:00:00.000,232
2320127002,2016-04-17 10:00:00.000,256
2320127002,2016-04-17 11:00:00.000,484
2320127002,2016-04-17 12:00:00.000,507
2320127002,2016-04-17 13:00:00.000,567
2320127002,2016-04-17 14:00:00.000,661
2320127002,2016-04-17 15:00:00.000,242
2320127002,2016-04-17 16:00:00.000,286
2320127002,2016-04-17 17:00:00.000,431
2320127002,2016-04-17 18:00:00.000,749
2320127002,2016-04-17 19:00:00.000,579
2320127002,2016-04-17 20:00:00.000,474
2320127002,2016-04-17 21:00:00.000,220
2320127002,2016-04-17 22:00:00.000,86
2320127002,2016-04-17 23:00:00.000,0
2320127002,2016-04-18 00:00:00.000,0
2320127002,2016-04-18 01:00:00.000,0
2320127002,2016-04-18 02:00:00.000,0
2320127002,2016-04-18 03:00:00.000,0
2320127002,2016-04-18 04:00:00.000,0
2320127002,2016-04-18 05:00:00.000,0
2320127002,2016-04-18 06:00:00.000,183
2320127002,2016-04-18 07:00:00.000,589
2320127002,2016-04-18 08:00:00.000,287
2320127002,2016-04-18 09:00:00.000,486
2320127002,2016-04-18 10:00:00.000,103
2320127002,2016-04-18 11:00:00.000,347
2320127002,2016-04-18 12:00:00.000,479
2320127002,2016-04-18 13:00:00.000,852
2320127002,2016-04-18 14:00:00.000,633
2320127002,2016-04-18 15:00:00.000,228
2320127002,2016-04-18 16:00:00.000,332
2320127002,2016-04-18 17:00:00.000,324
2320127002,2016-04-18 18:00:00.000,260
2320127002,2016-04-18 19:00:00.000,427
2320127002,2016-04-18 20:00:00.000,306
2320127002,2016-04-18 21:00:00.000,377
2320127002,2016-04-18 22:00:00.000,82
2320127002,2016-04-18 23:00:00.000,243
2320127002,2016-04-19 00:00:00.000,62
2320127002,2016-04-19 01:00:00.000,0
2320127002,2016-04-19 02:00:00.000,0
2320127002,2016-04-19 03:00:00.000,0
2320127002,2016-04-19 04:00:00.000,0
2320127002,2016-04-19 05:00:00.000,0
2320127002,2016-04-19 06:00:00.000,0
2320127002,2016-04-19 07:00:00.000,0
2320127002,2016-04-19 08:00:00.000,0
2320127002,2016-04-19 09:00:00.000,0
2320127002,2016-04-19 10:00:00.000,0
2320127002,2016-04-19 11:00:00.000,0
2320127002,2016-04-19 12:00:00.000,821
2320127002,2016-04-19 13:00:00.000,272
2320127002,2016-04-19 14:00:00.000,244
2320127002,2016-04-19 15:00:00.000,332
2320127002,2016-04-19 16:00:00.000,413
2320127002,2016-04-19 17:00:00.000,328
2320127002,2016-04-19 18:00:00.000,0
2320127002,2016-04-19 19:00:00.000,76
2320127002,2016-04-19 20:00:00.000,645
2320127002,2016-04-19 21:00:00.000,625
2320127002,2016-04-19 22:00:00.000,1025
2320127002,2016-04-19 23:00:00.000,1154
2320127002,2016-04-20 00:00:00.000,220
2320127002,2016-04-20 01:00:00.000,0
2320127002,2016-04-20 02:00:00.000,0
2320127002,2016-04-20 03:00:00.000,0
2320127002,2016-04-20 04:00:00.000,0
2320127002,2016-04-20 05:00:00.000,0
2320127002,2016-04-20 06:00:00.000,0
2320127002,2016-04-20 07:00:00.000,0
2320127002,2016-04-20 08:00:00.000,0
2320127002,2016-04-20 09:00:00.000,0
2320127002,2016-04-20 10:00:00.000,0
2320127002,2016-04-20 11:00:00.000,0
2320127002,2016-04-20 12:00:00.000,420
2320127002,2016-04-20 13:00:00.000,338
2320127002,2016-04-20 14:00:00.000,842
2320127002,2016-04-20 15:00:00.000,1813
2320127002,2016-04-20 16:00:00.000,624
2320127002,2016-04-20 17:00:00.000,541
2320127002,2016-04-20 18:00:00.000,411
2320127002,2016-04-20 19:00:00.000,485
2320127002,2016-04-20 20:00:00.000,411
2320127002,2016-04-20 21:00:00.000,294
2320127002,2016-04-20 22:00:00.000,434
2320127002,2016-04-20 23:00:00.000,329
2320127002,2016-04-21 00:00:00.000,30
2320127002,2016-04-21 01:00:00.000,0
2320127002,2016-04-21 02:00:00.000,0
2320127002,2016-04-21 03:00:00.000,0
2320127002,2016-04-21 04:00:00.000,0
2320127002,2016-04-21 05:00:00.000,0
2320127002,2016-04-21 06:00:00.000,0
2320127002,2016-04-21 07:00:00.000,0
2320127002,2016-04-21 08:00:00.000,0
2320127002,2016-04-21 09:00:00.000,0
2320127002,2016-04-21 10:00:00.000,0
2320127002,2016-04-21 11:00:00.000,0
2320127002,2016-04-21 12:00:00.000,0
2320127002,2016-04-21 13:00:00.000,0
2320127002,2016-04-21 14:00:00.000,0
2320127002,2016-04-21 15:00:00.000,185
2320127002,2016-04-21 16:00:00.000,511
2320127002,2016-04-21 17:00:00.000,446
2320127002,2016-04-21 18:00:00.000,349
2320127002,2016-04-21 19:00:00.000,61
2320127002,2016-04-21 20:00:00.000,0
2320127002,2016-04-21 21:00:00.000,974
2320127002,2016-04-21 22:00:00.000,526
2320127002,2016-04-21 23:00:00.000,322
2320127002,2016-04-22 00:00:00.000,210
2320127002,2016-04-22 01:00:00.000,429
2320127002,2016-04-22 02:00:00.000,164
2320127002,2016-04-22 03:00:00.000,253
2320127002,2016-04-22 04:00:00.000,70
2320127002,2016-04-22 05:00:00.000,249
2320127002,2016-04-22 06:00:00.000,529
2320127002,2016-04-22 07:00:00.000,230
2320127002,2016-04-22 08:00:00.000,0
2320127002,2016-04-22 09:00:00.000,0
2320127002,2016-04-22 10:00:00.000,0
2320127002,2016-04-22 11:00:00.000,0
2320127002,2016-04-22 12:00:00.000,0
2320127002,2016-04-22 13:00:00.000,0
2320127002,2016-04-22 14:00:00.000,272
2320127002,2016-04-22 15:00:00.000,1128
2320127002,2016-04-22 16:00:00.000,270
2320127002,2016-04-22 17:00:00.000,315
2320127002,2016-04-22 18:00:00.000,0
2320127002,2016-04-22 19:00:00.000,249
2320127002,2016-04-22 20:00:00.000,384
2320127002,2016-04-22 21:00:00.000,453
2320127002,2016-04-22 22:00:00.000,218
2320127002,2016-04-22 23:00:00.000,160
2320127002,2016-04-23 00:00:00.000,152
2320127002,2016-04-23 01:00:00.000,205
2320127002,2016-04-23 02:00:00.000,264
2320127002,2016-04-23 03:00:00.000,202
2320127002,2016-04-23 04:00:00.000,72
2320127002,2016-04-23 05:00:00.000,0
2320127002,2016-04-23 06:00:00.000,0
2320127002,2016-04-23 07:00:00.000,0
2320127002,2016-04-23 08:00:00.000,0
2320127002,2016-04-23 09:00:00.000,0
2320127002,2016-04-23 10:00:00.000,0
2320127002,2016-04-23 11:00:00.000,0
2320127002,2016-04-23 12:00:00.000,0
2320127002,2016-04-23 13:00:00.000,591
2320127002,2016-04-23 14:00:00.000,436
2320127002,2016-04-23 15:00:00.000,591
2320127002,2016-04-23 16:00:00.000,399
2320127002,2016-04-23 17:00:00.000,594
2320127002,2016-04-23 18:00:00.000,578
2320127002,2016-04-23 19:00:00.000,351
2320127002,2016-04-23 20:00:00.000,41
2320127002,2016-04-23 21:00:00.000,261
2320127002,2016-04-23 22:00:00.000,205
2320127002,2016-04-23 23:00:00.000,137
2320127002,2016-04-24 00:00:00.000,204
2320127002,2016-04-24 01:00:00.000,295
2320127002,2016-04-24 02:00:00.000,192
2320127002,2016-04-24 03:00:00.000,0
2320127002,2016-04-24 04:00:00.000,0
2320127002,2016-04-24 05:00:00.000,0
2320127002,2016-04-24 06:00:00.000,0
2320127002,2016-04-24 07:00:00.000,0
2320127002,2016-04-24 08:00:00.000,0
2320127002,2016-04-24 09:00:00.000,0
2320127002,2016-04-24 10:00:00.000,0
2320127002,2016-04-24 11:00:00.000,0
2320127002,2016-04-24 12:00:00.000,0
2320127002,2016-04-24 13:00:00.000,0
2320127002,2016-04-24 14:00:00.000,0
2320127002,2016-04-24 15:00:00.000,69
2320127002,2016-04-24 16:00:00.000,784
2320127002,2016-04-24 17:00:00.000,360
2320127002,2016-04-24 18:00:00.000,711
2320127002,2016-04-24 19:00:00.000,140
2320127002,2016-04-24 20:00:00.000,434
2320127002,2016-04-24 21:00:00.000,487
2320127002,2016-04-24 22:00:00.000,194
2320127002,2016-04-24 23:00:00.000,289
2320127002,2016-04-25 00:00:00.000,506
2320127002,2016-04-25 01:00:00.000,195
2320127002,2016-04-25 02:00:00.000,0
2320127002,2016-04-25 03:00:00.000,0
2320127002,2016-04-25 04:00:00.000,0
2320127002,2016-04-25 05:00:00.000,0
2320127002,2016-04-25 06:00:00.000,0
2320127002,2016-04-25 07:00:00.000,0
2320127002,2016-04-25 08:00:00.000,0
2320127002,2016-04-25 09:00:00.000,0
2320127002,2016-04-25 10:00:00.000,0
2320127002,2016-04-25 11:00:00.000,0
2320127002,2016-04-25 12:00:00.000,0
2320127002,2016-04-25 13:00:00.000,0
2320127002,2016-04-25 14:00:00.000,0
2320127002,2016-04-25 15:00:00.000,24
2320127002,2016-04-25 16:00:00.000,409
2320127002,2016-04-25 17:00:00.000,1013
2320127002,2016-04-25 18:00:00.000,368
2320127002,2016-04-25 19:00:00.000,53
2320127002,2016-04-25 20:00:00.000,284
2320127002,2016-04-25 21:00:00.000,298
2320127002,2016-04-25 22:00:00.000,380
2320127002,2016-04-25 23:00:00.000,58
2320127002,2016-04-26 00:00:00.000,0
2320127002,2016-04-26 01:00:00.000,20
2320127002,2016-04-26 02:00:00.000,71
2320127002,2016-04-26 03:00:00.000,0
2320127002,2016-04-26 04:00:00.000,0
2320127002,2016-04-26 05:00:00.000,0
2320127002,2016-04-26 06:00:00.000,0
2320127002,2016-04-26 07:00:00.000,0
2320127002,2016-04-26 08:00:00.000,0
2320127002,2016-04-26 09:00:00.000,0
2320127002,2016-04-26 10:00:00.000,0
2320127002,2016-04-26 11:00:00.000,0
2320127002,2016-04-26 12:00:00.000,0
2320127002,2016-04-26 13:00:00.000,0
2320127002,2016-04-26 14:00:00.000,0
2320127002,2016-04-26 15:00:00.000,0
2320127002,2016-04-26 16:00:00.000,244
2320127002,2016-04-26 17:00:00.000,401
2320127002,2016-04-26 18:00:00.000,345
2320127002,2016-04-26 19:00:00.000,390
2320127002,2016-04-26 20:00:00.000,412
2320127002,2016-04-26 21:00:00.000,522
2320127002,2016-04-26 22:00:00.000,758
2320127002,2016-04-26 23:00:00.000,246
2320127002,2016-04-27 00:00:00.000,0
2320127002,2016-04-27 01:00:00.000,0
2320127002,2016-04-27 02:00:00.000,0
2320127002,2016-04-27 03:00:00.000,0
2320127002,2016-04-27 04:00:00.000,152
2320127002,2016-04-27 05:00:00.000,79
2320127002,2016-04-27 06:00:00.000,4
2320127002,2016-04-27 07:00:00.000,500
2320127002,2016-04-27 08:00:00.000,829
2320127002,2016-04-27 09:00:00.000,151
2320127002,2016-04-27 10:00:00.000,0
2320127002,2016-04-27 11:00:00.000,0
2320127002,2016-04-27 12:00:00.000,0
2320127002,2016-04-27 13:00:00.000,0
2320127002,2016-04-27 14:00:00.000,0
2320127002,2016-04-27 15:00:00.000,0
2320127002,2016-04-27 16:00:00.000,0
2320127002,2016-04-27 17:00:00.000,0
2320127002,2016-04-27 18:00:00.000,0
2320127002,2016-04-27 19:00:00.000,0
2320127002,2016-04-27 20:00:00.000,0
2320127002,2016-04-27 21:00:00.000,0
2320127002,2016-04-27 22:00:00.000,0
2320127002,2016-04-27 23:00:00.000,0
2320127002,2016-04-28 00:00:00.000,138
2320127002,2016-04-28 01:00:00.000,357
2320127002,2016-04-28 02:00:00.000,374
2320127002,2016-04-28 03:00:00.000,412
2320127002,2016-04-28 04:00:00.000,0
2320127002,2016-04-28 05:00:00.000,0
2320127002,2016-04-28 06:00:00.000,0
2320127002,2016-04-28 07:00:00.000,251
2320127002,2016-04-28 08:00:00.000,0
2320127002,2016-04-28 09:00:00.000,0
2320127002,2016-04-28 10:00:00.000,0
2320127002,2016-04-28 11:00:00.000,0
2320127002,2016-04-28 12:00:00.000,0
2320127002,2016-04-28 13:00:00.000,0
2320127002,2016-04-28 14:00:00.000,0
2320127002,2016-04-28 15:00:00.000,0
2320127002,2016-04-28 16:00:00.000,0
2320127002,2016-04-28 17:00:00.000,0
2320127002,2016-04-28 18:00:00.000,0
2320127002,2016-04-28 19:00:00.000,0
2320127002,2016-04-28 20:00:00.000,0
2320127002,2016-04-28 21:00:00.000,0
2320127002,2016-04-28 22:00:00.000,0
2320127002,2016-04-28 23:00:00.000,0
2320127002,2016-04-29 00:00:00.000,0
2320127002,2016-04-29 01:00:00.000,0
2320127002,2016-04-29 02:00:00.000,0
2320127002,2016-04-29 03:00:00.000,0
2320127002,2016-04-29 04:00:00.000,0
2320127002,2016-04-29 05:00:00.000,0
2320127002,2016-04-29 06:00:00.000,241
2320127002,2016-04-29 07:00:00.000,577
2320127002,2016-04-29 08:00:00.000,106
2320127002,2016-04-29 09:00:00.000,0
2320127002,2016-04-29 10:00:00.000,0
2320127002,2016-04-29 11:00:00.000,0
2320127002,2016-04-29 12:00:00.000,0
2320127002,2016-04-29 13:00:00.000,0
2320127002,2016-04-29 14:00:00.000,0
2320127002,2016-04-29 15:00:00.000,0
2320127002,2016-04-29 16:00:00.000,0
2320127002,2016-04-29 17:00:00.000,0
2320127002,2016-04-29 18:00:00.000,0
2320127002,2016-04-29 19:00:00.000,0
2320127002,2016-04-29 20:00:00.000,0
2320127002,2016-04-29 21:00:00.000,0
2320127002,2016-04-29 22:00:00.000,0
2320127002,2016-04-29 23:00:00.000,0
2320127002,2016-04-30 00:00:00.000,0
2320127002,2016-04-30 01:00:00.000,65
2320127002,2016-04-30 02:00:00.000,249
2320127002,2016-04-30 03:00:00.000,378
2320127002,2016-04-30 04:00:00.000,582
2320127002,2016-04-30 05:00:00.000,336
2320127002,2016-04-30 06:00:00.000,219
2320127002,2016-04-30 07:00:00.000,353
2320127002,2016-04-30 08:00:00.000,388
2320127002,2016-04-30 09:00:00.000,267
2320127002,2016-04-30 10:00:00.000,552
2320127002,2016-04-30 11:00:00.000,303
2320127002,2016-04-30 12:00:00.000,0
2320127002,2016-04-30 13:00:00.000,0
2320127002,2016-04-30 14:00:00.000,0
2320127002,2016-04-30 15:00:00.000,0
2320127002,2016-04-30 16:00:00.000,0
2320127002,2016-04-30 17:00:00.000,0
2320127002,2016-04-30 18:00:00.000,0
2320127002,2016-04-30 19:00:00.000,0
2320127002,2016-04-30 20:00:00.000,210
2320127002,2016-04-30 21:00:00.000,331
2320127002,2016-04-30 22:00:00.000,185
2320127002,2016-04-30 23:00:00.000,140
2320127002,2016-01-05 00:00:00.000,267
2320127002,2016-01-05 01:00:00.000,179
2320127002,2016-01-05 02:00:00.000,326
2320127002,2016-01-05 03:00:00.000,0
2320127002,2016-01-05 04:00:00.000,0
2320127002,2016-01-05 05:00:00.000,0
2320127002,2016-01-05 06:00:00.000,0
2320127002,2016-01-05 07:00:00.000,0
2320127002,2016-01-05 08:00:00.000,0
2320127002,2016-01-05 09:00:00.000,0
2320127002,2016-01-05 10:00:00.000,0
2320127002,2016-01-05 11:00:00.000,0
2320127002,2016-01-05 12:00:00.000,0
2320127002,2016-01-05 13:00:00.000,0
2320127002,2016-01-05 14:00:00.000,0
2320127002,2016-01-05 15:00:00.000,0
2320127002,2016-01-05 16:00:00.000,0
2320127002,2016-01-05 17:00:00.000,0
2320127002,2016-01-05 18:00:00.000,0
2320127002,2016-01-05 19:00:00.000,0
2320127002,2016-01-05 20:00:00.000,0
2320127002,2016-01-05 21:00:00.000,0
2320127002,2016-01-05 22:00:00.000,0
2320127002,2016-01-05 23:00:00.000,0
2320127002,2016-02-05 00:00:00.000,0
2320127002,2016-02-05 01:00:00.000,285
2320127002,2016-02-05 02:00:00.000,322
2320127002,2016-02-05 03:00:00.000,564
2320127002,2016-02-05 04:00:00.000,203
2320127002,2016-02-05 05:00:00.000,0
2320127002,2016-02-05 06:00:00.000,0
2320127002,2016-02-05 07:00:00.000,0
2320127002,2016-02-05 08:00:00.000,0
2320127002,2016-02-05 09:00:00.000,0
2320127002,2016-02-05 10:00:00.000,0
2320127002,2016-02-05 11:00:00.000,0
2320127002,2016-02-05 12:00:00.000,0
2320127002,2016-02-05 13:00:00.000,0
2320127002,2016-02-05 14:00:00.000,0
2320127002,2016-02-05 15:00:00.000,0
2320127002,2016-02-05 16:00:00.000,0
2320127002,2016-02-05 17:00:00.000,0
2320127002,2016-02-05 18:00:00.000,0
2320127002,2016-02-05 19:00:00.000,151
2320127002,2016-02-05 20:00:00.000,860
2320127002,2016-02-05 21:00:00.000,1054
2320127002,2016-02-05 22:00:00.000,195
2320127002,2016-02-05 23:00:00.000,0
2320127002,2016-03-05 00:00:00.000,0
2320127002,2016-03-05 01:00:00.000,0
2320127002,2016-03-05 02:00:00.000,0
2320127002,2016-03-05 03:00:00.000,0
2320127002,2016-03-05 04:00:00.000,0
2320127002,2016-03-05 05:00:00.000,453
2320127002,2016-03-05 06:00:00.000,451
2320127002,2016-03-05 07:00:00.000,1053
2320127002,2016-03-05 08:00:00.000,473
2320127002,2016-03-05 09:00:00.000,0
2320127002,2016-03-05 10:00:00.000,0
2320127002,2016-03-05 11:00:00.000,0
2320127002,2016-03-05 12:00:00.000,0
2320127002,2016-03-05 13:00:00.000,0
2320127002,2016-03-05 14:00:00.000,0
2320127002,2016-03-05 15:00:00.000,0
2320127002,2016-03-05 16:00:00.000,0
2320127002,2016-03-05 17:00:00.000,49
2320127002,2016-03-05 18:00:00.000,261
2320127002,2016-03-05 19:00:00.000,720
2320127002,2016-03-05 20:00:00.000,1940
2320127002,2016-03-05 21:00:00.000,656
2320127002,2016-03-05 22:00:00.000,1364
2320127002,2016-03-05 23:00:00.000,23
2320127002,2016-04-05 00:00:00.000,0
2320127002,2016-04-05 01:00:00.000,0
2320127002,2016-04-05 02:00:00.000,0
2320127002,2016-04-05 03:00:00.000,0
2320127002,2016-04-05 04:00:00.000,58
2320127002,2016-04-05 05:00:00.000,0
2320127002,2016-04-05 06:00:00.000,269
2320127002,2016-04-05 07:00:00.000,874
2320127002,2016-04-05 08:00:00.000,0
2320127002,2016-04-05 09:00:00.000,0
2320127002,2016-04-05 10:00:00.000,0
2320127002,2016-04-05 11:00:00.000,0
2320127002,2016-04-05 12:00:00.000,0
2320127002,2016-04-05 13:00:00.000,0
2320127002,2016-04-05 14:00:00.000,0
2320127002,2016-04-05 15:00:00.000,0
2320127002,2016-04-05 16:00:00.000,0
2320127002,2016-04-05 17:00:00.000,0
2320127002,2016-04-05 18:00:00.000,0
2320127002,2016-04-05 19:00:00.000,0
2320127002,2016-04-05 20:00:00.000,0
2320127002,2016-04-05 21:00:00.000,0
2320127002,2016-04-05 22:00:00.000,0
2320127002,2016-04-05 23:00:00.000,0
2320127002,2016-05-05 00:00:00.000,0
2320127002,2016-05-05 01:00:00.000,0
2320127002,2016-05-05 02:00:00.000,0
2320127002,2016-05-05 03:00:00.000,0
2320127002,2016-05-05 04:00:00.000,0
2320127002,2016-05-05 05:00:00.000,0
2320127002,2016-05-05 06:00:00.000,383
2320127002,2016-05-05 07:00:00.000,687
2320127002,2016-05-05 08:00:00.000,604
2320127002,2016-05-05 09:00:00.000,782
2320127002,2016-05-05 10:00:00.000,601
2320127002,2016-05-05 11:00:00.000,427
2320127002,2016-05-05 12:00:00.000,456
2320127002,2016-05-05 13:00:00.000,98
2320127002,2016-05-05 14:00:00.000,0
2320127002,2016-05-05 15:00:00.000,0
2320127002,2016-05-05 16:00:00.000,0
2320127002,2016-05-05 17:00:00.000,68
2320127002,2016-05-05 18:00:00.000,111
2320127002,2016-05-05 19:00:00.000,441
2320127002,2016-05-05 20:00:00.000,267
2320127002,2016-05-05 21:00:00.000,219
2320127002,2016-05-05 22:00:00.000,58
2320127002,2016-05-05 23:00:00.000,0
2320127002,2016-06-05 00:00:00.000,0
2320127002,2016-06-05 01:00:00.000,0
2320127002,2016-06-05 02:00:00.000,0
2320127002,2016-06-05 03:00:00.000,0
2320127002,2016-06-05 04:00:00.000,0
2320127002,2016-06-05 05:00:00.000,178
2320127002,2016-06-05 06:00:00.000,575
2320127002,2016-06-05 07:00:00.000,478
2320127002,2016-06-05 08:00:00.000,267
2320127002,2016-06-05 09:00:00.000,600
2320127002,2016-06-05 10:00:00.000,843
2320127002,2016-06-05 11:00:00.000,676
2320127002,2016-06-05 12:00:00.000,378
2320127002,2016-06-05 13:00:00.000,0
2320127002,2016-06-05 14:00:00.000,0
2320127002,2016-06-05 15:00:00.000,0
2320127002,2016-06-05 16:00:00.000,0
2320127002,2016-06-05 17:00:00.000,0
2320127002,2016-06-05 18:00:00.000,0
2320127002,2016-06-05 19:00:00.000,0
2320127002,2016-06-05 20:00:00.000,210
2320127002,2016-06-05 21:00:00.000,227
2320127002,2016-06-05 22:00:00.000,315
2320127002,2016-06-05 23:00:00.000,131
2320127002,2016-07-05 00:00:00.000,0
2320127002,2016-07-05 01:00:00.000,0
2320127002,2016-07-05 02:00:00.000,0
2320127002,2016-07-05 03:00:00.000,0
2320127002,2016-07-05 04:00:00.000,0
2320127002,2016-07-05 05:00:00.000,277
2320127002,2016-07-05 06:00:00.000,322
2320127002,2016-07-05 07:00:00.000,277
2320127002,2016-07-05 08:00:00.000,708
2320127002,2016-07-05 09:00:00.000,954
2320127002,2016-07-05 10:00:00.000,388
2320127002,2016-07-05 11:00:00.000,322
2320127002,2016-07-05 12:00:00.000,460
2320127002,2016-07-05 13:00:00.000,464
2320127002,2016-07-05 14:00:00.000,688
2320127002,2016-07-05 15:00:00.000,753
2320127002,2016-07-05 16:00:00.000,488
2320127002,2016-07-05 17:00:00.000,303
2320127002,2016-07-05 18:00:00.000,0
2320127002,2016-07-05 19:00:00.000,0
2320127002,2016-07-05 20:00:00.000,86
2320127002,2016-07-05 21:00:00.000,245
2320127002,2016-07-05 22:00:00.000,410
2320127002,2016-07-05 23:00:00.000,234
2320127002,2016-08-05 00:00:00.000,0
2320127002,2016-08-05 01:00:00.000,0
2320127002,2016-08-05 02:00:00.000,0
2320127002,2016-08-05 03:00:00.000,0
2320127002,2016-08-05 04:00:00.000,0
2320127002,2016-08-05 05:00:00.000,0
2320127002,2016-08-05 06:00:00.000,0
2320127002,2016-08-05 07:00:00.000,0
2320127002,2016-08-05 08:00:00.000,156
2320127002,2016-08-05 09:00:00.000,248
2320127002,2016-08-05 10:00:00.000,444
2320127002,2016-08-05 11:00:00.000,520
2320127002,2016-08-05 12:00:00.000,633
2320127002,2016-08-05 13:00:00.000,621
2320127002,2016-08-05 14:00:00.000,36
2320127002,2016-08-05 15:00:00.000,0
2320127002,2016-08-05 16:00:00.000,148
2320127002,2016-08-05 17:00:00.000,475
2320127002,2016-08-05 18:00:00.000,376
2320127002,2016-08-05 19:00:00.000,381
2320127002,2016-08-05 20:00:00.000,164
2320127002,2016-08-05 21:00:00.000,327
2320127002,2016-08-05 22:00:00.000,231
2320127002,2016-08-05 23:00:00.000,393
2320127002,2016-09-05 00:00:00.000,317
2320127002,2016-09-05 01:00:00.000,390
2320127002,2016-09-05 02:00:00.000,0
2320127002,2016-09-05 03:00:00.000,0
2320127002,2016-09-05 04:00:00.000,0
2320127002,2016-09-05 05:00:00.000,95
2320127002,2016-09-05 06:00:00.000,224
2320127002,2016-09-05 07:00:00.000,713
2320127002,2016-09-05 08:00:00.000,162
2320127002,2016-09-05 09:00:00.000,184
2320127002,2016-09-05 10:00:00.000,165
2320127002,2016-09-05 11:00:00.000,0
2320127002,2016-09-05 12:00:00.000,0
2320127002,2016-09-05 13:00:00.000,0
2320127002,2016-09-05 14:00:00.000,0
2320127002,2016-09-05 15:00:00.000,524
2320127002,2016-09-05 16:00:00.000,177
2320127002,2016-09-05 17:00:00.000,139
2320127002,2016-09-05 18:00:00.000,0
2320127002,2016-09-05 19:00:00.000,0
2320127002,2016-09-05 20:00:00.000,0
2320127002,2016-09-05 21:00:00.000,0
2320127002,2016-09-05 22:00:00.000,0
2320127002,2016-09-05 23:00:00.000,0
2320127002,2016-10-05 00:00:00.000,0
2320127002,2016-10-05 01:00:00.000,0
2320127002,2016-10-05 02:00:00.000,0
2320127002,2016-10-05 03:00:00.000,0
2320127002,2016-10-05 04:00:00.000,0
2320127002,2016-10-05 05:00:00.000,0
2320127002,2016-10-05 06:00:00.000,71
2320127002,2016-10-05 07:00:00.000,364
2320127002,2016-10-05 08:00:00.000,182
2320127002,2016-10-05 09:00:00.000,362
2320127002,2016-10-05 10:00:00.000,493
2320127002,2016-10-05 11:00:00.000,1122
2320127002,2016-10-05 12:00:00.000,947
2320127002,2016-10-05 13:00:00.000,327
2320127002,2016-10-05 14:00:00.000,283
2320127002,2016-10-05 15:00:00.000,485
2320127002,2016-10-05 16:00:00.000,483
2320127002,2016-10-05 17:00:00.000,172
2320127002,2016-10-05 18:00:00.000,427
2320127002,2016-10-05 19:00:00.000,194
2320127002,2016-10-05 20:00:00.000,300
2320127002,2016-10-05 21:00:00.000,15
2320127002,2016-10-05 22:00:00.000,0
2320127002,2016-10-05 23:00:00.000,0
2320127002,2016-11-05 00:00:00.000,0
2320127002,2016-11-05 01:00:00.000,0
2320127002,2016-11-05 02:00:00.000,0
2320127002,2016-11-05 03:00:00.000,0
2320127002,2016-11-05 04:00:00.000,0
2320127002,2016-11-05 05:00:00.000,0
2320127002,2016-11-05 06:00:00.000,0
2320127002,2016-11-05 07:00:00.000,0
2320127002,2016-11-05 08:00:00.000,0
2320127002,2016-11-05 09:00:00.000,4
2320127002,2016-11-05 10:00:00.000,472
2320127002,2016-11-05 11:00:00.000,348
2320127002,2016-11-05 12:00:00.000,446
2320127002,2016-11-05 13:00:00.000,283
2320127002,2016-11-05 14:00:00.000,241
2320127002,2016-11-05 15:00:00.000,364
2320127002,2016-11-05 16:00:00.000,493
2320127002,2016-11-05 17:00:00.000,999
2320127002,2016-11-05 18:00:00.000,172
2320127002,2016-11-05 19:00:00.000,324
2320127002,2016-11-05 20:00:00.000,723
2320127002,2016-11-05 21:00:00.000,522
2320127002,2016-11-05 22:00:00.000,605
2320127002,2016-11-05 23:00:00.000,428
2320127002,2016-12-05 00:00:00.000,0
2320127002,2016-12-05 01:00:00.000,0
2320127002,2016-12-05 02:00:00.000,0
2320127002,2016-12-05 03:00:00.000,0
2320127002,2016-12-05 04:00:00.000,0
2320127002,2016-12-05 05:00:00.000,0
2320127002,2016-12-05 06:00:00.000,0
2320127002,2016-12-05 07:00:00.000,0
2320127002,2016-12-05 08:00:00.000,0
2320127002,2016-12-05 09:00:00.000,119
2320127002,2016-12-05 10:00:00.000,817
2320127002,2016-12-05 11:00:00.000,426
2320127002,2016-12-05 12:00:00.000,535
2320127002,2016-12-05 13:00:00.000,402
2320127002,2016-12-05 14:00:00.000,265
2347167796,2016-12-04 00:00:00.000,0
2347167796,2016-12-04 01:00:00.000,0
2347167796,2016-12-04 02:00:00.000,0
2347167796,2016-12-04 03:00:00.000,0
2347167796,2016-12-04 04:00:00.000,0
2347167796,2016-12-04 05:00:00.000,0
2347167796,2016-12-04 06:00:00.000,0
2347167796,2016-12-04 07:00:00.000,397
2347167796,2016-12-04 08:00:00.000,1195
2347167796,2016-12-04 09:00:00.000,193
2347167796,2016-12-04 10:00:00.000,111
2347167796,2016-12-04 11:00:00.000,169
2347167796,2016-12-04 12:00:00.000,179
2347167796,2016-12-04 13:00:00.000,371
2347167796,2016-12-04 14:00:00.000,47
2347167796,2016-12-04 15:00:00.000,337
2347167796,2016-12-04 16:00:00.000,135
2347167796,2016-12-04 17:00:00.000,433
2347167796,2016-12-04 18:00:00.000,1546
2347167796,2016-12-04 19:00:00.000,355
2347167796,2016-12-04 20:00:00.000,1391
2347167796,2016-12-04 21:00:00.000,3229
2347167796,2016-12-04 22:00:00.000,25
2347167796,2016-12-04 23:00:00.000,0
2347167796,2016-04-13 00:00:00.000,0
2347167796,2016-04-13 01:00:00.000,0
2347167796,2016-04-13 02:00:00.000,0
2347167796,2016-04-13 03:00:00.000,0
2347167796,2016-04-13 04:00:00.000,0
2347167796,2016-04-13 05:00:00.000,0
2347167796,2016-04-13 06:00:00.000,6
2347167796,2016-04-13 07:00:00.000,2581
2347167796,2016-04-13 08:00:00.000,1175
2347167796,2016-04-13 09:00:00.000,12
2347167796,2016-04-13 10:00:00.000,158
2347167796,2016-04-13 11:00:00.000,59
2347167796,2016-04-13 12:00:00.000,366
2347167796,2016-04-13 13:00:00.000,1200
2347167796,2016-04-13 14:00:00.000,112
2347167796,2016-04-13 15:00:00.000,154
2347167796,2016-04-13 16:00:00.000,311
2347167796,2016-04-13 17:00:00.000,122
2347167796,2016-04-13 18:00:00.000,1280
2347167796,2016-04-13 19:00:00.000,14
2347167796,2016-04-13 20:00:00.000,489
2347167796,2016-04-13 21:00:00.000,2197
2347167796,2016-04-13 22:00:00.000,116
2347167796,2016-04-13 23:00:00.000,0
2347167796,2016-04-14 00:00:00.000,8
2347167796,2016-04-14 01:00:00.000,0
2347167796,2016-04-14 02:00:00.000,0
2347167796,2016-04-14 03:00:00.000,0
2347167796,2016-04-14 04:00:00.000,0
2347167796,2016-04-14 05:00:00.000,0
2347167796,2016-04-14 06:00:00.000,12
2347167796,2016-04-14 07:00:00.000,2706
2347167796,2016-04-14 08:00:00.000,1041
2347167796,2016-04-14 09:00:00.000,264
2347167796,2016-04-14 10:00:00.000,370
2347167796,2016-04-14 11:00:00.000,283
2347167796,2016-04-14 12:00:00.000,382
2347167796,2016-04-14 13:00:00.000,2423
2347167796,2016-04-14 14:00:00.000,275
2347167796,2016-04-14 15:00:00.000,170
2347167796,2016-04-14 16:00:00.000,117
2347167796,2016-04-14 17:00:00.000,99
2347167796,2016-04-14 18:00:00.000,1364
2347167796,2016-04-14 19:00:00.000,137
2347167796,2016-04-14 20:00:00.000,53
2347167796,2016-04-14 21:00:00.000,305
2347167796,2016-04-14 22:00:00.000,120
2347167796,2016-04-14 23:00:00.000,0
2347167796,2016-04-15 00:00:00.000,0
2347167796,2016-04-15 01:00:00.000,0
2347167796,2016-04-15 02:00:00.000,12
2347167796,2016-04-15 03:00:00.000,0
2347167796,2016-04-15 04:00:00.000,0
2347167796,2016-04-15 05:00:00.000,0
2347167796,2016-04-15 06:00:00.000,9
2347167796,2016-04-15 07:00:00.000,2813
2347167796,2016-04-15 08:00:00.000,1077
2347167796,2016-04-15 09:00:00.000,291
2347167796,2016-04-15 10:00:00.000,51
2347167796,2016-04-15 11:00:00.000,146
2347167796,2016-04-15 12:00:00.000,259
2347167796,2016-04-15 13:00:00.000,359
2347167796,2016-04-15 14:00:00.000,131
2347167796,2016-04-15 15:00:00.000,15
2347167796,2016-04-15 16:00:00.000,323
2347167796,2016-04-15 17:00:00.000,73
2347167796,2016-04-15 18:00:00.000,2499
2347167796,2016-04-15 19:00:00.000,1137
2347167796,2016-04-15 20:00:00.000,732
2347167796,2016-04-15 21:00:00.000,294
2347167796,2016-04-15 22:00:00.000,244
2347167796,2016-04-15 23:00:00.000,0
2347167796,2016-04-16 00:00:00.000,0
2347167796,2016-04-16 01:00:00.000,0
2347167796,2016-04-16 02:00:00.000,0
2347167796,2016-04-16 03:00:00.000,0
2347167796,2016-04-16 04:00:00.000,0
2347167796,2016-04-16 05:00:00.000,0
2347167796,2016-04-16 06:00:00.000,0
2347167796,2016-04-16 07:00:00.000,1446
2347167796,2016-04-16 08:00:00.000,5291
2347167796,2016-04-16 09:00:00.000,5249
2347167796,2016-04-16 10:00:00.000,468
2347167796,2016-04-16 11:00:00.000,869
2347167796,2016-04-16 12:00:00.000,529
2347167796,2016-04-16 13:00:00.000,352
2347167796,2016-04-16 14:00:00.000,0
2347167796,2016-04-16 15:00:00.000,0
2347167796,2016-04-16 16:00:00.000,0
2347167796,2016-04-16 17:00:00.000,1344
2347167796,2016-04-16 18:00:00.000,2139
2347167796,2016-04-16 19:00:00.000,943
2347167796,2016-04-16 20:00:00.000,1496
2347167796,2016-04-16 21:00:00.000,1571
2347167796,2016-04-16 22:00:00.000,547
2347167796,2016-04-16 23:00:00.000,0
2347167796,2016-04-17 00:00:00.000,0
2347167796,2016-04-17 01:00:00.000,0
2347167796,2016-04-17 02:00:00.000,0
2347167796,2016-04-17 03:00:00.000,0
2347167796,2016-04-17 04:00:00.000,8
2347167796,2016-04-17 05:00:00.000,0
2347167796,2016-04-17 06:00:00.000,0
2347167796,2016-04-17 07:00:00.000,20
2347167796,2016-04-17 08:00:00.000,22
2347167796,2016-04-17 09:00:00.000,161
2347167796,2016-04-17 10:00:00.000,541
2347167796,2016-04-17 11:00:00.000,1489
2347167796,2016-04-17 12:00:00.000,21
2347167796,2016-04-17 13:00:00.000,872
2347167796,2016-04-17 14:00:00.000,578
2347167796,2016-04-17 15:00:00.000,219
2347167796,2016-04-17 16:00:00.000,57
2347167796,2016-04-17 17:00:00.000,256
2347167796,2016-04-17 18:00:00.000,495
2347167796,2016-04-17 19:00:00.000,334
2347167796,2016-04-17 20:00:00.000,217
2347167796,2016-04-17 21:00:00.000,182
2347167796,2016-04-17 22:00:00.000,0
2347167796,2016-04-17 23:00:00.000,0
2347167796,2016-04-18 00:00:00.000,6
2347167796,2016-04-18 01:00:00.000,0
2347167796,2016-04-18 02:00:00.000,0
2347167796,2016-04-18 03:00:00.000,0
2347167796,2016-04-18 04:00:00.000,0
2347167796,2016-04-18 05:00:00.000,0
2347167796,2016-04-18 06:00:00.000,15
2347167796,2016-04-18 07:00:00.000,418
2347167796,2016-04-18 08:00:00.000,1158
2347167796,2016-04-18 09:00:00.000,23
2347167796,2016-04-18 10:00:00.000,178
2347167796,2016-04-18 11:00:00.000,120
2347167796,2016-04-18 12:00:00.000,83
2347167796,2016-04-18 13:00:00.000,1439
2347167796,2016-04-18 14:00:00.000,606
2347167796,2016-04-18 15:00:00.000,147
2347167796,2016-04-18 16:00:00.000,175
2347167796,2016-04-18 17:00:00.000,92
2347167796,2016-04-18 18:00:00.000,1070
2347167796,2016-04-18 19:00:00.000,101
2347167796,2016-04-18 20:00:00.000,2497
2347167796,2016-04-18 21:00:00.000,104
2347167796,2016-04-18 22:00:00.000,15
2347167796,2016-04-18 23:00:00.000,0
2347167796,2016-04-19 00:00:00.000,0
2347167796,2016-04-19 01:00:00.000,0
2347167796,2016-04-19 02:00:00.000,0
2347167796,2016-04-19 03:00:00.000,0
2347167796,2016-04-19 04:00:00.000,0
2347167796,2016-04-19 05:00:00.000,20
2347167796,2016-04-19 06:00:00.000,148
2347167796,2016-04-19 07:00:00.000,291
2347167796,2016-04-19 08:00:00.000,1033
2347167796,2016-04-19 09:00:00.000,72
2347167796,2016-04-19 10:00:00.000,235
2347167796,2016-04-19 11:00:00.000,253
2347167796,2016-04-19 12:00:00.000,228
2347167796,2016-04-19 13:00:00.000,897
2347167796,2016-04-19 14:00:00.000,102
2347167796,2016-04-19 15:00:00.000,177
2347167796,2016-04-19 16:00:00.000,307
2347167796,2016-04-19 17:00:00.000,114
2347167796,2016-04-19 18:00:00.000,1170
2347167796,2016-04-19 19:00:00.000,1088
2347167796,2016-04-19 20:00:00.000,360
2347167796,2016-04-19 21:00:00.000,216
2347167796,2016-04-19 22:00:00.000,0
2347167796,2016-04-19 23:00:00.000,0
2347167796,2016-04-20 00:00:00.000,0
2347167796,2016-04-20 01:00:00.000,0
2347167796,2016-04-20 02:00:00.000,0
2347167796,2016-04-20 03:00:00.000,0
2347167796,2016-04-20 04:00:00.000,0
2347167796,2016-04-20 05:00:00.000,0
2347167796,2016-04-20 06:00:00.000,0
2347167796,2016-04-20 07:00:00.000,2534
2347167796,2016-04-20 08:00:00.000,1131
2347167796,2016-04-20 09:00:00.000,82
2347167796,2016-04-20 10:00:00.000,171
2347167796,2016-04-20 11:00:00.000,78
2347167796,2016-04-20 12:00:00.000,224
2347167796,2016-04-20 13:00:00.000,571
2347167796,2016-04-20 14:00:00.000,315
2347167796,2016-04-20 15:00:00.000,126
2347167796,2016-04-20 16:00:00.000,320
2347167796,2016-04-20 17:00:00.000,544
2347167796,2016-04-20 18:00:00.000,1622
2347167796,2016-04-20 19:00:00.000,1054
2347167796,2016-04-20 20:00:00.000,1909
2347167796,2016-04-20 21:00:00.000,161
2347167796,2016-04-20 22:00:00.000,157
2347167796,2016-04-20 23:00:00.000,0
2347167796,2016-04-21 00:00:00.000,7
2347167796,2016-04-21 01:00:00.000,0
2347167796,2016-04-21 02:00:00.000,7
2347167796,2016-04-21 03:00:00.000,0
2347167796,2016-04-21 04:00:00.000,0
2347167796,2016-04-21 05:00:00.000,0
2347167796,2016-04-21 06:00:00.000,141
2347167796,2016-04-21 07:00:00.000,257
2347167796,2016-04-21 08:00:00.000,909
2347167796,2016-04-21 09:00:00.000,19
2347167796,2016-04-21 10:00:00.000,128
2347167796,2016-04-21 11:00:00.000,140
2347167796,2016-04-21 12:00:00.000,735
2347167796,2016-04-21 13:00:00.000,232
2347167796,2016-04-21 14:00:00.000,254
2347167796,2016-04-21 15:00:00.000,89
2347167796,2016-04-21 16:00:00.000,91
2347167796,2016-04-21 17:00:00.000,46
2347167796,2016-04-21 18:00:00.000,1361
2347167796,2016-04-21 19:00:00.000,294
2347167796,2016-04-21 20:00:00.000,1880
2347167796,2016-04-21 21:00:00.000,3410
2347167796,2016-04-21 22:00:00.000,80
2347167796,2016-04-21 23:00:00.000,0
2347167796,2016-04-22 00:00:00.000,0
2347167796,2016-04-22 01:00:00.000,0
2347167796,2016-04-22 02:00:00.000,0
2347167796,2016-04-22 03:00:00.000,0
2347167796,2016-04-22 04:00:00.000,38
2347167796,2016-04-22 05:00:00.000,10
2347167796,2016-04-22 06:00:00.000,13
2347167796,2016-04-22 07:00:00.000,3724
2347167796,2016-04-22 08:00:00.000,879
2347167796,2016-04-22 09:00:00.000,41
2347167796,2016-04-22 10:00:00.000,74
2347167796,2016-04-22 11:00:00.000,61
2347167796,2016-04-22 12:00:00.000,276
2347167796,2016-04-22 13:00:00.000,411
2347167796,2016-04-22 14:00:00.000,276
2347167796,2016-04-22 15:00:00.000,315
2347167796,2016-04-22 16:00:00.000,184
2347167796,2016-04-22 17:00:00.000,512
2347167796,2016-04-22 18:00:00.000,876
2347167796,2016-04-22 19:00:00.000,13
2347167796,2016-04-22 20:00:00.000,79
2347167796,2016-04-22 21:00:00.000,0
2347167796,2016-04-22 22:00:00.000,0
2347167796,2016-04-22 23:00:00.000,22
2347167796,2016-04-23 00:00:00.000,0
2347167796,2016-04-23 01:00:00.000,0
2347167796,2016-04-23 02:00:00.000,0
2347167796,2016-04-23 03:00:00.000,4
2347167796,2016-04-23 04:00:00.000,0
2347167796,2016-04-23 05:00:00.000,0
2347167796,2016-04-23 06:00:00.000,18
2347167796,2016-04-23 07:00:00.000,150
2347167796,2016-04-23 08:00:00.000,4214
2347167796,2016-04-23 09:00:00.000,522
2347167796,2016-04-23 10:00:00.000,825
2347167796,2016-04-23 11:00:00.000,2143
2347167796,2016-04-23 12:00:00.000,1056
2347167796,2016-04-23 13:00:00.000,1908
2347167796,2016-04-23 14:00:00.000,121
2347167796,2016-04-23 15:00:00.000,99
2347167796,2016-04-23 16:00:00.000,468
2347167796,2016-04-23 17:00:00.000,1139
2347167796,2016-04-23 18:00:00.000,1267
2347167796,2016-04-23 19:00:00.000,323
2347167796,2016-04-23 20:00:00.000,1603
2347167796,2016-04-23 21:00:00.000,225
2347167796,2016-04-23 22:00:00.000,713
2347167796,2016-04-23 23:00:00.000,103
2347167796,2016-04-24 00:00:00.000,0
2347167796,2016-04-24 01:00:00.000,0
2347167796,2016-04-24 02:00:00.000,0
2347167796,2016-04-24 03:00:00.000,0
2347167796,2016-04-24 04:00:00.000,0
2347167796,2016-04-24 05:00:00.000,0
2347167796,2016-04-24 06:00:00.000,7
2347167796,2016-04-24 07:00:00.000,324
2347167796,2016-04-24 08:00:00.000,1151
2347167796,2016-04-24 09:00:00.000,459
2347167796,2016-04-24 10:00:00.000,804
2347167796,2016-04-24 11:00:00.000,1178
2347167796,2016-04-24 12:00:00.000,82
2347167796,2016-04-24 13:00:00.000,973
2347167796,2016-04-24 14:00:00.000,256
2347167796,2016-04-24 15:00:00.000,211
2347167796,2016-04-24 16:00:00.000,100
2347167796,2016-04-24 17:00:00.000,166
2347167796,2016-04-24 18:00:00.000,738
2347167796,2016-04-24 19:00:00.000,1835
2347167796,2016-04-24 20:00:00.000,697
2347167796,2016-04-24 21:00:00.000,490
2347167796,2016-04-24 22:00:00.000,0
2347167796,2016-04-24 23:00:00.000,0
2347167796,2016-04-25 00:00:00.000,0
2347167796,2016-04-25 01:00:00.000,0
2347167796,2016-04-25 02:00:00.000,10
2347167796,2016-04-25 03:00:00.000,0
2347167796,2016-04-25 04:00:00.000,0
2347167796,2016-04-25 05:00:00.000,6
2347167796,2016-04-25 06:00:00.000,16
2347167796,2016-04-25 07:00:00.000,284
2347167796,2016-04-25 08:00:00.000,1111
2347167796,2016-04-25 09:00:00.000,252
2347167796,2016-04-25 10:00:00.000,197
2347167796,2016-04-25 11:00:00.000,152
2347167796,2016-04-25 12:00:00.000,787
2347167796,2016-04-25 13:00:00.000,129
2347167796,2016-04-25 14:00:00.000,141
2347167796,2016-04-25 15:00:00.000,208
2347167796,2016-04-25 16:00:00.000,120
2347167796,2016-04-25 17:00:00.000,185
2347167796,2016-04-25 18:00:00.000,2882
2347167796,2016-04-25 19:00:00.000,1953
2347167796,2016-04-25 20:00:00.000,429
2347167796,2016-04-25 21:00:00.000,165
2347167796,2016-04-25 22:00:00.000,455
2347167796,2016-04-25 23:00:00.000,0
2347167796,2016-04-26 00:00:00.000,0
2347167796,2016-04-26 01:00:00.000,0
2347167796,2016-04-26 02:00:00.000,0
2347167796,2016-04-26 03:00:00.000,0
2347167796,2016-04-26 04:00:00.000,0
2347167796,2016-04-26 05:00:00.000,0
2347167796,2016-04-26 06:00:00.000,178
2347167796,2016-04-26 07:00:00.000,102
2347167796,2016-04-26 08:00:00.000,909
2347167796,2016-04-26 09:00:00.000,299
2347167796,2016-04-26 10:00:00.000,138
2347167796,2016-04-26 11:00:00.000,317
2347167796,2016-04-26 12:00:00.000,322
2347167796,2016-04-26 13:00:00.000,1251
2347167796,2016-04-26 14:00:00.000,236
2347167796,2016-04-26 15:00:00.000,15
2347167796,2016-04-26 16:00:00.000,101
2347167796,2016-04-26 17:00:00.000,28
2347167796,2016-04-26 18:00:00.000,1347
2347167796,2016-04-26 19:00:00.000,293
2347167796,2016-04-26 20:00:00.000,179
2347167796,2016-04-26 21:00:00.000,233
2347167796,2016-04-26 22:00:00.000,32
2347167796,2016-04-26 23:00:00.000,0
2347167796,2016-04-27 00:00:00.000,0
2347167796,2016-04-27 01:00:00.000,0
2347167796,2016-04-27 02:00:00.000,0
2347167796,2016-04-27 03:00:00.000,0
2347167796,2016-04-27 04:00:00.000,0
2347167796,2016-04-27 05:00:00.000,0
2347167796,2016-04-27 06:00:00.000,20
2347167796,2016-04-27 07:00:00.000,169
2347167796,2016-04-27 08:00:00.000,792
2347167796,2016-04-27 09:00:00.000,239
2347167796,2016-04-27 10:00:00.000,338
2347167796,2016-04-27 11:00:00.000,212
2347167796,2016-04-27 12:00:00.000,483
2347167796,2016-04-27 13:00:00.000,267
2347167796,2016-04-27 14:00:00.000,754
2347167796,2016-04-27 15:00:00.000,184
2347167796,2016-04-27 16:00:00.000,220
2347167796,2016-04-27 17:00:00.000,255
2347167796,2016-04-27 18:00:00.000,1500
2347167796,2016-04-27 19:00:00.000,4359
2347167796,2016-04-27 20:00:00.000,1204
2347167796,2016-04-27 21:00:00.000,315
2347167796,2016-04-27 22:00:00.000,112
2347167796,2016-04-27 23:00:00.000,0
2347167796,2016-04-28 00:00:00.000,10
2347167796,2016-04-28 01:00:00.000,0
2347167796,2016-04-28 02:00:00.000,18
2347167796,2016-04-28 03:00:00.000,0
2347167796,2016-04-28 04:00:00.000,0
2347167796,2016-04-28 05:00:00.000,0
2347167796,2016-04-28 06:00:00.000,228
2347167796,2016-04-28 07:00:00.000,20
2347167796,2016-04-28 08:00:00.000,1264
2347167796,2016-04-28 09:00:00.000,138
2347167796,2016-04-28 10:00:00.000,123
2347167796,2016-04-28 11:00:00.000,481
2347167796,2016-04-28 12:00:00.000,313
2347167796,2016-04-28 13:00:00.000,194
2347167796,2016-04-28 14:00:00.000,326
2347167796,2016-04-28 15:00:00.000,283
2347167796,2016-04-28 16:00:00.000,174
2347167796,2016-04-28 17:00:00.000,178
2347167796,2016-04-28 18:00:00.000,1067
2347167796,2016-04-28 19:00:00.000,69
2347167796,2016-04-28 20:00:00.000,130
2347167796,2016-04-28 21:00:00.000,43
2347167796,2016-04-28 22:00:00.000,380
2347167796,2016-04-28 23:00:00.000,0
2347167796,2016-04-29 00:00:00.000,0
2347167796,2016-04-29 01:00:00.000,8
2347167796,2016-04-29 02:00:00.000,0
2347167796,2016-04-29 03:00:00.000,0
2347167796,2016-04-29 04:00:00.000,17
2347167796,2016-04-29 05:00:00.000,0
2873212765,2016-12-04 00:00:00.000,0
2873212765,2016-12-04 01:00:00.000,0
2873212765,2016-12-04 02:00:00.000,0
2873212765,2016-12-04 03:00:00.000,0
2873212765,2016-12-04 04:00:00.000,0
2873212765,2016-12-04 05:00:00.000,306
2873212765,2016-12-04 06:00:00.000,17
2873212765,2016-12-04 07:00:00.000,1373
2873212765,2016-12-04 08:00:00.000,1150
2873212765,2016-12-04 09:00:00.000,1025
2873212765,2016-12-04 10:00:00.000,802
2873212765,2016-12-04 11:00:00.000,328
2873212765,2016-12-04 12:00:00.000,1280
2873212765,2016-12-04 13:00:00.000,637
2873212765,2016-12-04 14:00:00.000,169
2873212765,2016-12-04 15:00:00.000,95
2873212765,2016-12-04 16:00:00.000,251
2873212765,2016-12-04 17:00:00.000,93
2873212765,2016-12-04 18:00:00.000,737
2873212765,2016-12-04 19:00:00.000,255
2873212765,2016-12-04 20:00:00.000,259
2873212765,2016-12-04 21:00:00.000,19
2873212765,2016-12-04 22:00:00.000,0
2873212765,2016-12-04 23:00:00.000,0
2873212765,2016-04-13 00:00:00.000,0
2873212765,2016-04-13 01:00:00.000,0
2873212765,2016-04-13 02:00:00.000,0
2873212765,2016-04-13 03:00:00.000,0
2873212765,2016-04-13 04:00:00.000,0
2873212765,2016-04-13 05:00:00.000,321
2873212765,2016-04-13 06:00:00.000,203
2873212765,2016-04-13 07:00:00.000,840
2873212765,2016-04-13 08:00:00.000,873
2873212765,2016-04-13 09:00:00.000,632
2873212765,2016-04-13 10:00:00.000,364
2873212765,2016-04-13 11:00:00.000,550
2873212765,2016-04-13 12:00:00.000,803
2873212765,2016-04-13 13:00:00.000,851
2873212765,2016-04-13 14:00:00.000,228
2873212765,2016-04-13 15:00:00.000,354
2873212765,2016-04-13 16:00:00.000,265
2873212765,2016-04-13 17:00:00.000,469
2873212765,2016-04-13 18:00:00.000,312
2873212765,2016-04-13 19:00:00.000,146
2873212765,2016-04-13 20:00:00.000,105
2873212765,2016-04-13 21:00:00.000,5
2873212765,2016-04-13 22:00:00.000,230
2873212765,2016-04-13 23:00:00.000,67
2873212765,2016-04-14 00:00:00.000,0
2873212765,2016-04-14 01:00:00.000,0
2873212765,2016-04-14 02:00:00.000,0
2873212765,2016-04-14 03:00:00.000,0
2873212765,2016-04-14 04:00:00.000,0
2873212765,2016-04-14 05:00:00.000,0
2873212765,2016-04-14 06:00:00.000,224
2873212765,2016-04-14 07:00:00.000,1123
2873212765,2016-04-14 08:00:00.000,544
2873212765,2016-04-14 09:00:00.000,871
2873212765,2016-04-14 10:00:00.000,1403
2873212765,2016-04-14 11:00:00.000,318
2873212765,2016-04-14 12:00:00.000,291
2873212765,2016-04-14 13:00:00.000,568
2873212765,2016-04-14 14:00:00.000,531
2873212765,2016-04-14 15:00:00.000,742
2873212765,2016-04-14 16:00:00.000,26
2873212765,2016-04-14 17:00:00.000,366
2873212765,2016-04-14 18:00:00.000,450
2873212765,2016-04-14 19:00:00.000,198
2873212765,2016-04-14 20:00:00.000,123
2873212765,2016-04-14 21:00:00.000,132
2873212765,2016-04-14 22:00:00.000,0
2873212765,2016-04-14 23:00:00.000,0
2873212765,2016-04-15 00:00:00.000,0
2873212765,2016-04-15 01:00:00.000,0
2873212765,2016-04-15 02:00:00.000,0
2873212765,2016-04-15 03:00:00.000,0
2873212765,2016-04-15 04:00:00.000,0
2873212765,2016-04-15 05:00:00.000,302
2873212765,2016-04-15 06:00:00.000,247
2873212765,2016-04-15 07:00:00.000,1031
2873212765,2016-04-15 08:00:00.000,649
2873212765,2016-04-15 09:00:00.000,727
2873212765,2016-04-15 10:00:00.000,562
2873212765,2016-04-15 11:00:00.000,636
2873212765,2016-04-15 12:00:00.000,899
2873212765,2016-04-15 13:00:00.000,665
2873212765,2016-04-15 14:00:00.000,754
2873212765,2016-04-15 15:00:00.000,312
2873212765,2016-04-15 16:00:00.000,666
2873212765,2016-04-15 17:00:00.000,128
2873212765,2016-04-15 18:00:00.000,241
2873212765,2016-04-15 19:00:00.000,179
2873212765,2016-04-15 20:00:00.000,378
2873212765,2016-04-15 21:00:00.000,106
2873212765,2016-04-15 22:00:00.000,0
2873212765,2016-04-15 23:00:00.000,0
2873212765,2016-04-16 00:00:00.000,0
2873212765,2016-04-16 01:00:00.000,0
2873212765,2016-04-16 02:00:00.000,0
2873212765,2016-04-16 03:00:00.000,0
2873212765,2016-04-16 04:00:00.000,0
2873212765,2016-04-16 05:00:00.000,0
2873212765,2016-04-16 06:00:00.000,0
2873212765,2016-04-16 07:00:00.000,2650
2873212765,2016-04-16 08:00:00.000,1999
2873212765,2016-04-16 09:00:00.000,252
2873212765,2016-04-16 10:00:00.000,194
2873212765,2016-04-16 11:00:00.000,326
2873212765,2016-04-16 12:00:00.000,712
2873212765,2016-04-16 13:00:00.000,0
2873212765,2016-04-16 14:00:00.000,590
2873212765,2016-04-16 15:00:00.000,1196
2873212765,2016-04-16 16:00:00.000,292
2873212765,2016-04-16 17:00:00.000,578
2873212765,2016-04-16 18:00:00.000,204
2873212765,2016-04-16 19:00:00.000,324
2873212765,2016-04-16 20:00:00.000,141
2873212765,2016-04-16 21:00:00.000,109
2873212765,2016-04-16 22:00:00.000,103
2873212765,2016-04-16 23:00:00.000,7
2873212765,2016-04-17 00:00:00.000,276
2873212765,2016-04-17 01:00:00.000,0
2873212765,2016-04-17 02:00:00.000,0
2873212765,2016-04-17 03:00:00.000,0
2873212765,2016-04-17 04:00:00.000,0
2873212765,2016-04-17 05:00:00.000,0
2873212765,2016-04-17 06:00:00.000,0
2873212765,2016-04-17 07:00:00.000,0
2873212765,2016-04-17 08:00:00.000,0
2873212765,2016-04-17 09:00:00.000,0
2873212765,2016-04-17 10:00:00.000,94
2873212765,2016-04-17 11:00:00.000,8
2873212765,2016-04-17 12:00:00.000,29
2873212765,2016-04-17 13:00:00.000,1079
2873212765,2016-04-17 14:00:00.000,273
2873212765,2016-04-17 15:00:00.000,83
2873212765,2016-04-17 16:00:00.000,31
2873212765,2016-04-17 17:00:00.000,169
2873212765,2016-04-17 18:00:00.000,172
2873212765,2016-04-17 19:00:00.000,163
2873212765,2016-04-17 20:00:00.000,93
2873212765,2016-04-17 21:00:00.000,54
2873212765,2016-04-17 22:00:00.000,0
2873212765,2016-04-17 23:00:00.000,0
2873212765,2016-04-18 00:00:00.000,0
2873212765,2016-04-18 01:00:00.000,0
2873212765,2016-04-18 02:00:00.000,0
2873212765,2016-04-18 03:00:00.000,0
2873212765,2016-04-18 04:00:00.000,0
2873212765,2016-04-18 05:00:00.000,240
2873212765,2016-04-18 06:00:00.000,163
2873212765,2016-04-18 07:00:00.000,1215
2873212765,2016-04-18 08:00:00.000,1325
2873212765,2016-04-18 09:00:00.000,746
2873212765,2016-04-18 10:00:00.000,850
2873212765,2016-04-18 11:00:00.000,322
2873212765,2016-04-18 12:00:00.000,1053
2873212765,2016-04-18 13:00:00.000,661
2873212765,2016-04-18 14:00:00.000,65
2873212765,2016-04-18 15:00:00.000,217
2873212765,2016-04-18 16:00:00.000,268
2873212765,2016-04-18 17:00:00.000,178
2873212765,2016-04-18 18:00:00.000,160
2873212765,2016-04-18 19:00:00.000,85
2873212765,2016-04-18 20:00:00.000,214
2873212765,2016-04-18 21:00:00.000,0
2873212765,2016-04-18 22:00:00.000,0
2873212765,2016-04-18 23:00:00.000,0
2873212765,2016-04-19 00:00:00.000,0
2873212765,2016-04-19 01:00:00.000,0
2873212765,2016-04-19 02:00:00.000,0
2873212765,2016-04-19 03:00:00.000,0
2873212765,2016-04-19 04:00:00.000,0
2873212765,2016-04-19 05:00:00.000,207
2873212765,2016-04-19 06:00:00.000,114
2873212765,2016-04-19 07:00:00.000,856
2873212765,2016-04-19 08:00:00.000,1328
2873212765,2016-04-19 09:00:00.000,651
2873212765,2016-04-19 10:00:00.000,885
2873212765,2016-04-19 11:00:00.000,532
2873212765,2016-04-19 12:00:00.000,910
2873212765,2016-04-19 13:00:00.000,751
2873212765,2016-04-19 14:00:00.000,129
2873212765,2016-04-19 15:00:00.000,183
2873212765,2016-04-19 16:00:00.000,266
2873212765,2016-04-19 17:00:00.000,290
2873212765,2016-04-19 18:00:00.000,501
2873212765,2016-04-19 19:00:00.000,45
2873212765,2016-04-19 20:00:00.000,113
2873212765,2016-04-19 21:00:00.000,137
2873212765,2016-04-19 22:00:00.000,50
2873212765,2016-04-19 23:00:00.000,0
2873212765,2016-04-20 00:00:00.000,0
2873212765,2016-04-20 01:00:00.000,0
2873212765,2016-04-20 02:00:00.000,0
2873212765,2016-04-20 03:00:00.000,0
2873212765,2016-04-20 04:00:00.000,0
2873212765,2016-04-20 05:00:00.000,283
2873212765,2016-04-20 06:00:00.000,16
2873212765,2016-04-20 07:00:00.000,1071
2873212765,2016-04-20 08:00:00.000,741
2873212765,2016-04-20 09:00:00.000,534
2873212765,2016-04-20 10:00:00.000,544
2873212765,2016-04-20 11:00:00.000,449
2873212765,2016-04-20 12:00:00.000,1014
2873212765,2016-04-20 13:00:00.000,860
2873212765,2016-04-20 14:00:00.000,101
2873212765,2016-04-20 15:00:00.000,187
2873212765,2016-04-20 16:00:00.000,315
2873212765,2016-04-20 17:00:00.000,2181
2873212765,2016-04-20 18:00:00.000,61
2873212765,2016-04-20 19:00:00.000,62
2873212765,2016-04-20 20:00:00.000,259
2873212765,2016-04-20 21:00:00.000,406
2873212765,2016-04-20 22:00:00.000,118
2873212765,2016-04-20 23:00:00.000,0
2873212765,2016-04-21 00:00:00.000,0
2873212765,2016-04-21 01:00:00.000,0
2873212765,2016-04-21 02:00:00.000,0
2873212765,2016-04-21 03:00:00.000,0
2873212765,2016-04-21 04:00:00.000,0
2873212765,2016-04-21 05:00:00.000,0
2873212765,2016-04-21 06:00:00.000,240
2873212765,2016-04-21 07:00:00.000,1422
2873212765,2016-04-21 08:00:00.000,270
2873212765,2016-04-21 09:00:00.000,1056
2873212765,2016-04-21 10:00:00.000,1145
2873212765,2016-04-21 11:00:00.000,334
2873212765,2016-04-21 12:00:00.000,443
2873212765,2016-04-21 13:00:00.000,615
2873212765,2016-04-21 14:00:00.000,794
2873212765,2016-04-21 15:00:00.000,799
2873212765,2016-04-21 16:00:00.000,605
2873212765,2016-04-21 17:00:00.000,436
2873212765,2016-04-21 18:00:00.000,281
2873212765,2016-04-21 19:00:00.000,86
2873212765,2016-04-21 20:00:00.000,117
2873212765,2016-04-21 21:00:00.000,216
2873212765,2016-04-21 22:00:00.000,0
2873212765,2016-04-21 23:00:00.000,0
2873212765,2016-04-22 00:00:00.000,0
2873212765,2016-04-22 01:00:00.000,0
2873212765,2016-04-22 02:00:00.000,0
2873212765,2016-04-22 03:00:00.000,0
2873212765,2016-04-22 04:00:00.000,0
2873212765,2016-04-22 05:00:00.000,230
2873212765,2016-04-22 06:00:00.000,57
2873212765,2016-04-22 07:00:00.000,978
2873212765,2016-04-22 08:00:00.000,800
2873212765,2016-04-22 09:00:00.000,677
2873212765,2016-04-22 10:00:00.000,972
2873212765,2016-04-22 11:00:00.000,361
2873212765,2016-04-22 12:00:00.000,790
2873212765,2016-04-22 13:00:00.000,813
2873212765,2016-04-22 14:00:00.000,78
2873212765,2016-04-22 15:00:00.000,246
2873212765,2016-04-22 16:00:00.000,459
2873212765,2016-04-22 17:00:00.000,346
2873212765,2016-04-22 18:00:00.000,230
2873212765,2016-04-22 19:00:00.000,154
2873212765,2016-04-22 20:00:00.000,30
2873212765,2016-04-22 21:00:00.000,0
2873212765,2016-04-22 22:00:00.000,17
2873212765,2016-04-22 23:00:00.000,48
2873212765,2016-04-23 00:00:00.000,0
2873212765,2016-04-23 01:00:00.000,0
2873212765,2016-04-23 02:00:00.000,0
2873212765,2016-04-23 03:00:00.000,0
2873212765,2016-04-23 04:00:00.000,0
2873212765,2016-04-23 05:00:00.000,0
2873212765,2016-04-23 06:00:00.000,0
2873212765,2016-04-23 07:00:00.000,118
2873212765,2016-04-23 08:00:00.000,4333
2873212765,2016-04-23 09:00:00.000,146
2873212765,2016-04-23 10:00:00.000,347
2873212765,2016-04-23 11:00:00.000,170
2873212765,2016-04-23 12:00:00.000,264
2873212765,2016-04-23 13:00:00.000,1440
2873212765,2016-04-23 14:00:00.000,864
2873212765,2016-04-23 15:00:00.000,813
2873212765,2016-04-23 16:00:00.000,131
2873212765,2016-04-23 17:00:00.000,36
2873212765,2016-04-23 18:00:00.000,186
2873212765,2016-04-23 19:00:00.000,220
2873212765,2016-04-23 20:00:00.000,70
2873212765,2016-04-23 21:00:00.000,0
2873212765,2016-04-23 22:00:00.000,179
2873212765,2016-04-23 23:00:00.000,0
2873212765,2016-04-24 00:00:00.000,0
2873212765,2016-04-24 01:00:00.000,0
2873212765,2016-04-24 02:00:00.000,0
2873212765,2016-04-24 03:00:00.000,0
2873212765,2016-04-24 04:00:00.000,0
2873212765,2016-04-24 05:00:00.000,0
2873212765,2016-04-24 06:00:00.000,0
2873212765,2016-04-24 07:00:00.000,75
2873212765,2016-04-24 08:00:00.000,4534
2873212765,2016-04-24 09:00:00.000,170
2873212765,2016-04-24 10:00:00.000,131
2873212765,2016-04-24 11:00:00.000,500
2873212765,2016-04-24 12:00:00.000,264
2873212765,2016-04-24 13:00:00.000,23
2873212765,2016-04-24 14:00:00.000,320
2873212765,2016-04-24 15:00:00.000,181
2873212765,2016-04-24 16:00:00.000,124
2873212765,2016-04-24 17:00:00.000,254
2873212765,2016-04-24 18:00:00.000,0
2873212765,2016-04-24 19:00:00.000,114
2873212765,2016-04-24 20:00:00.000,71
2873212765,2016-04-24 21:00:00.000,112
2873212765,2016-04-24 22:00:00.000,0
2873212765,2016-04-24 23:00:00.000,0
2873212765,2016-04-25 00:00:00.000,0
2873212765,2016-04-25 01:00:00.000,0
2873212765,2016-04-25 02:00:00.000,0
2873212765,2016-04-25 03:00:00.000,0
2873212765,2016-04-25 04:00:00.000,0
2873212765,2016-04-25 05:00:00.000,214
2873212765,2016-04-25 06:00:00.000,239
2873212765,2016-04-25 07:00:00.000,844
2873212765,2016-04-25 08:00:00.000,891
2873212765,2016-04-25 09:00:00.000,973
2873212765,2016-04-25 10:00:00.000,874
2873212765,2016-04-25 11:00:00.000,730
2873212765,2016-04-25 12:00:00.000,804
2873212765,2016-04-25 13:00:00.000,565
2873212765,2016-04-25 14:00:00.000,72
2873212765,2016-04-25 15:00:00.000,147
2873212765,2016-04-25 16:00:00.000,496
2873212765,2016-04-25 17:00:00.000,83
2873212765,2016-04-25 18:00:00.000,283
2873212765,2016-04-25 19:00:00.000,70
2873212765,2016-04-25 20:00:00.000,0
2873212765,2016-04-25 21:00:00.000,88
2873212765,2016-04-25 22:00:00.000,0
2873212765,2016-04-25 23:00:00.000,0
2873212765,2016-04-26 00:00:00.000,0
2873212765,2016-04-26 01:00:00.000,0
2873212765,2016-04-26 02:00:00.000,0
2873212765,2016-04-26 03:00:00.000,0
2873212765,2016-04-26 04:00:00.000,0
2873212765,2016-04-26 05:00:00.000,263
2873212765,2016-04-26 06:00:00.000,171
2873212765,2016-04-26 07:00:00.000,863
2873212765,2016-04-26 08:00:00.000,1298
2873212765,2016-04-26 09:00:00.000,848
2873212765,2016-04-26 10:00:00.000,629
2873212765,2016-04-26 11:00:00.000,441
2873212765,2016-04-26 12:00:00.000,863
2873212765,2016-04-26 13:00:00.000,732
2873212765,2016-04-26 14:00:00.000,91
2873212765,2016-04-26 15:00:00.000,111
2873212765,2016-04-26 16:00:00.000,169
2873212765,2016-04-26 17:00:00.000,558
2873212765,2016-04-26 18:00:00.000,746
2873212765,2016-04-26 19:00:00.000,350
2873212765,2016-04-26 20:00:00.000,53
2873212765,2016-04-26 21:00:00.000,56
2873212765,2016-04-26 22:00:00.000,0
2873212765,2016-04-26 23:00:00.000,0
2873212765,2016-04-27 00:00:00.000,0
2873212765,2016-04-27 01:00:00.000,0
2873212765,2016-04-27 02:00:00.000,0
2873212765,2016-04-27 03:00:00.000,0
2873212765,2016-04-27 04:00:00.000,0
2873212765,2016-04-27 05:00:00.000,0
2873212765,2016-04-27 06:00:00.000,0
2873212765,2016-04-27 07:00:00.000,53
2873212765,2016-04-27 08:00:00.000,68
2873212765,2016-04-27 09:00:00.000,763
2873212765,2016-04-27 10:00:00.000,424
2873212765,2016-04-27 11:00:00.000,132
2873212765,2016-04-27 12:00:00.000,894
2873212765,2016-04-27 13:00:00.000,75
2873212765,2016-04-27 14:00:00.000,54
2873212765,2016-04-27 15:00:00.000,100
2873212765,2016-04-27 16:00:00.000,0
2873212765,2016-04-27 17:00:00.000,364
2873212765,2016-04-27 18:00:00.000,322
2873212765,2016-04-27 19:00:00.000,119
2873212765,2016-04-27 20:00:00.000,19
2873212765,2016-04-27 21:00:00.000,129
2873212765,2016-04-27 22:00:00.000,0
2873212765,2016-04-27 23:00:00.000,0
2873212765,2016-04-28 00:00:00.000,0
2873212765,2016-04-28 01:00:00.000,0
2873212765,2016-04-28 02:00:00.000,0
2873212765,2016-04-28 03:00:00.000,0
2873212765,2016-04-28 04:00:00.000,0
2873212765,2016-04-28 05:00:00.000,0
2873212765,2016-04-28 06:00:00.000,3108
2873212765,2016-04-28 07:00:00.000,1453
2873212765,2016-04-28 08:00:00.000,115
2873212765,2016-04-28 09:00:00.000,349
2873212765,2016-04-28 10:00:00.000,387
2873212765,2016-04-28 11:00:00.000,30
2873212765,2016-04-28 12:00:00.000,601
2873212765,2016-04-28 13:00:00.000,596
2873212765,2016-04-28 14:00:00.000,26
2873212765,2016-04-28 15:00:00.000,72
2873212765,2016-04-28 16:00:00.000,54
2873212765,2016-04-28 17:00:00.000,413
2873212765,2016-04-28 18:00:00.000,317
2873212765,2016-04-28 19:00:00.000,209
2873212765,2016-04-28 20:00:00.000,69
2873212765,2016-04-28 21:00:00.000,114
2873212765,2016-04-28 22:00:00.000,0
2873212765,2016-04-28 23:00:00.000,0
2873212765,2016-04-29 00:00:00.000,0
2873212765,2016-04-29 01:00:00.000,0
2873212765,2016-04-29 02:00:00.000,0
2873212765,2016-04-29 03:00:00.000,0
2873212765,2016-04-29 04:00:00.000,0
2873212765,2016-04-29 05:00:00.000,0
2873212765,2016-04-29 06:00:00.000,328
2873212765,2016-04-29 07:00:00.000,90
2873212765,2016-04-29 08:00:00.000,127
2873212765,2016-04-29 09:00:00.000,6
2873212765,2016-04-29 10:00:00.000,196
2873212765,2016-04-29 11:00:00.000,345
2873212765,2016-04-29 12:00:00.000,3995
2873212765,2016-04-29 13:00:00.000,121
2873212765,2016-04-29 14:00:00.000,1010
2873212765,2016-04-29 15:00:00.000,457
2873212765,2016-04-29 16:00:00.000,193
2873212765,2016-04-29 17:00:00.000,81
2873212765,2016-04-29 18:00:00.000,142
2873212765,2016-04-29 19:00:00.000,126
2873212765,2016-04-29 20:00:00.000,15
2873212765,2016-04-29 21:00:00.000,133
2873212765,2016-04-29 22:00:00.000,0
2873212765,2016-04-29 23:00:00.000,0
2873212765,2016-04-30 00:00:00.000,0
2873212765,2016-04-30 01:00:00.000,0
2873212765,2016-04-30 02:00:00.000,0
2873212765,2016-04-30 03:00:00.000,0
2873212765,2016-04-30 04:00:00.000,0
2873212765,2016-04-30 05:00:00.000,0
2873212765,2016-04-30 06:00:00.000,0
2873212765,2016-04-30 07:00:00.000,16
2873212765,2016-04-30 08:00:00.000,282
2873212765,2016-04-30 09:00:00.000,955
2873212765,2016-04-30 10:00:00.000,414
2873212765,2016-04-30 11:00:00.000,622
2873212765,2016-04-30 12:00:00.000,416
2873212765,2016-04-30 13:00:00.000,60
2873212765,2016-04-30 14:00:00.000,49
2873212765,2016-04-30 15:00:00.000,324
2873212765,2016-04-30 16:00:00.000,57
2873212765,2016-04-30 17:00:00.000,342
2873212765,2016-04-30 18:00:00.000,878
2873212765,2016-04-30 19:00:00.000,2466
2873212765,2016-04-30 20:00:00.000,1496
2873212765,2016-04-30 21:00:00.000,75
2873212765,2016-04-30 22:00:00.000,0
2873212765,2016-04-30 23:00:00.000,0
2873212765,2016-01-05 00:00:00.000,0
2873212765,2016-01-05 01:00:00.000,0
2873212765,2016-01-05 02:00:00.000,0
2873212765,2016-01-05 03:00:00.000,0
2873212765,2016-01-05 04:00:00.000,0
2873212765,2016-01-05 05:00:00.000,0
2873212765,2016-01-05 06:00:00.000,0
2873212765,2016-01-05 07:00:00.000,0
2873212765,2016-01-05 08:00:00.000,439
2873212765,2016-01-05 09:00:00.000,425
2873212765,2016-01-05 10:00:00.000,1733
2873212765,2016-01-05 11:00:00.000,1736
2873212765,2016-01-05 12:00:00.000,1155
2873212765,2016-01-05 13:00:00.000,119
2873212765,2016-01-05 14:00:00.000,832
2873212765,2016-01-05 15:00:00.000,6
2873212765,2016-01-05 16:00:00.000,0
2873212765,2016-01-05 17:00:00.000,148
2873212765,2016-01-05 18:00:00.000,271
2873212765,2016-01-05 19:00:00.000,253
2873212765,2016-01-05 20:00:00.000,191
2873212765,2016-01-05 21:00:00.000,91
2873212765,2016-01-05 22:00:00.000,0
2873212765,2016-01-05 23:00:00.000,0
2873212765,2016-02-05 00:00:00.000,0
2873212765,2016-02-05 01:00:00.000,0
2873212765,2016-02-05 02:00:00.000,0
2873212765,2016-02-05 03:00:00.000,0
2873212765,2016-02-05 04:00:00.000,0
2873212765,2016-02-05 05:00:00.000,271
2873212765,2016-02-05 06:00:00.000,68
2873212765,2016-02-05 07:00:00.000,1417
2873212765,2016-02-05 08:00:00.000,829
2873212765,2016-02-05 09:00:00.000,721
2873212765,2016-02-05 10:00:00.000,688
2873212765,2016-02-05 11:00:00.000,357
2873212765,2016-02-05 12:00:00.000,1121
2873212765,2016-02-05 13:00:00.000,623
2873212765,2016-02-05 14:00:00.000,127
2873212765,2016-02-05 15:00:00.000,262
2873212765,2016-02-05 16:00:00.000,621
2873212765,2016-02-05 17:00:00.000,133
2873212765,2016-02-05 18:00:00.000,98
2873212765,2016-02-05 19:00:00.000,63
2873212765,2016-02-05 20:00:00.000,53
2873212765,2016-02-05 21:00:00.000,73
2873212765,2016-02-05 22:00:00.000,0
2873212765,2016-02-05 23:00:00.000,0
2873212765,2016-03-05 00:00:00.000,0
2873212765,2016-03-05 01:00:00.000,0
2873212765,2016-03-05 02:00:00.000,0
2873212765,2016-03-05 03:00:00.000,0
2873212765,2016-03-05 04:00:00.000,0
2873212765,2016-03-05 05:00:00.000,244
2873212765,2016-03-05 06:00:00.000,191
2873212765,2016-03-05 07:00:00.000,972
2873212765,2016-03-05 08:00:00.000,1134
2873212765,2016-03-05 09:00:00.000,754
2873212765,2016-03-05 10:00:00.000,353
2873212765,2016-03-05 11:00:00.000,291
2873212765,2016-03-05 12:00:00.000,778
2873212765,2016-03-05 13:00:00.000,766
2873212765,2016-03-05 14:00:00.000,111
2873212765,2016-03-05 15:00:00.000,46
2873212765,2016-03-05 16:00:00.000,227
2873212765,2016-03-05 17:00:00.000,358
2873212765,2016-03-05 18:00:00.000,705
2873212765,2016-03-05 19:00:00.000,63
2873212765,2016-03-05 20:00:00.000,170
2873212765,2016-03-05 21:00:00.000,249
2873212765,2016-03-05 22:00:00.000,0
2873212765,2016-03-05 23:00:00.000,0
2873212765,2016-04-05 00:00:00.000,0
2873212765,2016-04-05 01:00:00.000,0
2873212765,2016-04-05 02:00:00.000,0
2873212765,2016-04-05 03:00:00.000,0
2873212765,2016-04-05 04:00:00.000,0
2873212765,2016-04-05 05:00:00.000,348
2873212765,2016-04-05 06:00:00.000,221
2873212765,2016-04-05 07:00:00.000,735
2873212765,2016-04-05 08:00:00.000,702
2873212765,2016-04-05 09:00:00.000,680
2873212765,2016-04-05 10:00:00.000,747
2873212765,2016-04-05 11:00:00.000,490
2873212765,2016-04-05 12:00:00.000,649
2873212765,2016-04-05 13:00:00.000,615
2873212765,2016-04-05 14:00:00.000,211
2873212765,2016-04-05 15:00:00.000,203
2873212765,2016-04-05 16:00:00.000,671
2873212765,2016-04-05 17:00:00.000,1050
2873212765,2016-04-05 18:00:00.000,71
2873212765,2016-04-05 19:00:00.000,183
2873212765,2016-04-05 20:00:00.000,167
2873212765,2016-04-05 21:00:00.000,109
2873212765,2016-04-05 22:00:00.000,426
2873212765,2016-04-05 23:00:00.000,0
2873212765,2016-05-05 00:00:00.000,0
2873212765,2016-05-05 01:00:00.000,0
2873212765,2016-05-05 02:00:00.000,0
2873212765,2016-05-05 03:00:00.000,0
2873212765,2016-05-05 04:00:00.000,0
2873212765,2016-05-05 05:00:00.000,0
2873212765,2016-05-05 06:00:00.000,135
2873212765,2016-05-05 07:00:00.000,1227
2873212765,2016-05-05 08:00:00.000,253
2873212765,2016-05-05 09:00:00.000,1252
2873212765,2016-05-05 10:00:00.000,1758
2873212765,2016-05-05 11:00:00.000,331
2873212765,2016-05-05 12:00:00.000,211
2873212765,2016-05-05 13:00:00.000,369
2873212765,2016-05-05 14:00:00.000,451
2873212765,2016-05-05 15:00:00.000,1107
2873212765,2016-05-05 16:00:00.000,616
2873212765,2016-05-05 17:00:00.000,61
2873212765,2016-05-05 18:00:00.000,223
2873212765,2016-05-05 19:00:00.000,142
2873212765,2016-05-05 20:00:00.000,0
2873212765,2016-05-05 21:00:00.000,178
2873212765,2016-05-05 22:00:00.000,0
2873212765,2016-05-05 23:00:00.000,0
2873212765,2016-06-05 00:00:00.000,0
2873212765,2016-06-05 01:00:00.000,0
2873212765,2016-06-05 02:00:00.000,0
2873212765,2016-06-05 03:00:00.000,0
2873212765,2016-06-05 04:00:00.000,0
2873212765,2016-06-05 05:00:00.000,162
2873212765,2016-06-05 06:00:00.000,70
2873212765,2016-06-05 07:00:00.000,812
2873212765,2016-06-05 08:00:00.000,768
2873212765,2016-06-05 09:00:00.000,894
2873212765,2016-06-05 10:00:00.000,861
2873212765,2016-06-05 11:00:00.000,595
2873212765,2016-06-05 12:00:00.000,553
2873212765,2016-06-05 13:00:00.000,718
2873212765,2016-06-05 14:00:00.000,94
2873212765,2016-06-05 15:00:00.000,230
2873212765,2016-06-05 16:00:00.000,664
2873212765,2016-06-05 17:00:00.000,300
2873212765,2016-06-05 18:00:00.000,79
2873212765,2016-06-05 19:00:00.000,113
2873212765,2016-06-05 20:00:00.000,69
2873212765,2016-06-05 21:00:00.000,0
2873212765,2016-06-05 22:00:00.000,0
2873212765,2016-06-05 23:00:00.000,81
2873212765,2016-07-05 00:00:00.000,0
2873212765,2016-07-05 01:00:00.000,0
2873212765,2016-07-05 02:00:00.000,0
2873212765,2016-07-05 03:00:00.000,0
2873212765,2016-07-05 04:00:00.000,0
2873212765,2016-07-05 05:00:00.000,0
2873212765,2016-07-05 06:00:00.000,0
2873212765,2016-07-05 07:00:00.000,2599
2873212765,2016-07-05 08:00:00.000,1848
2873212765,2016-07-05 09:00:00.000,192
2873212765,2016-07-05 10:00:00.000,0
2873212765,2016-07-05 11:00:00.000,0
2873212765,2016-07-05 12:00:00.000,0
2873212765,2016-07-05 13:00:00.000,0
2873212765,2016-07-05 14:00:00.000,0
2873212765,2016-07-05 15:00:00.000,0
2873212765,2016-07-05 16:00:00.000,0
2873212765,2016-07-05 17:00:00.000,0
2873212765,2016-07-05 18:00:00.000,0
2873212765,2016-07-05 19:00:00.000,0
2873212765,2016-07-05 20:00:00.000,0
2873212765,2016-07-05 21:00:00.000,219
2873212765,2016-07-05 22:00:00.000,55
2873212765,2016-07-05 23:00:00.000,27
2873212765,2016-08-05 00:00:00.000,0
2873212765,2016-08-05 01:00:00.000,0
2873212765,2016-08-05 02:00:00.000,0
2873212765,2016-08-05 03:00:00.000,0
2873212765,2016-08-05 04:00:00.000,0
2873212765,2016-08-05 05:00:00.000,0
2873212765,2016-08-05 06:00:00.000,0
2873212765,2016-08-05 07:00:00.000,2768
2873212765,2016-08-05 08:00:00.000,1932
2873212765,2016-08-05 09:00:00.000,498
2873212765,2016-08-05 10:00:00.000,446
2873212765,2016-08-05 11:00:00.000,427
2873212765,2016-08-05 12:00:00.000,337
2873212765,2016-08-05 13:00:00.000,196
2873212765,2016-08-05 14:00:00.000,125
2873212765,2016-08-05 15:00:00.000,11
2873212765,2016-08-05 16:00:00.000,694
2873212765,2016-08-05 17:00:00.000,335
2873212765,2016-08-05 18:00:00.000,263
2873212765,2016-08-05 19:00:00.000,28
2873212765,2016-08-05 20:00:00.000,0
2873212765,2016-08-05 21:00:00.000,108
2873212765,2016-08-05 22:00:00.000,0
2873212765,2016-08-05 23:00:00.000,0
2873212765,2016-09-05 00:00:00.000,0
2873212765,2016-09-05 01:00:00.000,0
2873212765,2016-09-05 02:00:00.000,0
2873212765,2016-09-05 03:00:00.000,0
2873212765,2016-09-05 04:00:00.000,0
2873212765,2016-09-05 05:00:00.000,163
2873212765,2016-09-05 06:00:00.000,193
2873212765,2016-09-05 07:00:00.000,895
2873212765,2016-09-05 08:00:00.000,1116
2873212765,2016-09-05 09:00:00.000,519
2873212765,2016-09-05 10:00:00.000,973
2873212765,2016-09-05 11:00:00.000,428
2873212765,2016-09-05 12:00:00.000,1149
2873212765,2016-09-05 13:00:00.000,816
2873212765,2016-09-05 14:00:00.000,125
2873212765,2016-09-05 15:00:00.000,273
2873212765,2016-09-05 16:00:00.000,655
2873212765,2016-09-05 17:00:00.000,121
2873212765,2016-09-05 18:00:00.000,137
2873212765,2016-09-05 19:00:00.000,97
2873212765,2016-09-05 20:00:00.000,0
2873212765,2016-09-05 21:00:00.000,66
2873212765,2016-09-05 22:00:00.000,0
2873212765,2016-09-05 23:00:00.000,0
2873212765,2016-10-05 00:00:00.000,0
2873212765,2016-10-05 01:00:00.000,0
2873212765,2016-10-05 02:00:00.000,0
2873212765,2016-10-05 03:00:00.000,0
2873212765,2016-10-05 04:00:00.000,0
2873212765,2016-10-05 05:00:00.000,200
2873212765,2016-10-05 06:00:00.000,32
2873212765,2016-10-05 07:00:00.000,1072
2873212765,2016-10-05 08:00:00.000,973
2873212765,2016-10-05 09:00:00.000,1021
2873212765,2016-10-05 10:00:00.000,783
2873212765,2016-10-05 11:00:00.000,273
2873212765,2016-10-05 12:00:00.000,1005
2873212765,2016-10-05 13:00:00.000,800
2873212765,2016-10-05 14:00:00.000,146
2873212765,2016-10-05 15:00:00.000,85
2873212765,2016-10-05 16:00:00.000,312
2873212765,2016-10-05 17:00:00.000,240
2873212765,2016-10-05 18:00:00.000,637
2873212765,2016-10-05 19:00:00.000,398
2873212765,2016-10-05 20:00:00.000,184
2873212765,2016-10-05 21:00:00.000,114
2873212765,2016-10-05 22:00:00.000,0
2873212765,2016-10-05 23:00:00.000,0
2873212765,2016-11-05 00:00:00.000,0
2873212765,2016-11-05 01:00:00.000,0
2873212765,2016-11-05 02:00:00.000,0
2873212765,2016-11-05 03:00:00.000,0
2873212765,2016-11-05 04:00:00.000,0
2873212765,2016-11-05 05:00:00.000,402
2873212765,2016-11-05 06:00:00.000,20
2873212765,2016-11-05 07:00:00.000,536
2873212765,2016-11-05 08:00:00.000,902
2873212765,2016-11-05 09:00:00.000,780
2873212765,2016-11-05 10:00:00.000,750
2873212765,2016-11-05 11:00:00.000,458
2873212765,2016-11-05 12:00:00.000,582
2873212765,2016-11-05 13:00:00.000,680
2873212765,2016-11-05 14:00:00.000,45
2873212765,2016-11-05 15:00:00.000,238
2873212765,2016-11-05 16:00:00.000,314
2873212765,2016-11-05 17:00:00.000,79
2873212765,2016-11-05 18:00:00.000,292
2873212765,2016-11-05 19:00:00.000,36
2873212765,2016-11-05 20:00:00.000,203
2873212765,2016-11-05 21:00:00.000,0
2873212765,2016-11-05 22:00:00.000,123
2873212765,2016-11-05 23:00:00.000,0
2873212765,2016-12-05 00:00:00.000,0
2873212765,2016-12-05 01:00:00.000,0
2873212765,2016-12-05 02:00:00.000,0
2873212765,2016-12-05 03:00:00.000,0
2873212765,2016-12-05 04:00:00.000,0
2873212765,2016-12-05 05:00:00.000,0
2873212765,2016-12-05 06:00:00.000,383
2873212765,2016-12-05 07:00:00.000,1162
2873212765,2016-12-05 08:00:00.000,694
2873212765,2016-12-05 09:00:00.000,1086
2873212765,2016-12-05 10:00:00.000,1226
2873212765,2016-12-05 11:00:00.000,437
2873212765,2016-12-05 12:00:00.000,248
2873212765,2016-12-05 13:00:00.000,788
2873212765,2016-12-05 14:00:00.000,784
2873212765,2016-12-05 15:00:00.000,667
3372868164,2016-12-04 00:00:00.000,0
3372868164,2016-12-04 01:00:00.000,0
3372868164,2016-12-04 02:00:00.000,0
3372868164,2016-12-04 03:00:00.000,0
3372868164,2016-12-04 04:00:00.000,0
3372868164,2016-12-04 05:00:00.000,0
3372868164,2016-12-04 06:00:00.000,95
3372868164,2016-12-04 07:00:00.000,46
3372868164,2016-12-04 08:00:00.000,345
3372868164,2016-12-04 09:00:00.000,548
3372868164,2016-12-04 10:00:00.000,267
3372868164,2016-12-04 11:00:00.000,290
3372868164,2016-12-04 12:00:00.000,129
3372868164,2016-12-04 13:00:00.000,383
3372868164,2016-12-04 14:00:00.000,479
3372868164,2016-12-04 15:00:00.000,314
3372868164,2016-12-04 16:00:00.000,302
3372868164,2016-12-04 17:00:00.000,238
3372868164,2016-12-04 18:00:00.000,271
3372868164,2016-12-04 19:00:00.000,285
3372868164,2016-12-04 20:00:00.000,316
3372868164,2016-12-04 21:00:00.000,310
3372868164,2016-12-04 22:00:00.000,129
3372868164,2016-12-04 23:00:00.000,0
3372868164,2016-04-13 00:00:00.000,14
3372868164,2016-04-13 01:00:00.000,0
3372868164,2016-04-13 02:00:00.000,0
3372868164,2016-04-13 03:00:00.000,0
3372868164,2016-04-13 04:00:00.000,0
3372868164,2016-04-13 05:00:00.000,0
3372868164,2016-04-13 06:00:00.000,0
3372868164,2016-04-13 07:00:00.000,55
3372868164,2016-04-13 08:00:00.000,237
3372868164,2016-04-13 09:00:00.000,605
3372868164,2016-04-13 10:00:00.000,2185
3372868164,2016-04-13 11:00:00.000,373
3372868164,2016-04-13 12:00:00.000,1449
3372868164,2016-04-13 13:00:00.000,675
3372868164,2016-04-13 14:00:00.000,1481
3372868164,2016-04-13 15:00:00.000,541
3372868164,2016-04-13 16:00:00.000,478
3372868164,2016-04-13 17:00:00.000,423
3372868164,2016-04-13 18:00:00.000,428
3372868164,2016-04-13 19:00:00.000,469
3372868164,2016-04-13 20:00:00.000,272
3372868164,2016-04-13 21:00:00.000,30
3372868164,2016-04-13 22:00:00.000,0
3372868164,2016-04-13 23:00:00.000,0
3372868164,2016-04-14 00:00:00.000,0
3372868164,2016-04-14 01:00:00.000,0
3372868164,2016-04-14 02:00:00.000,0
3372868164,2016-04-14 03:00:00.000,0
3372868164,2016-04-14 04:00:00.000,0
3372868164,2016-04-14 05:00:00.000,41
3372868164,2016-04-14 06:00:00.000,157
3372868164,2016-04-14 07:00:00.000,386
3372868164,2016-04-14 08:00:00.000,737
3372868164,2016-04-14 09:00:00.000,431
3372868164,2016-04-14 10:00:00.000,792
3372868164,2016-04-14 11:00:00.000,1549
3372868164,2016-04-14 12:00:00.000,130
3372868164,2016-04-14 13:00:00.000,631
3372868164,2016-04-14 14:00:00.000,810
3372868164,2016-04-14 15:00:00.000,402
3372868164,2016-04-14 16:00:00.000,298
3372868164,2016-04-14 17:00:00.000,218
3372868164,2016-04-14 18:00:00.000,576
3372868164,2016-04-14 19:00:00.000,1372
3372868164,2016-04-14 20:00:00.000,237
3372868164,2016-04-14 21:00:00.000,51
3372868164,2016-04-14 22:00:00.000,26
3372868164,2016-04-14 23:00:00.000,0
3372868164,2016-04-15 00:00:00.000,0
3372868164,2016-04-15 01:00:00.000,0
3372868164,2016-04-15 02:00:00.000,0
3372868164,2016-04-15 03:00:00.000,0
3372868164,2016-04-15 04:00:00.000,0
3372868164,2016-04-15 05:00:00.000,0
3372868164,2016-04-15 06:00:00.000,0
3372868164,2016-04-15 07:00:00.000,0
3372868164,2016-04-15 08:00:00.000,243
3372868164,2016-04-15 09:00:00.000,499
3372868164,2016-04-15 10:00:00.000,248
3372868164,2016-04-15 11:00:00.000,1180
3372868164,2016-04-15 12:00:00.000,695
3372868164,2016-04-15 13:00:00.000,268
3372868164,2016-04-15 14:00:00.000,0
3372868164,2016-04-15 15:00:00.000,927
3372868164,2016-04-15 16:00:00.000,578
3372868164,2016-04-15 17:00:00.000,489
3372868164,2016-04-15 18:00:00.000,836
3372868164,2016-04-15 19:00:00.000,869
3372868164,2016-04-15 20:00:00.000,445
3372868164,2016-04-15 21:00:00.000,174
3372868164,2016-04-15 22:00:00.000,0
3372868164,2016-04-15 23:00:00.000,0
3372868164,2016-04-16 00:00:00.000,0
3372868164,2016-04-16 01:00:00.000,0
3372868164,2016-04-16 02:00:00.000,0
3372868164,2016-04-16 03:00:00.000,0
3372868164,2016-04-16 04:00:00.000,0
3372868164,2016-04-16 05:00:00.000,222
3372868164,2016-04-16 06:00:00.000,94
3372868164,2016-04-16 07:00:00.000,846
3372868164,2016-04-16 08:00:00.000,1018
3372868164,2016-04-16 09:00:00.000,405
3372868164,2016-04-16 10:00:00.000,833
3372868164,2016-04-16 11:00:00.000,538
3372868164,2016-04-16 12:00:00.000,473
3372868164,2016-04-16 13:00:00.000,344
3372868164,2016-04-16 14:00:00.000,804
3372868164,2016-04-16 15:00:00.000,427
3372868164,2016-04-16 16:00:00.000,50
3372868164,2016-04-16 17:00:00.000,241
3372868164,2016-04-16 18:00:00.000,0
3372868164,2016-04-16 19:00:00.000,197
3372868164,2016-04-16 20:00:00.000,367
3372868164,2016-04-16 21:00:00.000,46
3372868164,2016-04-16 22:00:00.000,0
3372868164,2016-04-16 23:00:00.000,0
3372868164,2016-04-17 00:00:00.000,37
3372868164,2016-04-17 01:00:00.000,0
3372868164,2016-04-17 02:00:00.000,0
3372868164,2016-04-17 03:00:00.000,0
3372868164,2016-04-17 04:00:00.000,0
3372868164,2016-04-17 05:00:00.000,0
3372868164,2016-04-17 06:00:00.000,51
3372868164,2016-04-17 07:00:00.000,588
3372868164,2016-04-17 08:00:00.000,803
3372868164,2016-04-17 09:00:00.000,103
3372868164,2016-04-17 10:00:00.000,79
3372868164,2016-04-17 11:00:00.000,380
3372868164,2016-04-17 12:00:00.000,570
3372868164,2016-04-17 13:00:00.000,129
3372868164,2016-04-17 14:00:00.000,563
3372868164,2016-04-17 15:00:00.000,2478
3372868164,2016-04-17 16:00:00.000,154
3372868164,2016-04-17 17:00:00.000,442
3372868164,2016-04-17 18:00:00.000,382
3372868164,2016-04-17 19:00:00.000,734
3372868164,2016-04-17 20:00:00.000,668
3372868164,2016-04-17 21:00:00.000,30
3372868164,2016-04-17 22:00:00.000,8
3372868164,2016-04-17 23:00:00.000,0
3372868164,2016-04-18 00:00:00.000,7
3372868164,2016-04-18 01:00:00.000,0
3372868164,2016-04-18 02:00:00.000,0
3372868164,2016-04-18 03:00:00.000,0
3372868164,2016-04-18 04:00:00.000,0
3372868164,2016-04-18 05:00:00.000,86
3372868164,2016-04-18 06:00:00.000,86
3372868164,2016-04-18 07:00:00.000,34
3372868164,2016-04-18 08:00:00.000,554
3372868164,2016-04-18 09:00:00.000,552
3372868164,2016-04-18 10:00:00.000,2269
3372868164,2016-04-18 11:00:00.000,313
3372868164,2016-04-18 12:00:00.000,185
3372868164,2016-04-18 13:00:00.000,0
3372868164,2016-04-18 14:00:00.000,415
3372868164,2016-04-18 15:00:00.000,412
3372868164,2016-04-18 16:00:00.000,492
3372868164,2016-04-18 17:00:00.000,275
3372868164,2016-04-18 18:00:00.000,447
3372868164,2016-04-18 19:00:00.000,342
3372868164,2016-04-18 20:00:00.000,329
3372868164,2016-04-18 21:00:00.000,0
3372868164,2016-04-18 22:00:00.000,0
3372868164,2016-04-18 23:00:00.000,0
3372868164,2016-04-19 00:00:00.000,0
3372868164,2016-04-19 01:00:00.000,0
3372868164,2016-04-19 02:00:00.000,0
3372868164,2016-04-19 03:00:00.000,0
3372868164,2016-04-19 04:00:00.000,0
3372868164,2016-04-19 05:00:00.000,0
3372868164,2016-04-19 06:00:00.000,0
3372868164,2016-04-19 07:00:00.000,131
3372868164,2016-04-19 08:00:00.000,113
3372868164,2016-04-19 09:00:00.000,357
3372868164,2016-04-19 10:00:00.000,380
3372868164,2016-04-19 11:00:00.000,628
3372868164,2016-04-19 12:00:00.000,294
3372868164,2016-04-19 13:00:00.000,497
3372868164,2016-04-19 14:00:00.000,1002
3372868164,2016-04-19 15:00:00.000,352
3372868164,2016-04-19 16:00:00.000,162
3372868164,2016-04-19 17:00:00.000,1118
3372868164,2016-04-19 18:00:00.000,1048
3372868164,2016-04-19 19:00:00.000,767
3372868164,2016-04-19 20:00:00.000,54
3372868164,2016-04-19 21:00:00.000,401
3372868164,2016-04-19 22:00:00.000,184
3372868164,2016-04-19 23:00:00.000,223
3372868164,2016-04-20 00:00:00.000,0
3372868164,2016-04-20 01:00:00.000,0
3372868164,2016-04-20 02:00:00.000,0
3372868164,2016-04-20 03:00:00.000,0
3372868164,2016-04-20 04:00:00.000,0
3372868164,2016-04-20 05:00:00.000,0
3372868164,2016-04-20 06:00:00.000,0
3372868164,2016-04-20 07:00:00.000,47
3372868164,2016-04-20 08:00:00.000,410
3372868164,2016-04-20 09:00:00.000,559
3372868164,2016-04-20 10:00:00.000,169
3372868164,2016-04-20 11:00:00.000,55
3372868164,2016-04-20 12:00:00.000,260
3372868164,2016-04-20 13:00:00.000,142
3372868164,2016-04-20 14:00:00.000,1549
3372868164,2016-04-20 15:00:00.000,181
3372868164,2016-04-20 16:00:00.000,721
3372868164,2016-04-20 17:00:00.000,200
3372868164,2016-04-20 18:00:00.000,43
3372868164,2016-04-20 19:00:00.000,106
3372868164,2016-04-20 20:00:00.000,411
3372868164,2016-04-20 21:00:00.000,14
3372868164,2016-04-20 22:00:00.000,13
3372868164,2016-04-20 23:00:00.000,0
3372868164,2016-04-21 00:00:00.000,0
3372868164,2016-04-21 01:00:00.000,0
3372868164,2016-04-21 02:00:00.000,0
3372868164,2016-04-21 03:00:00.000,0
3372868164,2016-04-21 04:00:00.000,0
3372868164,2016-04-21 05:00:00.000,237
3372868164,2016-04-21 06:00:00.000,196
3372868164,2016-04-21 07:00:00.000,224
3372868164,2016-04-21 08:00:00.000,746
3372868164,2016-04-21 09:00:00.000,435
3372868164,2016-04-21 10:00:00.000,1565
3372868164,2016-04-21 11:00:00.000,1645
3372868164,2016-04-21 12:00:00.000,98
3372868164,2016-04-21 13:00:00.000,319
3372868164,2016-04-21 14:00:00.000,406
3372868164,2016-04-21 15:00:00.000,384
3372868164,2016-04-21 16:00:00.000,134
3372868164,2016-04-21 17:00:00.000,47
3372868164,2016-04-21 18:00:00.000,605
3372868164,2016-04-21 19:00:00.000,1239
3372868164,2016-04-21 20:00:00.000,495
3372868164,2016-04-21 21:00:00.000,12
3372868164,2016-04-21 22:00:00.000,70
3372868164,2016-04-21 23:00:00.000,0
3372868164,2016-04-22 00:00:00.000,0
3372868164,2016-04-22 01:00:00.000,0
3372868164,2016-04-22 02:00:00.000,0
3372868164,2016-04-22 03:00:00.000,0
3372868164,2016-04-22 04:00:00.000,0
3372868164,2016-04-22 05:00:00.000,0
3372868164,2016-04-22 06:00:00.000,0
3372868164,2016-04-22 07:00:00.000,0
3372868164,2016-04-22 08:00:00.000,99
3372868164,2016-04-22 09:00:00.000,273
3372868164,2016-04-22 10:00:00.000,541
3372868164,2016-04-22 11:00:00.000,46
3372868164,2016-04-22 12:00:00.000,0
3372868164,2016-04-22 13:00:00.000,296
3372868164,2016-04-22 14:00:00.000,239
3372868164,2016-04-22 15:00:00.000,577
3372868164,2016-04-22 16:00:00.000,302
3372868164,2016-04-22 17:00:00.000,110
3372868164,2016-04-22 18:00:00.000,831
3372868164,2016-04-22 19:00:00.000,240
3372868164,2016-04-22 20:00:00.000,137
3372868164,2016-04-22 21:00:00.000,28
3372868164,2016-04-22 22:00:00.000,44
3372868164,2016-04-22 23:00:00.000,80
3372868164,2016-04-23 00:00:00.000,0
3372868164,2016-04-23 01:00:00.000,0
3372868164,2016-04-23 02:00:00.000,0
3372868164,2016-04-23 03:00:00.000,0
3372868164,2016-04-23 04:00:00.000,0
3372868164,2016-04-23 05:00:00.000,0
3372868164,2016-04-23 06:00:00.000,0
3372868164,2016-04-23 07:00:00.000,0
3372868164,2016-04-23 08:00:00.000,147
3372868164,2016-04-23 09:00:00.000,349
3372868164,2016-04-23 10:00:00.000,3084
3372868164,2016-04-23 11:00:00.000,401
3372868164,2016-04-23 12:00:00.000,493
3372868164,2016-04-23 13:00:00.000,0
3372868164,2016-04-23 14:00:00.000,179
3372868164,2016-04-23 15:00:00.000,311
3372868164,2016-04-23 16:00:00.000,654
3372868164,2016-04-23 17:00:00.000,566
3372868164,2016-04-23 18:00:00.000,265
3372868164,2016-04-23 19:00:00.000,640
3372868164,2016-04-23 20:00:00.000,226
3372868164,2016-04-23 21:00:00.000,0
3372868164,2016-04-23 22:00:00.000,81
3372868164,2016-04-23 23:00:00.000,0
3372868164,2016-04-24 00:00:00.000,0
3372868164,2016-04-24 01:00:00.000,0
3372868164,2016-04-24 02:00:00.000,0
3372868164,2016-04-24 03:00:00.000,0
3372868164,2016-04-24 04:00:00.000,0
3372868164,2016-04-24 05:00:00.000,0
3372868164,2016-04-24 06:00:00.000,89
3372868164,2016-04-24 07:00:00.000,517
3372868164,2016-04-24 08:00:00.000,488
3372868164,2016-04-24 09:00:00.000,169
3372868164,2016-04-24 10:00:00.000,176
3372868164,2016-04-24 11:00:00.000,490
3372868164,2016-04-24 12:00:00.000,194
3372868164,2016-04-24 13:00:00.000,108
3372868164,2016-04-24 14:00:00.000,382
3372868164,2016-04-24 15:00:00.000,1860
3372868164,2016-04-24 16:00:00.000,279
3372868164,2016-04-24 17:00:00.000,603
3372868164,2016-04-24 18:00:00.000,116
3372868164,2016-04-24 19:00:00.000,823
3372868164,2016-04-24 20:00:00.000,425
3372868164,2016-04-24 21:00:00.000,12
3372868164,2016-04-24 22:00:00.000,0
3372868164,2016-04-24 23:00:00.000,0
3372868164,2016-04-25 00:00:00.000,0
3372868164,2016-04-25 01:00:00.000,0
3372868164,2016-04-25 02:00:00.000,0
3372868164,2016-04-25 03:00:00.000,0
3372868164,2016-04-25 04:00:00.000,0
3372868164,2016-04-25 05:00:00.000,32
3372868164,2016-04-25 06:00:00.000,148
3372868164,2016-04-25 07:00:00.000,484
3372868164,2016-04-25 08:00:00.000,892
3372868164,2016-04-25 09:00:00.000,448
3372868164,2016-04-25 10:00:00.000,564
3372868164,2016-04-25 11:00:00.000,331
3372868164,2016-04-25 12:00:00.000,327
3372868164,2016-04-25 13:00:00.000,143
3372868164,2016-04-25 14:00:00.000,352
3372868164,2016-04-25 15:00:00.000,147
3372868164,2016-04-25 16:00:00.000,420
3372868164,2016-04-25 17:00:00.000,275
3372868164,2016-04-25 18:00:00.000,446
3372868164,2016-04-25 19:00:00.000,189
3372868164,2016-04-25 20:00:00.000,540
3372868164,2016-04-25 21:00:00.000,244
3372868164,2016-04-25 22:00:00.000,13
3372868164,2016-04-25 23:00:00.000,0
3372868164,2016-04-26 00:00:00.000,0
3372868164,2016-04-26 01:00:00.000,0
3372868164,2016-04-26 02:00:00.000,0
3372868164,2016-04-26 03:00:00.000,0
3372868164,2016-04-26 04:00:00.000,0
3372868164,2016-04-26 05:00:00.000,0
3372868164,2016-04-26 06:00:00.000,95
3372868164,2016-04-26 07:00:00.000,112
3372868164,2016-04-26 08:00:00.000,1105
3372868164,2016-04-26 09:00:00.000,2941
3372868164,2016-04-26 10:00:00.000,469
3372868164,2016-04-26 11:00:00.000,781
3372868164,2016-04-26 12:00:00.000,183
3372868164,2016-04-26 13:00:00.000,536
3372868164,2016-04-26 14:00:00.000,465
3372868164,2016-04-26 15:00:00.000,84
3372868164,2016-04-26 16:00:00.000,500
3372868164,2016-04-26 17:00:00.000,253
3372868164,2016-04-26 18:00:00.000,145
3372868164,2016-04-26 19:00:00.000,295
3372868164,2016-04-26 20:00:00.000,262
3372868164,2016-04-26 21:00:00.000,25
3372868164,2016-04-26 22:00:00.000,32
3372868164,2016-04-26 23:00:00.000,0
3372868164,2016-04-27 00:00:00.000,0
3372868164,2016-04-27 01:00:00.000,0
3372868164,2016-04-27 02:00:00.000,19
3372868164,2016-04-27 03:00:00.000,53
3372868164,2016-04-27 04:00:00.000,0
3372868164,2016-04-27 05:00:00.000,0
3372868164,2016-04-27 06:00:00.000,50
3372868164,2016-04-27 07:00:00.000,125
3372868164,2016-04-27 08:00:00.000,608
3372868164,2016-04-27 09:00:00.000,134
3372868164,2016-04-27 10:00:00.000,519
3372868164,2016-04-27 11:00:00.000,2727
3372868164,2016-04-27 12:00:00.000,231
3372868164,2016-04-27 13:00:00.000,337
3372868164,2016-04-27 14:00:00.000,630
3372868164,2016-04-27 15:00:00.000,409
3372868164,2016-04-27 16:00:00.000,770
3372868164,2016-04-27 17:00:00.000,446
3372868164,2016-04-27 18:00:00.000,198
3372868164,2016-04-27 19:00:00.000,139
3372868164,2016-04-27 20:00:00.000,257
3372868164,2016-04-27 21:00:00.000,0
3372868164,2016-04-27 22:00:00.000,224
3372868164,2016-04-27 23:00:00.000,28
3372868164,2016-04-28 00:00:00.000,0
3372868164,2016-04-28 01:00:00.000,0
3372868164,2016-04-28 02:00:00.000,0
3372868164,2016-04-28 03:00:00.000,0
3372868164,2016-04-28 04:00:00.000,0
3372868164,2016-04-28 05:00:00.000,112
3372868164,2016-04-28 06:00:00.000,61
3372868164,2016-04-28 07:00:00.000,441
3372868164,2016-04-28 08:00:00.000,436
3372868164,2016-04-28 09:00:00.000,130
3372868164,2016-04-28 10:00:00.000,630
3372868164,2016-04-28 11:00:00.000,562
3372868164,2016-04-28 12:00:00.000,456
3372868164,2016-04-28 13:00:00.000,294
3372868164,2016-04-28 14:00:00.000,322
3372868164,2016-04-28 15:00:00.000,478
3372868164,2016-04-28 16:00:00.000,169
3372868164,2016-04-28 17:00:00.000,304
3372868164,2016-04-28 18:00:00.000,559
3372868164,2016-04-28 19:00:00.000,188
3372868164,2016-04-28 20:00:00.000,304
3372868164,2016-04-28 21:00:00.000,58
3372868164,2016-04-28 22:00:00.000,8
3372868164,2016-04-28 23:00:00.000,0
3372868164,2016-04-29 00:00:00.000,0
3372868164,2016-04-29 01:00:00.000,0
3372868164,2016-04-29 02:00:00.000,0
3372868164,2016-04-29 03:00:00.000,0
3372868164,2016-04-29 04:00:00.000,0
3372868164,2016-04-29 05:00:00.000,141
3372868164,2016-04-29 06:00:00.000,153
3372868164,2016-04-29 07:00:00.000,118
3372868164,2016-04-29 08:00:00.000,572
3372868164,2016-04-29 09:00:00.000,349
3372868164,2016-04-29 10:00:00.000,1366
3372868164,2016-04-29 11:00:00.000,2510
3372868164,2016-04-29 12:00:00.000,707
3372868164,2016-04-29 13:00:00.000,526
3372868164,2016-04-29 14:00:00.000,465
3372868164,2016-04-29 15:00:00.000,469
3372868164,2016-04-29 16:00:00.000,508
3372868164,2016-04-29 17:00:00.000,469
3372868164,2016-04-29 18:00:00.000,324
3372868164,2016-04-29 19:00:00.000,57
3372868164,2016-04-29 20:00:00.000,237
3372868164,2016-04-29 21:00:00.000,164
3372868164,2016-04-29 22:00:00.000,0
3372868164,2016-04-29 23:00:00.000,0
3372868164,2016-04-30 00:00:00.000,17
3372868164,2016-04-30 01:00:00.000,0
3372868164,2016-04-30 02:00:00.000,0
3372868164,2016-04-30 03:00:00.000,0
3372868164,2016-04-30 04:00:00.000,0
3372868164,2016-04-30 05:00:00.000,0
3372868164,2016-04-30 06:00:00.000,81
3372868164,2016-04-30 07:00:00.000,223
3372868164,2016-04-30 08:00:00.000,98
3372868164,2016-04-30 09:00:00.000,1970
3372868164,2016-04-30 10:00:00.000,129
3372868164,2016-04-30 11:00:00.000,8
3372868164,2016-04-30 12:00:00.000,175
3372868164,2016-04-30 13:00:00.000,244
3372868164,2016-04-30 14:00:00.000,586
3372868164,2016-04-30 15:00:00.000,309
3372868164,2016-04-30 16:00:00.000,344
3372868164,2016-04-30 17:00:00.000,217
3372868164,2016-04-30 18:00:00.000,332
3372868164,2016-04-30 19:00:00.000,97
3372868164,2016-04-30 20:00:00.000,305
3372868164,2016-04-30 21:00:00.000,69
3372868164,2016-04-30 22:00:00.000,46
3372868164,2016-04-30 23:00:00.000,0
3372868164,2016-01-05 00:00:00.000,6
3372868164,2016-01-05 01:00:00.000,0
3372868164,2016-01-05 02:00:00.000,0
3372868164,2016-01-05 03:00:00.000,0
3372868164,2016-01-05 04:00:00.000,0
3372868164,2016-01-05 05:00:00.000,6
3372868164,2016-01-05 06:00:00.000,120
3372868164,2016-01-05 07:00:00.000,436
3372868164,2016-01-05 08:00:00.000,483
3372868164,2016-01-05 09:00:00.000,147
3372868164,2016-01-05 10:00:00.000,115
3372868164,2016-01-05 11:00:00.000,221
3372868164,2016-01-05 12:00:00.000,197
3372868164,2016-01-05 13:00:00.000,136
3372868164,2016-01-05 14:00:00.000,965
3372868164,2016-01-05 15:00:00.000,69
3977333714,2016-12-04 00:00:00.000,753
3977333714,2016-12-04 01:00:00.000,0
3977333714,2016-12-04 02:00:00.000,0
3977333714,2016-12-04 03:00:00.000,16
3977333714,2016-12-04 04:00:00.000,0
3977333714,2016-12-04 05:00:00.000,0
3977333714,2016-12-04 06:00:00.000,0
3977333714,2016-12-04 07:00:00.000,0
3977333714,2016-12-04 08:00:00.000,13
3977333714,2016-12-04 09:00:00.000,10
3977333714,2016-12-04 10:00:00.000,28
3977333714,2016-12-04 11:00:00.000,0
3977333714,2016-12-04 12:00:00.000,332
3977333714,2016-12-04 13:00:00.000,4112
3977333714,2016-12-04 14:00:00.000,2257
3977333714,2016-12-04 15:00:00.000,55
3977333714,2016-12-04 16:00:00.000,49
3977333714,2016-12-04 17:00:00.000,190
3977333714,2016-12-04 18:00:00.000,289
3977333714,2016-12-04 19:00:00.000,201
3977333714,2016-12-04 20:00:00.000,35
3977333714,2016-12-04 21:00:00.000,291
3977333714,2016-12-04 22:00:00.000,115
3977333714,2016-12-04 23:00:00.000,110
3977333714,2016-04-13 00:00:00.000,43
3977333714,2016-04-13 01:00:00.000,0
3977333714,2016-04-13 02:00:00.000,8
3977333714,2016-04-13 03:00:00.000,0
3977333714,2016-04-13 04:00:00.000,0
3977333714,2016-04-13 05:00:00.000,0
3977333714,2016-04-13 06:00:00.000,9
3977333714,2016-04-13 07:00:00.000,31
3977333714,2016-04-13 08:00:00.000,34
3977333714,2016-04-13 09:00:00.000,16
3977333714,2016-04-13 10:00:00.000,65
3977333714,2016-04-13 11:00:00.000,51
3977333714,2016-04-13 12:00:00.000,40
3977333714,2016-04-13 13:00:00.000,180
3977333714,2016-04-13 14:00:00.000,419
3977333714,2016-04-13 15:00:00.000,612
3977333714,2016-04-13 16:00:00.000,498
3977333714,2016-04-13 17:00:00.000,3916
3977333714,2016-04-13 18:00:00.000,2511
3977333714,2016-04-13 19:00:00.000,607
3977333714,2016-04-13 20:00:00.000,4
3977333714,2016-04-13 21:00:00.000,406
3977333714,2016-04-13 22:00:00.000,175
3977333714,2016-04-13 23:00:00.000,410
3977333714,2016-04-14 00:00:00.000,40
3977333714,2016-04-14 01:00:00.000,76
3977333714,2016-04-14 02:00:00.000,0
3977333714,2016-04-14 03:00:00.000,0
3977333714,2016-04-14 04:00:00.000,0
3977333714,2016-04-14 05:00:00.000,6
3977333714,2016-04-14 06:00:00.000,0
3977333714,2016-04-14 07:00:00.000,0
3977333714,2016-04-14 08:00:00.000,116
3977333714,2016-04-14 09:00:00.000,338
3977333714,2016-04-14 10:00:00.000,1508
3977333714,2016-04-14 11:00:00.000,1344
3977333714,2016-04-14 12:00:00.000,144
3977333714,2016-04-14 13:00:00.000,831
3977333714,2016-04-14 14:00:00.000,28
3977333714,2016-04-14 15:00:00.000,0
3977333714,2016-04-14 16:00:00.000,280
3977333714,2016-04-14 17:00:00.000,2136
3977333714,2016-04-14 18:00:00.000,437
3977333714,2016-04-14 19:00:00.000,100
3977333714,2016-04-14 20:00:00.000,121
3977333714,2016-04-14 21:00:00.000,136
3977333714,2016-04-14 22:00:00.000,0
3977333714,2016-04-14 23:00:00.000,0
3977333714,2016-04-15 00:00:00.000,115
3977333714,2016-04-15 01:00:00.000,202
3977333714,2016-04-15 02:00:00.000,43
3977333714,2016-04-15 03:00:00.000,0
3977333714,2016-04-15 04:00:00.000,0
3977333714,2016-04-15 05:00:00.000,0
3977333714,2016-04-15 06:00:00.000,0
3977333714,2016-04-15 07:00:00.000,11
3977333714,2016-04-15 08:00:00.000,14
3977333714,2016-04-15 09:00:00.000,0
3977333714,2016-04-15 10:00:00.000,4
3977333714,2016-04-15 11:00:00.000,394
3977333714,2016-04-15 12:00:00.000,237
3977333714,2016-04-15 13:00:00.000,7
3977333714,2016-04-15 14:00:00.000,412
3977333714,2016-04-15 15:00:00.000,616
3977333714,2016-04-15 16:00:00.000,2600
3977333714,2016-04-15 17:00:00.000,1401
3977333714,2016-04-15 18:00:00.000,1541
3977333714,2016-04-15 19:00:00.000,593
3977333714,2016-04-15 20:00:00.000,0
3977333714,2016-04-15 21:00:00.000,10
3977333714,2016-04-15 22:00:00.000,195
3977333714,2016-04-15 23:00:00.000,615
3977333714,2016-04-16 00:00:00.000,13
3977333714,2016-04-16 01:00:00.000,0
3977333714,2016-04-16 02:00:00.000,0
3977333714,2016-04-16 03:00:00.000,0
3977333714,2016-04-16 04:00:00.000,0
3977333714,2016-04-16 05:00:00.000,17
3977333714,2016-04-16 06:00:00.000,0
3977333714,2016-04-16 07:00:00.000,0
3977333714,2016-04-16 08:00:00.000,17
3977333714,2016-04-16 09:00:00.000,46
3977333714,2016-04-16 10:00:00.000,97
3977333714,2016-04-16 11:00:00.000,3172
3977333714,2016-04-16 12:00:00.000,2896
3977333714,2016-04-16 13:00:00.000,1953
3977333714,2016-04-16 14:00:00.000,1141
3977333714,2016-04-16 15:00:00.000,38
3977333714,2016-04-16 16:00:00.000,121
3977333714,2016-04-16 17:00:00.000,2639
3977333714,2016-04-16 18:00:00.000,284
3977333714,2016-04-16 19:00:00.000,337
3977333714,2016-04-16 20:00:00.000,0
3977333714,2016-04-16 21:00:00.000,5
3977333714,2016-04-16 22:00:00.000,552
3977333714,2016-04-16 23:00:00.000,131
3977333714,2016-04-17 00:00:00.000,10
3977333714,2016-04-17 01:00:00.000,0
3977333714,2016-04-17 02:00:00.000,0
3977333714,2016-04-17 03:00:00.000,0
3977333714,2016-04-17 04:00:00.000,0
3977333714,2016-04-17 05:00:00.000,0
3977333714,2016-04-17 06:00:00.000,15
3977333714,2016-04-17 07:00:00.000,0
3977333714,2016-04-17 08:00:00.000,0
3977333714,2016-04-17 09:00:00.000,87
3977333714,2016-04-17 10:00:00.000,347
3977333714,2016-04-17 11:00:00.000,154
3977333714,2016-04-17 12:00:00.000,167
3977333714,2016-04-17 13:00:00.000,262
3977333714,2016-04-17 14:00:00.000,551
3977333714,2016-04-17 15:00:00.000,616
3977333714,2016-04-17 16:00:00.000,495
3977333714,2016-04-17 17:00:00.000,3389
3977333714,2016-04-17 18:00:00.000,1024
3977333714,2016-04-17 19:00:00.000,2339
3977333714,2016-04-17 20:00:00.000,90
3977333714,2016-04-17 21:00:00.000,509
3977333714,2016-04-17 22:00:00.000,360
3977333714,2016-04-17 23:00:00.000,0
3977333714,2016-04-18 00:00:00.000,8
3977333714,2016-04-18 01:00:00.000,0
3977333714,2016-04-18 02:00:00.000,0
3977333714,2016-04-18 03:00:00.000,0
3977333714,2016-04-18 04:00:00.000,0
3977333714,2016-04-18 05:00:00.000,9
3977333714,2016-04-18 06:00:00.000,0
3977333714,2016-04-18 07:00:00.000,0
3977333714,2016-04-18 08:00:00.000,30
3977333714,2016-04-18 09:00:00.000,36
3977333714,2016-04-18 10:00:00.000,0
3977333714,2016-04-18 11:00:00.000,144
3977333714,2016-04-18 12:00:00.000,857
3977333714,2016-04-18 13:00:00.000,2644
3977333714,2016-04-18 14:00:00.000,2287
3977333714,2016-04-18 15:00:00.000,58
3977333714,2016-04-18 16:00:00.000,522
3977333714,2016-04-18 17:00:00.000,777
3977333714,2016-04-18 18:00:00.000,1761
3977333714,2016-04-18 19:00:00.000,1135
3977333714,2016-04-18 20:00:00.000,1163
3977333714,2016-04-18 21:00:00.000,6
3977333714,2016-04-18 22:00:00.000,217
3977333714,2016-04-18 23:00:00.000,9
3977333714,2016-04-19 00:00:00.000,7
3977333714,2016-04-19 01:00:00.000,25
3977333714,2016-04-19 02:00:00.000,0
3977333714,2016-04-19 03:00:00.000,14
3977333714,2016-04-19 04:00:00.000,0
3977333714,2016-04-19 05:00:00.000,0
3977333714,2016-04-19 06:00:00.000,0
3977333714,2016-04-19 07:00:00.000,0
3977333714,2016-04-19 08:00:00.000,50
3977333714,2016-04-19 09:00:00.000,0
3977333714,2016-04-19 10:00:00.000,0
3977333714,2016-04-19 11:00:00.000,122
3977333714,2016-04-19 12:00:00.000,1011
3977333714,2016-04-19 13:00:00.000,1494
3977333714,2016-04-19 14:00:00.000,344
3977333714,2016-04-19 15:00:00.000,1842
3977333714,2016-04-19 16:00:00.000,2133
3977333714,2016-04-19 17:00:00.000,115
3977333714,2016-04-19 18:00:00.000,141
3977333714,2016-04-19 19:00:00.000,44
3977333714,2016-04-19 20:00:00.000,833
3977333714,2016-04-19 21:00:00.000,464
3977333714,2016-04-19 22:00:00.000,292
3977333714,2016-04-19 23:00:00.000,3326
3977333714,2016-04-20 00:00:00.000,358
3977333714,2016-04-20 01:00:00.000,0
3977333714,2016-04-20 02:00:00.000,0
3977333714,2016-04-20 03:00:00.000,0
3977333714,2016-04-20 04:00:00.000,0
3977333714,2016-04-20 05:00:00.000,7
3977333714,2016-04-20 06:00:00.000,0
3977333714,2016-04-20 07:00:00.000,0
3977333714,2016-04-20 08:00:00.000,16
3977333714,2016-04-20 09:00:00.000,0
3977333714,2016-04-20 10:00:00.000,767
3977333714,2016-04-20 11:00:00.000,951
3977333714,2016-04-20 12:00:00.000,0
3977333714,2016-04-20 13:00:00.000,566
3977333714,2016-04-20 14:00:00.000,468
3977333714,2016-04-20 15:00:00.000,625
3977333714,2016-04-20 16:00:00.000,243
3977333714,2016-04-20 17:00:00.000,106
3977333714,2016-04-20 18:00:00.000,475
3977333714,2016-04-20 19:00:00.000,3110
3977333714,2016-04-20 20:00:00.000,3485
3977333714,2016-04-20 21:00:00.000,469
3977333714,2016-04-20 22:00:00.000,0
3977333714,2016-04-20 23:00:00.000,12
3977333714,2016-04-21 00:00:00.000,15
3977333714,2016-04-21 01:00:00.000,0
3977333714,2016-04-21 02:00:00.000,11
3977333714,2016-04-21 03:00:00.000,0
3977333714,2016-04-21 04:00:00.000,0
3977333714,2016-04-21 05:00:00.000,0
3977333714,2016-04-21 06:00:00.000,4
3977333714,2016-04-21 07:00:00.000,7
3977333714,2016-04-21 08:00:00.000,929
3977333714,2016-04-21 09:00:00.000,110
3977333714,2016-04-21 10:00:00.000,854
3977333714,2016-04-21 11:00:00.000,532
3977333714,2016-04-21 12:00:00.000,129
3977333714,2016-04-21 13:00:00.000,938
3977333714,2016-04-21 14:00:00.000,38
3977333714,2016-04-21 15:00:00.000,312
3977333714,2016-04-21 16:00:00.000,746
3977333714,2016-04-21 17:00:00.000,259
3977333714,2016-04-21 18:00:00.000,327
3977333714,2016-04-21 19:00:00.000,709
3977333714,2016-04-21 20:00:00.000,25
3977333714,2016-04-21 21:00:00.000,74
3977333714,2016-04-21 22:00:00.000,31
3977333714,2016-04-21 23:00:00.000,22
3977333714,2016-04-22 00:00:00.000,141
3977333714,2016-04-22 01:00:00.000,166
3977333714,2016-04-22 02:00:00.000,0
3977333714,2016-04-22 03:00:00.000,9
3977333714,2016-04-22 04:00:00.000,0
3977333714,2016-04-22 05:00:00.000,12
3977333714,2016-04-22 06:00:00.000,17
3977333714,2016-04-22 07:00:00.000,0
3977333714,2016-04-22 08:00:00.000,0
3977333714,2016-04-22 09:00:00.000,354
3977333714,2016-04-22 10:00:00.000,712
3977333714,2016-04-22 11:00:00.000,928
3977333714,2016-04-22 12:00:00.000,128
3977333714,2016-04-22 13:00:00.000,3771
3977333714,2016-04-22 14:00:00.000,1553
3977333714,2016-04-22 15:00:00.000,240
3977333714,2016-04-22 16:00:00.000,100
3977333714,2016-04-22 17:00:00.000,92
3977333714,2016-04-22 18:00:00.000,18
3977333714,2016-04-22 19:00:00.000,312
3977333714,2016-04-22 20:00:00.000,256
3977333714,2016-04-22 21:00:00.000,0
3977333714,2016-04-22 22:00:00.000,102
3977333714,2016-04-22 23:00:00.000,0
3977333714,2016-04-23 00:00:00.000,101
3977333714,2016-04-23 01:00:00.000,28
3977333714,2016-04-23 02:00:00.000,0
3977333714,2016-04-23 03:00:00.000,0
3977333714,2016-04-23 04:00:00.000,0
3977333714,2016-04-23 05:00:00.000,8
3977333714,2016-04-23 06:00:00.000,0
3977333714,2016-04-23 07:00:00.000,254
3977333714,2016-04-23 08:00:00.000,390
3977333714,2016-04-23 09:00:00.000,432
3977333714,2016-04-23 10:00:00.000,285
3977333714,2016-04-23 11:00:00.000,480
3977333714,2016-04-23 12:00:00.000,208
3977333714,2016-04-23 13:00:00.000,958
3977333714,2016-04-23 14:00:00.000,787
3977333714,2016-04-23 15:00:00.000,524
3977333714,2016-04-23 16:00:00.000,443
3977333714,2016-04-23 17:00:00.000,304
3977333714,2016-04-23 18:00:00.000,7
3977333714,2016-04-23 19:00:00.000,9
3977333714,2016-04-23 20:00:00.000,807
3977333714,2016-04-23 21:00:00.000,3872
3977333714,2016-04-23 22:00:00.000,2161
3977333714,2016-04-23 23:00:00.000,0
3977333714,2016-04-24 00:00:00.000,39
3977333714,2016-04-24 01:00:00.000,0
3977333714,2016-04-24 02:00:00.000,0
3977333714,2016-04-24 03:00:00.000,0
3977333714,2016-04-24 04:00:00.000,0
3977333714,2016-04-24 05:00:00.000,0
3977333714,2016-04-24 06:00:00.000,0
3977333714,2016-04-24 07:00:00.000,8
3977333714,2016-04-24 08:00:00.000,0
3977333714,2016-04-24 09:00:00.000,50
3977333714,2016-04-24 10:00:00.000,177
3977333714,2016-04-24 11:00:00.000,0
3977333714,2016-04-24 12:00:00.000,92
3977333714,2016-04-24 13:00:00.000,491
3977333714,2016-04-24 14:00:00.000,3850
3977333714,2016-04-24 15:00:00.000,2988
3977333714,2016-04-24 16:00:00.000,1185
3977333714,2016-04-24 17:00:00.000,384
3977333714,2016-04-24 18:00:00.000,178
3977333714,2016-04-24 19:00:00.000,26
3977333714,2016-04-24 20:00:00.000,4
3977333714,2016-04-24 21:00:00.000,89
3977333714,2016-04-24 22:00:00.000,2997
3977333714,2016-04-24 23:00:00.000,1554
3977333714,2016-04-25 00:00:00.000,96
3977333714,2016-04-25 01:00:00.000,0
3977333714,2016-04-25 02:00:00.000,8
3977333714,2016-04-25 03:00:00.000,0
3977333714,2016-04-25 04:00:00.000,0
3977333714,2016-04-25 05:00:00.000,0
3977333714,2016-04-25 06:00:00.000,0
3977333714,2016-04-25 07:00:00.000,0
3977333714,2016-04-25 08:00:00.000,0
3977333714,2016-04-25 09:00:00.000,47
3977333714,2016-04-25 10:00:00.000,366
3977333714,2016-04-25 11:00:00.000,66
3977333714,2016-04-25 12:00:00.000,208
3977333714,2016-04-25 13:00:00.000,317
3977333714,2016-04-25 14:00:00.000,492
3977333714,2016-04-25 15:00:00.000,194
3977333714,2016-04-25 16:00:00.000,296
3977333714,2016-04-25 17:00:00.000,0
3977333714,2016-04-25 18:00:00.000,75
3977333714,2016-04-25 19:00:00.000,80
3977333714,2016-04-25 20:00:00.000,3868
3977333714,2016-04-25 21:00:00.000,4240
3977333714,2016-04-25 22:00:00.000,667
3977333714,2016-04-25 23:00:00.000,148
3977333714,2016-04-26 00:00:00.000,0
3977333714,2016-04-26 01:00:00.000,12
3977333714,2016-04-26 02:00:00.000,70
3977333714,2016-04-26 03:00:00.000,63
3977333714,2016-04-26 04:00:00.000,4
3977333714,2016-04-26 05:00:00.000,0
3977333714,2016-04-26 06:00:00.000,0
3977333714,2016-04-26 07:00:00.000,0
3977333714,2016-04-26 08:00:00.000,14
3977333714,2016-04-26 09:00:00.000,60
3977333714,2016-04-26 10:00:00.000,436
3977333714,2016-04-26 11:00:00.000,573
3977333714,2016-04-26 12:00:00.000,424
3977333714,2016-04-26 13:00:00.000,0
3977333714,2016-04-26 14:00:00.000,91
3977333714,2016-04-26 15:00:00.000,468
3977333714,2016-04-26 16:00:00.000,301
3977333714,2016-04-26 17:00:00.000,455
3977333714,2016-04-26 18:00:00.000,523
3977333714,2016-04-26 19:00:00.000,677
3977333714,2016-04-26 20:00:00.000,3382
3977333714,2016-04-26 21:00:00.000,1946
3977333714,2016-04-26 22:00:00.000,1889
3977333714,2016-04-26 23:00:00.000,0
3977333714,2016-04-27 00:00:00.000,42
3977333714,2016-04-27 01:00:00.000,0
3977333714,2016-04-27 02:00:00.000,0
3977333714,2016-04-27 03:00:00.000,7
3977333714,2016-04-27 04:00:00.000,0
3977333714,2016-04-27 05:00:00.000,0
3977333714,2016-04-27 06:00:00.000,0
3977333714,2016-04-27 07:00:00.000,0
3977333714,2016-04-27 08:00:00.000,7
3977333714,2016-04-27 09:00:00.000,53
3977333714,2016-04-27 10:00:00.000,926
3977333714,2016-04-27 11:00:00.000,354
3977333714,2016-04-27 12:00:00.000,85
3977333714,2016-04-27 13:00:00.000,261
3977333714,2016-04-27 14:00:00.000,385
3977333714,2016-04-27 15:00:00.000,0
3977333714,2016-04-27 16:00:00.000,426
3977333714,2016-04-27 17:00:00.000,22
3977333714,2016-04-27 18:00:00.000,1286
3977333714,2016-04-27 19:00:00.000,79
3977333714,2016-04-27 20:00:00.000,258
3977333714,2016-04-27 21:00:00.000,114
3977333714,2016-04-27 22:00:00.000,2543
3977333714,2016-04-27 23:00:00.000,345
3977333714,2016-04-28 00:00:00.000,547
3977333714,2016-04-28 01:00:00.000,353
3977333714,2016-04-28 02:00:00.000,0
3977333714,2016-04-28 03:00:00.000,10
3977333714,2016-04-28 04:00:00.000,4
3977333714,2016-04-28 05:00:00.000,0
3977333714,2016-04-28 06:00:00.000,0
3977333714,2016-04-28 07:00:00.000,0
3977333714,2016-04-28 08:00:00.000,0
3977333714,2016-04-28 09:00:00.000,60
3977333714,2016-04-28 10:00:00.000,995
3977333714,2016-04-28 11:00:00.000,250
3977333714,2016-04-28 12:00:00.000,198
3977333714,2016-04-28 13:00:00.000,711
3977333714,2016-04-28 14:00:00.000,657
3977333714,2016-04-28 15:00:00.000,389
3977333714,2016-04-28 16:00:00.000,2522
3977333714,2016-04-28 17:00:00.000,34
3977333714,2016-04-28 18:00:00.000,41
3977333714,2016-04-28 19:00:00.000,57
3977333714,2016-04-28 20:00:00.000,61
3977333714,2016-04-28 21:00:00.000,37
3977333714,2016-04-28 22:00:00.000,61
3977333714,2016-04-28 23:00:00.000,127
3977333714,2016-04-29 00:00:00.000,130
3977333714,2016-04-29 01:00:00.000,0
3977333714,2016-04-29 02:00:00.000,15
3977333714,2016-04-29 03:00:00.000,0
3977333714,2016-04-29 04:00:00.000,0
3977333714,2016-04-29 05:00:00.000,0
3977333714,2016-04-29 06:00:00.000,10
3977333714,2016-04-29 07:00:00.000,0
3977333714,2016-04-29 08:00:00.000,14
3977333714,2016-04-29 09:00:00.000,15
3977333714,2016-04-29 10:00:00.000,1268
3977333714,2016-04-29 11:00:00.000,351
3977333714,2016-04-29 12:00:00.000,202
3977333714,2016-04-29 13:00:00.000,54
3977333714,2016-04-29 14:00:00.000,211
3977333714,2016-04-29 15:00:00.000,134
3977333714,2016-04-29 16:00:00.000,197
3977333714,2016-04-29 17:00:00.000,354
3977333714,2016-04-29 18:00:00.000,320
3977333714,2016-04-29 19:00:00.000,3673
3977333714,2016-04-29 20:00:00.000,773
3977333714,2016-04-29 21:00:00.000,18
3977333714,2016-04-29 22:00:00.000,2435
3977333714,2016-04-29 23:00:00.000,471
3977333714,2016-04-30 00:00:00.000,108
3977333714,2016-04-30 01:00:00.000,0
3977333714,2016-04-30 02:00:00.000,7
3977333714,2016-04-30 03:00:00.000,0
3977333714,2016-04-30 04:00:00.000,0
3977333714,2016-04-30 05:00:00.000,18
3977333714,2016-04-30 06:00:00.000,384
3977333714,2016-04-30 07:00:00.000,692
3977333714,2016-04-30 08:00:00.000,920
3977333714,2016-04-30 09:00:00.000,67
3977333714,2016-04-30 10:00:00.000,58
3977333714,2016-04-30 11:00:00.000,1744
3977333714,2016-04-30 12:00:00.000,196
3977333714,2016-04-30 13:00:00.000,463
3977333714,2016-04-30 14:00:00.000,228
3977333714,2016-04-30 15:00:00.000,9
3977333714,2016-04-30 16:00:00.000,449
3977333714,2016-04-30 17:00:00.000,2292
3977333714,2016-04-30 18:00:00.000,510
3977333714,2016-04-30 19:00:00.000,2939
3977333714,2016-04-30 20:00:00.000,1540
3977333714,2016-04-30 21:00:00.000,510
3977333714,2016-04-30 22:00:00.000,69
3977333714,2016-04-30 23:00:00.000,35
3977333714,2016-01-05 00:00:00.000,0
3977333714,2016-01-05 01:00:00.000,9
3977333714,2016-01-05 02:00:00.000,0
3977333714,2016-01-05 03:00:00.000,21
3977333714,2016-01-05 04:00:00.000,0
3977333714,2016-01-05 05:00:00.000,0
3977333714,2016-01-05 06:00:00.000,0
3977333714,2016-01-05 07:00:00.000,0
3977333714,2016-01-05 08:00:00.000,0
3977333714,2016-01-05 09:00:00.000,139
3977333714,2016-01-05 10:00:00.000,322
3977333714,2016-01-05 11:00:00.000,505
3977333714,2016-01-05 12:00:00.000,993
3977333714,2016-01-05 13:00:00.000,582
3977333714,2016-01-05 14:00:00.000,109
3977333714,2016-01-05 15:00:00.000,72
3977333714,2016-01-05 16:00:00.000,13
3977333714,2016-01-05 17:00:00.000,43
3977333714,2016-01-05 18:00:00.000,2425
3977333714,2016-01-05 19:00:00.000,5020
3977333714,2016-01-05 20:00:00.000,39
3977333714,2016-01-05 21:00:00.000,0
3977333714,2016-01-05 22:00:00.000,27
3977333714,2016-01-05 23:00:00.000,95
3977333714,2016-02-05 00:00:00.000,84
3977333714,2016-02-05 01:00:00.000,0
3977333714,2016-02-05 02:00:00.000,0
3977333714,2016-02-05 03:00:00.000,0
3977333714,2016-02-05 04:00:00.000,16
3977333714,2016-02-05 05:00:00.000,0
3977333714,2016-02-05 06:00:00.000,20
3977333714,2016-02-05 07:00:00.000,125
3977333714,2016-02-05 08:00:00.000,328
3977333714,2016-02-05 09:00:00.000,21
3977333714,2016-02-05 10:00:00.000,24
3977333714,2016-02-05 11:00:00.000,37
3977333714,2016-02-05 12:00:00.000,55
3977333714,2016-02-05 13:00:00.000,1797
3977333714,2016-02-05 14:00:00.000,3487
3977333714,2016-02-05 15:00:00.000,270
3977333714,2016-02-05 16:00:00.000,217
3977333714,2016-02-05 17:00:00.000,835
3977333714,2016-02-05 18:00:00.000,3409
3977333714,2016-02-05 19:00:00.000,585
3977333714,2016-02-05 20:00:00.000,2670
3977333714,2016-02-05 21:00:00.000,2333
3977333714,2016-02-05 22:00:00.000,114
3977333714,2016-02-05 23:00:00.000,93
3977333714,2016-03-05 00:00:00.000,28
3977333714,2016-03-05 01:00:00.000,0
3977333714,2016-03-05 02:00:00.000,0
3977333714,2016-03-05 03:00:00.000,0
3977333714,2016-03-05 04:00:00.000,0
3977333714,2016-03-05 05:00:00.000,6
3977333714,2016-03-05 06:00:00.000,0
3977333714,2016-03-05 07:00:00.000,0
3977333714,2016-03-05 08:00:00.000,0
3977333714,2016-03-05 09:00:00.000,794
3977333714,2016-03-05 10:00:00.000,704
3977333714,2016-03-05 11:00:00.000,2177
3977333714,2016-03-05 12:00:00.000,112
3977333714,2016-03-05 13:00:00.000,7
3977333714,2016-03-05 14:00:00.000,1523
3977333714,2016-03-05 15:00:00.000,28
3977333714,2016-03-05 16:00:00.000,865
3977333714,2016-03-05 17:00:00.000,404
3977333714,2016-03-05 18:00:00.000,1330
3977333714,2016-03-05 19:00:00.000,105
3977333714,2016-03-05 20:00:00.000,26
3977333714,2016-03-05 21:00:00.000,974
3977333714,2016-03-05 22:00:00.000,3950
3977333714,2016-03-05 23:00:00.000,1302
3977333714,2016-04-05 00:00:00.000,22
3977333714,2016-04-05 01:00:00.000,0
3977333714,2016-04-05 02:00:00.000,38
3977333714,2016-04-05 03:00:00.000,0
3977333714,2016-04-05 04:00:00.000,0
3977333714,2016-04-05 05:00:00.000,0
3977333714,2016-04-05 06:00:00.000,7
3977333714,2016-04-05 07:00:00.000,7
3977333714,2016-04-05 08:00:00.000,806
3977333714,2016-04-05 09:00:00.000,393
3977333714,2016-04-05 10:00:00.000,1182
3977333714,2016-04-05 11:00:00.000,305
3977333714,2016-04-05 12:00:00.000,453
3977333714,2016-04-05 13:00:00.000,336
3977333714,2016-04-05 14:00:00.000,14
3977333714,2016-04-05 15:00:00.000,581
3977333714,2016-04-05 16:00:00.000,23
3977333714,2016-04-05 17:00:00.000,93
3977333714,2016-04-05 18:00:00.000,12
3977333714,2016-04-05 19:00:00.000,224
3977333714,2016-04-05 20:00:00.000,54
3977333714,2016-04-05 21:00:00.000,29
3977333714,2016-04-05 22:00:00.000,3380
3977333714,2016-04-05 23:00:00.000,5414
3977333714,2016-05-05 00:00:00.000,593
3977333714,2016-05-05 01:00:00.000,0
3977333714,2016-05-05 02:00:00.000,0
3977333714,2016-05-05 03:00:00.000,16
3977333714,2016-05-05 04:00:00.000,0
3977333714,2016-05-05 05:00:00.000,0
3977333714,2016-05-05 06:00:00.000,0
3977333714,2016-05-05 07:00:00.000,17
3977333714,2016-05-05 08:00:00.000,7
3977333714,2016-05-05 09:00:00.000,267
3977333714,2016-05-05 10:00:00.000,485
3977333714,2016-05-05 11:00:00.000,618
3977333714,2016-05-05 12:00:00.000,234
3977333714,2016-05-05 13:00:00.000,325
3977333714,2016-05-05 14:00:00.000,214
3977333714,2016-05-05 15:00:00.000,89
3977333714,2016-05-05 16:00:00.000,381
3977333714,2016-05-05 17:00:00.000,34
3977333714,2016-05-05 18:00:00.000,232
3977333714,2016-05-05 19:00:00.000,20
3977333714,2016-05-05 20:00:00.000,277
3977333714,2016-05-05 21:00:00.000,2470
3977333714,2016-05-05 22:00:00.000,3792
3977333714,2016-05-05 23:00:00.000,2241
3977333714,2016-06-05 00:00:00.000,27
3977333714,2016-06-05 01:00:00.000,0
3977333714,2016-06-05 02:00:00.000,0
3977333714,2016-06-05 03:00:00.000,0
3977333714,2016-06-05 04:00:00.000,0
3977333714,2016-06-05 05:00:00.000,0
3977333714,2016-06-05 06:00:00.000,0
3977333714,2016-06-05 07:00:00.000,7
3977333714,2016-06-05 08:00:00.000,0
3977333714,2016-06-05 09:00:00.000,205
3977333714,2016-06-05 10:00:00.000,51
3977333714,2016-06-05 11:00:00.000,107
3977333714,2016-06-05 12:00:00.000,127
3977333714,2016-06-05 13:00:00.000,89
3977333714,2016-06-05 14:00:00.000,945
3977333714,2016-06-05 15:00:00.000,266
3977333714,2016-06-05 16:00:00.000,169
3977333714,2016-06-05 17:00:00.000,269
3977333714,2016-06-05 18:00:00.000,552
3977333714,2016-06-05 19:00:00.000,4873
3977333714,2016-06-05 20:00:00.000,3514
3977333714,2016-06-05 21:00:00.000,0
3977333714,2016-06-05 22:00:00.000,403
3977333714,2016-06-05 23:00:00.000,73
3977333714,2016-07-05 00:00:00.000,21
3977333714,2016-07-05 01:00:00.000,17
3977333714,2016-07-05 02:00:00.000,0
3977333714,2016-07-05 03:00:00.000,13
3977333714,2016-07-05 04:00:00.000,6
3977333714,2016-07-05 05:00:00.000,0
3977333714,2016-07-05 06:00:00.000,5
3977333714,2016-07-05 07:00:00.000,0
3977333714,2016-07-05 08:00:00.000,0
3977333714,2016-07-05 09:00:00.000,9
3977333714,2016-07-05 10:00:00.000,151
3977333714,2016-07-05 11:00:00.000,40
3977333714,2016-07-05 12:00:00.000,104
3977333714,2016-07-05 13:00:00.000,733
3977333714,2016-07-05 14:00:00.000,1165
3977333714,2016-07-05 15:00:00.000,712
3977333714,2016-07-05 16:00:00.000,609
3977333714,2016-07-05 17:00:00.000,312
3977333714,2016-07-05 18:00:00.000,1024
3977333714,2016-07-05 19:00:00.000,3895
3977333714,2016-07-05 20:00:00.000,2636
3977333714,2016-07-05 21:00:00.000,82
3977333714,2016-07-05 22:00:00.000,0
3977333714,2016-07-05 23:00:00.000,16
3977333714,2016-08-05 00:00:00.000,4
3977333714,2016-08-05 01:00:00.000,0
3977333714,2016-08-05 02:00:00.000,0
3977333714,2016-08-05 03:00:00.000,0
3977333714,2016-08-05 04:00:00.000,0
3977333714,2016-08-05 05:00:00.000,0
3977333714,2016-08-05 06:00:00.000,0
3977333714,2016-08-05 07:00:00.000,5
3977333714,2016-08-05 08:00:00.000,14
3977333714,2016-08-05 09:00:00.000,10
3977333714,2016-08-05 10:00:00.000,859
3977333714,2016-08-05 11:00:00.000,275
3977333714,2016-08-05 12:00:00.000,833
3977333714,2016-08-05 13:00:00.000,174
3977333714,2016-08-05 14:00:00.000,0
3977333714,2016-08-05 15:00:00.000,160
3977333714,2016-08-05 16:00:00.000,582
3977333714,2016-08-05 17:00:00.000,807
3977333714,2016-08-05 18:00:00.000,92
3977333714,2016-08-05 19:00:00.000,301
3977333714,2016-08-05 20:00:00.000,1247
3977333714,2016-08-05 21:00:00.000,2018
3977333714,2016-08-05 22:00:00.000,2647
3977333714,2016-08-05 23:00:00.000,3557
3977333714,2016-09-05 00:00:00.000,150
3977333714,2016-09-05 01:00:00.000,0
3977333714,2016-09-05 02:00:00.000,0
3977333714,2016-09-05 03:00:00.000,0
3977333714,2016-09-05 04:00:00.000,0
3977333714,2016-09-05 05:00:00.000,0
3977333714,2016-09-05 06:00:00.000,0
3977333714,2016-09-05 07:00:00.000,0
3977333714,2016-09-05 08:00:00.000,0
3977333714,2016-09-05 09:00:00.000,0
3977333714,2016-09-05 10:00:00.000,463
3977333714,2016-09-05 11:00:00.000,65
3977333714,2016-09-05 12:00:00.000,314
3977333714,2016-09-05 13:00:00.000,418
3977333714,2016-09-05 14:00:00.000,448
3977333714,2016-09-05 15:00:00.000,162
3977333714,2016-09-05 16:00:00.000,82
3977333714,2016-09-05 17:00:00.000,0
3977333714,2016-09-05 18:00:00.000,825
3977333714,2016-09-05 19:00:00.000,391
3977333714,2016-09-05 20:00:00.000,233
3977333714,2016-09-05 21:00:00.000,3282
3977333714,2016-09-05 22:00:00.000,2928
3977333714,2016-09-05 23:00:00.000,4752
3977333714,2016-10-05 00:00:00.000,418
3977333714,2016-10-05 01:00:00.000,0
3977333714,2016-10-05 02:00:00.000,0
3977333714,2016-10-05 03:00:00.000,0
3977333714,2016-10-05 04:00:00.000,10
3977333714,2016-10-05 05:00:00.000,0
3977333714,2016-10-05 06:00:00.000,0
3977333714,2016-10-05 07:00:00.000,9
3977333714,2016-10-05 08:00:00.000,355
3977333714,2016-10-05 09:00:00.000,529
3977333714,2016-10-05 10:00:00.000,0
3977333714,2016-10-05 11:00:00.000,0
3977333714,2016-10-05 12:00:00.000,0
3977333714,2016-10-05 13:00:00.000,0
3977333714,2016-10-05 14:00:00.000,679
3977333714,2016-10-05 15:00:00.000,352
3977333714,2016-10-05 16:00:00.000,218
3977333714,2016-10-05 17:00:00.000,653
3977333714,2016-10-05 18:00:00.000,299
3977333714,2016-10-05 19:00:00.000,320
3977333714,2016-10-05 20:00:00.000,92
3977333714,2016-10-05 21:00:00.000,2574
3977333714,2016-10-05 22:00:00.000,2583
3977333714,2016-10-05 23:00:00.000,3981
4020332650,2016-12-04 00:00:00.000,0
4020332650,2016-12-04 01:00:00.000,0
4020332650,2016-12-04 02:00:00.000,0
4020332650,2016-12-04 03:00:00.000,0
4020332650,2016-12-04 04:00:00.000,8
4020332650,2016-12-04 05:00:00.000,0
4020332650,2016-12-04 06:00:00.000,52
4020332650,2016-12-04 07:00:00.000,190
4020332650,2016-12-04 08:00:00.000,126
4020332650,2016-12-04 09:00:00.000,740
4020332650,2016-12-04 10:00:00.000,559
4020332650,2016-12-04 11:00:00.000,886
4020332650,2016-12-04 12:00:00.000,1002
4020332650,2016-12-04 13:00:00.000,251
4020332650,2016-12-04 14:00:00.000,442
4020332650,2016-12-04 15:00:00.000,729
4020332650,2016-12-04 16:00:00.000,406
4020332650,2016-12-04 17:00:00.000,448
4020332650,2016-12-04 18:00:00.000,268
4020332650,2016-12-04 19:00:00.000,594
4020332650,2016-12-04 20:00:00.000,675
4020332650,2016-12-04 21:00:00.000,36
4020332650,2016-12-04 22:00:00.000,1077
4020332650,2016-12-04 23:00:00.000,0
4020332650,2016-04-13 00:00:00.000,0
4020332650,2016-04-13 01:00:00.000,0
4020332650,2016-04-13 02:00:00.000,0
4020332650,2016-04-13 03:00:00.000,0
4020332650,2016-04-13 04:00:00.000,0
4020332650,2016-04-13 05:00:00.000,0
4020332650,2016-04-13 06:00:00.000,0
4020332650,2016-04-13 07:00:00.000,0
4020332650,2016-04-13 08:00:00.000,0
4020332650,2016-04-13 09:00:00.000,0
4020332650,2016-04-13 10:00:00.000,0
4020332650,2016-04-13 11:00:00.000,0
4020332650,2016-04-13 12:00:00.000,0
4020332650,2016-04-13 13:00:00.000,0
4020332650,2016-04-13 14:00:00.000,0
4020332650,2016-04-13 15:00:00.000,0
4020332650,2016-04-13 16:00:00.000,0
4020332650,2016-04-13 17:00:00.000,0
4020332650,2016-04-13 18:00:00.000,0
4020332650,2016-04-13 19:00:00.000,0
4020332650,2016-04-13 20:00:00.000,0
4020332650,2016-04-13 21:00:00.000,0
4020332650,2016-04-13 22:00:00.000,0
4020332650,2016-04-13 23:00:00.000,0
4020332650,2016-04-14 00:00:00.000,0
4020332650,2016-04-14 01:00:00.000,0
4020332650,2016-04-14 02:00:00.000,0
4020332650,2016-04-14 03:00:00.000,0
4020332650,2016-04-14 04:00:00.000,0
4020332650,2016-04-14 05:00:00.000,0
4020332650,2016-04-14 06:00:00.000,0
4020332650,2016-04-14 07:00:00.000,0
4020332650,2016-04-14 08:00:00.000,0
4020332650,2016-04-14 09:00:00.000,17
4020332650,2016-04-14 10:00:00.000,0
4020332650,2016-04-14 11:00:00.000,0
4020332650,2016-04-14 12:00:00.000,0
4020332650,2016-04-14 13:00:00.000,0
4020332650,2016-04-14 14:00:00.000,21
4020332650,2016-04-14 15:00:00.000,0
4020332650,2016-04-14 16:00:00.000,0
4020332650,2016-04-14 17:00:00.000,0
4020332650,2016-04-14 18:00:00.000,0
4020332650,2016-04-14 19:00:00.000,0
4020332650,2016-04-14 20:00:00.000,0
4020332650,2016-04-14 21:00:00.000,0
4020332650,2016-04-14 22:00:00.000,0
4020332650,2016-04-14 23:00:00.000,0
4020332650,2016-04-15 00:00:00.000,0
4020332650,2016-04-15 01:00:00.000,0
4020332650,2016-04-15 02:00:00.000,0
4020332650,2016-04-15 03:00:00.000,0
4020332650,2016-04-15 04:00:00.000,0
4020332650,2016-04-15 05:00:00.000,0
4020332650,2016-04-15 06:00:00.000,0
4020332650,2016-04-15 07:00:00.000,0
4020332650,2016-04-15 08:00:00.000,0
4020332650,2016-04-15 09:00:00.000,52
4020332650,2016-04-15 10:00:00.000,0
4020332650,2016-04-15 11:00:00.000,4
4020332650,2016-04-15 12:00:00.000,0
4020332650,2016-04-15 13:00:00.000,0
4020332650,2016-04-15 14:00:00.000,0
4020332650,2016-04-15 15:00:00.000,0
4020332650,2016-04-15 16:00:00.000,0
4020332650,2016-04-15 17:00:00.000,22
4020332650,2016-04-15 18:00:00.000,455
4020332650,2016-04-15 19:00:00.000,343
4020332650,2016-04-15 20:00:00.000,338
4020332650,2016-04-15 21:00:00.000,455
4020332650,2016-04-15 22:00:00.000,204
4020332650,2016-04-15 23:00:00.000,0
4020332650,2016-04-16 00:00:00.000,0
4020332650,2016-04-16 01:00:00.000,0
4020332650,2016-04-16 02:00:00.000,0
4020332650,2016-04-16 03:00:00.000,0
4020332650,2016-04-16 04:00:00.000,0
4020332650,2016-04-16 05:00:00.000,0
4020332650,2016-04-16 06:00:00.000,0
4020332650,2016-04-16 07:00:00.000,1838
4020332650,2016-04-16 08:00:00.000,13
4020332650,2016-04-16 09:00:00.000,118
4020332650,2016-04-16 10:00:00.000,0
4020332650,2016-04-16 11:00:00.000,0
4020332650,2016-04-16 12:00:00.000,0
4020332650,2016-04-16 13:00:00.000,0
4020332650,2016-04-16 14:00:00.000,0
4020332650,2016-04-16 15:00:00.000,0
4020332650,2016-04-16 16:00:00.000,0
4020332650,2016-04-16 17:00:00.000,0
4020332650,2016-04-16 18:00:00.000,0
4020332650,2016-04-16 19:00:00.000,0
4020332650,2016-04-16 20:00:00.000,0
4020332650,2016-04-16 21:00:00.000,0
4020332650,2016-04-16 22:00:00.000,0
4020332650,2016-04-16 23:00:00.000,0
4020332650,2016-04-17 00:00:00.000,0
4020332650,2016-04-17 01:00:00.000,0
4020332650,2016-04-17 02:00:00.000,0
4020332650,2016-04-17 03:00:00.000,0
4020332650,2016-04-17 04:00:00.000,0
4020332650,2016-04-17 05:00:00.000,0
4020332650,2016-04-17 06:00:00.000,0
4020332650,2016-04-17 07:00:00.000,0
4020332650,2016-04-17 08:00:00.000,0
4020332650,2016-04-17 09:00:00.000,0
4020332650,2016-04-17 10:00:00.000,0
4020332650,2016-04-17 11:00:00.000,0
4020332650,2016-04-17 12:00:00.000,0
4020332650,2016-04-17 13:00:00.000,0
4020332650,2016-04-17 14:00:00.000,0
4020332650,2016-04-17 15:00:00.000,0
4020332650,2016-04-17 16:00:00.000,0
4020332650,2016-04-17 17:00:00.000,0
4020332650,2016-04-17 18:00:00.000,0
4020332650,2016-04-17 19:00:00.000,0
4020332650,2016-04-17 20:00:00.000,7
4020332650,2016-04-17 21:00:00.000,0
4020332650,2016-04-17 22:00:00.000,0
4020332650,2016-04-17 23:00:00.000,0
4020332650,2016-04-18 00:00:00.000,0
4020332650,2016-04-18 01:00:00.000,0
4020332650,2016-04-18 02:00:00.000,0
4020332650,2016-04-18 03:00:00.000,0
4020332650,2016-04-18 04:00:00.000,0
4020332650,2016-04-18 05:00:00.000,0
4020332650,2016-04-18 06:00:00.000,0
4020332650,2016-04-18 07:00:00.000,0
4020332650,2016-04-18 08:00:00.000,62
4020332650,2016-04-18 09:00:00.000,0
4020332650,2016-04-18 10:00:00.000,0
4020332650,2016-04-18 11:00:00.000,0
4020332650,2016-04-18 12:00:00.000,0
4020332650,2016-04-18 13:00:00.000,0
4020332650,2016-04-18 14:00:00.000,0
4020332650,2016-04-18 15:00:00.000,0
4020332650,2016-04-18 16:00:00.000,0
4020332650,2016-04-18 17:00:00.000,0
4020332650,2016-04-18 18:00:00.000,0
4020332650,2016-04-18 19:00:00.000,0
4020332650,2016-04-18 20:00:00.000,0
4020332650,2016-04-18 21:00:00.000,0
4020332650,2016-04-18 22:00:00.000,0
4020332650,2016-04-18 23:00:00.000,0
4020332650,2016-04-19 00:00:00.000,0
4020332650,2016-04-19 01:00:00.000,0
4020332650,2016-04-19 02:00:00.000,0
4020332650,2016-04-19 03:00:00.000,0
4020332650,2016-04-19 04:00:00.000,0
4020332650,2016-04-19 05:00:00.000,0
4020332650,2016-04-19 06:00:00.000,0
4020332650,2016-04-19 07:00:00.000,0
4020332650,2016-04-19 08:00:00.000,0
4020332650,2016-04-19 09:00:00.000,0
4020332650,2016-04-19 10:00:00.000,0
4020332650,2016-04-19 11:00:00.000,0
4020332650,2016-04-19 12:00:00.000,0
4020332650,2016-04-19 13:00:00.000,0
4020332650,2016-04-19 14:00:00.000,0
4020332650,2016-04-19 15:00:00.000,0
4020332650,2016-04-19 16:00:00.000,0
4020332650,2016-04-19 17:00:00.000,0
4020332650,2016-04-19 18:00:00.000,0
4020332650,2016-04-19 19:00:00.000,0
4020332650,2016-04-19 20:00:00.000,0
4020332650,2016-04-19 21:00:00.000,0
4020332650,2016-04-19 22:00:00.000,0
4020332650,2016-04-19 23:00:00.000,0
4020332650,2016-04-20 00:00:00.000,0
4020332650,2016-04-20 01:00:00.000,0
4020332650,2016-04-20 02:00:00.000,0
4020332650,2016-04-20 03:00:00.000,0
4020332650,2016-04-20 04:00:00.000,0
4020332650,2016-04-20 05:00:00.000,0
4020332650,2016-04-20 06:00:00.000,0
4020332650,2016-04-20 07:00:00.000,0
4020332650,2016-04-20 08:00:00.000,0
4020332650,2016-04-20 09:00:00.000,0
4020332650,2016-04-20 10:00:00.000,0
4020332650,2016-04-20 11:00:00.000,0
4020332650,2016-04-20 12:00:00.000,0
4020332650,2016-04-20 13:00:00.000,0
4020332650,2016-04-20 14:00:00.000,0
4020332650,2016-04-20 15:00:00.000,0
4020332650,2016-04-20 16:00:00.000,0
4020332650,2016-04-20 17:00:00.000,0
4020332650,2016-04-20 18:00:00.000,0
4020332650,2016-04-20 19:00:00.000,0
4020332650,2016-04-20 20:00:00.000,0
4020332650,2016-04-20 21:00:00.000,0
4020332650,2016-04-20 22:00:00.000,0
4020332650,2016-04-20 23:00:00.000,0
4020332650,2016-04-21 00:00:00.000,0
4020332650,2016-04-21 01:00:00.000,0
4020332650,2016-04-21 02:00:00.000,0
4020332650,2016-04-21 03:00:00.000,0
4020332650,2016-04-21 04:00:00.000,0
4020332650,2016-04-21 05:00:00.000,0
4020332650,2016-04-21 06:00:00.000,0
4020332650,2016-04-21 07:00:00.000,0
4020332650,2016-04-21 08:00:00.000,0
4020332650,2016-04-21 09:00:00.000,0
4020332650,2016-04-21 10:00:00.000,0
4020332650,2016-04-21 11:00:00.000,0
4020332650,2016-04-21 12:00:00.000,0
4020332650,2016-04-21 13:00:00.000,0
4020332650,2016-04-21 14:00:00.000,0
4020332650,2016-04-21 15:00:00.000,0
4020332650,2016-04-21 16:00:00.000,0
4020332650,2016-04-21 17:00:00.000,0
4020332650,2016-04-21 18:00:00.000,0
4020332650,2016-04-21 19:00:00.000,0
4020332650,2016-04-21 20:00:00.000,0
4020332650,2016-04-21 21:00:00.000,0
4020332650,2016-04-21 22:00:00.000,0
4020332650,2016-04-21 23:00:00.000,0
4020332650,2016-04-22 00:00:00.000,0
4020332650,2016-04-22 01:00:00.000,0
4020332650,2016-04-22 02:00:00.000,0
4020332650,2016-04-22 03:00:00.000,0
4020332650,2016-04-22 04:00:00.000,0
4020332650,2016-04-22 05:00:00.000,0
4020332650,2016-04-22 06:00:00.000,0
4020332650,2016-04-22 07:00:00.000,0
4020332650,2016-04-22 08:00:00.000,0
4020332650,2016-04-22 09:00:00.000,0
4020332650,2016-04-22 10:00:00.000,0
4020332650,2016-04-22 11:00:00.000,0
4020332650,2016-04-22 12:00:00.000,0
4020332650,2016-04-22 13:00:00.000,0
4020332650,2016-04-22 14:00:00.000,0
4020332650,2016-04-22 15:00:00.000,0
4020332650,2016-04-22 16:00:00.000,0
4020332650,2016-04-22 17:00:00.000,0
4020332650,2016-04-22 18:00:00.000,0
4020332650,2016-04-22 19:00:00.000,0
4020332650,2016-04-22 20:00:00.000,0
4020332650,2016-04-22 21:00:00.000,0
4020332650,2016-04-22 22:00:00.000,0
4020332650,2016-04-22 23:00:00.000,0
4020332650,2016-04-23 00:00:00.000,0
4020332650,2016-04-23 01:00:00.000,0
4020332650,2016-04-23 02:00:00.000,0
4020332650,2016-04-23 03:00:00.000,0
4020332650,2016-04-23 04:00:00.000,0
4020332650,2016-04-23 05:00:00.000,0
4020332650,2016-04-23 06:00:00.000,0
4020332650,2016-04-23 07:00:00.000,0
4020332650,2016-04-23 08:00:00.000,0
4020332650,2016-04-23 09:00:00.000,0
4020332650,2016-04-23 10:00:00.000,0
4020332650,2016-04-23 11:00:00.000,0
4020332650,2016-04-23 12:00:00.000,0
4020332650,2016-04-23 13:00:00.000,0
4020332650,2016-04-23 14:00:00.000,0
4020332650,2016-04-23 15:00:00.000,0
4020332650,2016-04-23 16:00:00.000,0
4020332650,2016-04-23 17:00:00.000,0
4020332650,2016-04-23 18:00:00.000,0
4020332650,2016-04-23 19:00:00.000,0
4020332650,2016-04-23 20:00:00.000,0
4020332650,2016-04-23 21:00:00.000,0
4020332650,2016-04-23 22:00:00.000,0
4020332650,2016-04-23 23:00:00.000,0
4020332650,2016-04-24 00:00:00.000,0
4020332650,2016-04-24 01:00:00.000,0
4020332650,2016-04-24 02:00:00.000,0
4020332650,2016-04-24 03:00:00.000,0
4020332650,2016-04-24 04:00:00.000,0
4020332650,2016-04-24 05:00:00.000,0
4020332650,2016-04-24 06:00:00.000,0
4020332650,2016-04-24 07:00:00.000,0
4020332650,2016-04-24 08:00:00.000,0
4020332650,2016-04-24 09:00:00.000,0
4020332650,2016-04-24 10:00:00.000,0
4020332650,2016-04-24 11:00:00.000,0
4020332650,2016-04-24 12:00:00.000,0
4020332650,2016-04-24 13:00:00.000,0
4020332650,2016-04-24 14:00:00.000,0
4020332650,2016-04-24 15:00:00.000,0
4020332650,2016-04-24 16:00:00.000,0
4020332650,2016-04-24 17:00:00.000,0
4020332650,2016-04-24 18:00:00.000,0
4020332650,2016-04-24 19:00:00.000,0
4020332650,2016-04-24 20:00:00.000,0
4020332650,2016-04-24 21:00:00.000,0
4020332650,2016-04-24 22:00:00.000,0
4020332650,2016-04-24 23:00:00.000,0
4020332650,2016-04-25 00:00:00.000,0
4020332650,2016-04-25 01:00:00.000,0
4020332650,2016-04-25 02:00:00.000,0
4020332650,2016-04-25 03:00:00.000,0
4020332650,2016-04-25 04:00:00.000,0
4020332650,2016-04-25 05:00:00.000,0
4020332650,2016-04-25 06:00:00.000,0
4020332650,2016-04-25 07:00:00.000,0
4020332650,2016-04-25 08:00:00.000,0
4020332650,2016-04-25 09:00:00.000,0
4020332650,2016-04-25 10:00:00.000,0
4020332650,2016-04-25 11:00:00.000,0
4020332650,2016-04-25 12:00:00.000,0
4020332650,2016-04-25 13:00:00.000,0
4020332650,2016-04-25 14:00:00.000,0
4020332650,2016-04-25 15:00:00.000,0
4020332650,2016-04-25 16:00:00.000,0
4020332650,2016-04-25 17:00:00.000,0
4020332650,2016-04-25 18:00:00.000,0
4020332650,2016-04-25 19:00:00.000,0
4020332650,2016-04-25 20:00:00.000,0
4020332650,2016-04-25 21:00:00.000,0
4020332650,2016-04-25 22:00:00.000,0
4020332650,2016-04-25 23:00:00.000,0
4020332650,2016-04-26 00:00:00.000,0
4020332650,2016-04-26 01:00:00.000,0
4020332650,2016-04-26 02:00:00.000,0
4020332650,2016-04-26 03:00:00.000,0
4020332650,2016-04-26 04:00:00.000,0
4020332650,2016-04-26 05:00:00.000,0
4020332650,2016-04-26 06:00:00.000,0
4020332650,2016-04-26 07:00:00.000,0
4020332650,2016-04-26 08:00:00.000,0
4020332650,2016-04-26 09:00:00.000,0
4020332650,2016-04-26 10:00:00.000,0
4020332650,2016-04-26 11:00:00.000,0
4020332650,2016-04-26 12:00:00.000,0
4020332650,2016-04-26 13:00:00.000,0
4020332650,2016-04-26 14:00:00.000,0
4020332650,2016-04-26 15:00:00.000,0
4020332650,2016-04-26 16:00:00.000,0
4020332650,2016-04-26 17:00:00.000,0
4020332650,2016-04-26 18:00:00.000,0
4020332650,2016-04-26 19:00:00.000,0
4020332650,2016-04-26 20:00:00.000,0
4020332650,2016-04-26 21:00:00.000,0
4020332650,2016-04-26 22:00:00.000,0
4020332650,2016-04-26 23:00:00.000,0
4020332650,2016-04-27 00:00:00.000,0
4020332650,2016-04-27 01:00:00.000,0
4020332650,2016-04-27 02:00:00.000,0
4020332650,2016-04-27 03:00:00.000,0
4020332650,2016-04-27 04:00:00.000,0
4020332650,2016-04-27 05:00:00.000,0
4020332650,2016-04-27 06:00:00.000,0
4020332650,2016-04-27 07:00:00.000,0
4020332650,2016-04-27 08:00:00.000,0
4020332650,2016-04-27 09:00:00.000,0
4020332650,2016-04-27 10:00:00.000,0
4020332650,2016-04-27 11:00:00.000,0
4020332650,2016-04-27 12:00:00.000,0
4020332650,2016-04-27 13:00:00.000,0
4020332650,2016-04-27 14:00:00.000,0
4020332650,2016-04-27 15:00:00.000,0
4020332650,2016-04-27 16:00:00.000,0
4020332650,2016-04-27 17:00:00.000,0
4020332650,2016-04-27 18:00:00.000,0
4020332650,2016-04-27 19:00:00.000,0
4020332650,2016-04-27 20:00:00.000,0
4020332650,2016-04-27 21:00:00.000,0
4020332650,2016-04-27 22:00:00.000,0
4020332650,2016-04-27 23:00:00.000,0
4020332650,2016-04-28 00:00:00.000,0
4020332650,2016-04-28 01:00:00.000,0
4020332650,2016-04-28 02:00:00.000,0
4020332650,2016-04-28 03:00:00.000,0
4020332650,2016-04-28 04:00:00.000,0
4020332650,2016-04-28 05:00:00.000,0
4020332650,2016-04-28 06:00:00.000,0
4020332650,2016-04-28 07:00:00.000,0
4020332650,2016-04-28 08:00:00.000,0
4020332650,2016-04-28 09:00:00.000,0
4020332650,2016-04-28 10:00:00.000,0
4020332650,2016-04-28 11:00:00.000,0
4020332650,2016-04-28 12:00:00.000,0
4020332650,2016-04-28 13:00:00.000,0
4020332650,2016-04-28 14:00:00.000,0
4020332650,2016-04-28 15:00:00.000,0
4020332650,2016-04-28 16:00:00.000,0
4020332650,2016-04-28 17:00:00.000,0
4020332650,2016-04-28 18:00:00.000,0
4020332650,2016-04-28 19:00:00.000,0
4020332650,2016-04-28 20:00:00.000,0
4020332650,2016-04-28 21:00:00.000,0
4020332650,2016-04-28 22:00:00.000,0
4020332650,2016-04-28 23:00:00.000,0
4020332650,2016-04-29 00:00:00.000,0
4020332650,2016-04-29 01:00:00.000,0
4020332650,2016-04-29 02:00:00.000,0
4020332650,2016-04-29 03:00:00.000,0
4020332650,2016-04-29 04:00:00.000,0
4020332650,2016-04-29 05:00:00.000,0
4020332650,2016-04-29 06:00:00.000,0
4020332650,2016-04-29 07:00:00.000,0
4020332650,2016-04-29 08:00:00.000,0
4020332650,2016-04-29 09:00:00.000,0
4020332650,2016-04-29 10:00:00.000,0
4020332650,2016-04-29 11:00:00.000,0
4020332650,2016-04-29 12:00:00.000,0
4020332650,2016-04-29 13:00:00.000,0
4020332650,2016-04-29 14:00:00.000,0
4020332650,2016-04-29 15:00:00.000,0
4020332650,2016-04-29 16:00:00.000,0
4020332650,2016-04-29 17:00:00.000,0
4020332650,2016-04-29 18:00:00.000,0
4020332650,2016-04-29 19:00:00.000,0
4020332650,2016-04-29 20:00:00.000,0
4020332650,2016-04-29 21:00:00.000,0
4020332650,2016-04-29 22:00:00.000,0
4020332650,2016-04-29 23:00:00.000,0
4020332650,2016-04-30 00:00:00.000,0
4020332650,2016-04-30 01:00:00.000,0
4020332650,2016-04-30 02:00:00.000,0
4020332650,2016-04-30 03:00:00.000,0
4020332650,2016-04-30 04:00:00.000,0
4020332650,2016-04-30 05:00:00.000,0
4020332650,2016-04-30 06:00:00.000,0
4020332650,2016-04-30 07:00:00.000,0
4020332650,2016-04-30 08:00:00.000,0
4020332650,2016-04-30 09:00:00.000,0
4020332650,2016-04-30 10:00:00.000,0
4020332650,2016-04-30 11:00:00.000,0
4020332650,2016-04-30 12:00:00.000,0
4020332650,2016-04-30 13:00:00.000,0
4020332650,2016-04-30 14:00:00.000,0
4020332650,2016-04-30 15:00:00.000,0
4020332650,2016-04-30 16:00:00.000,0
4020332650,2016-04-30 17:00:00.000,0
4020332650,2016-04-30 18:00:00.000,0
4020332650,2016-04-30 19:00:00.000,0
4020332650,2016-04-30 20:00:00.000,0
4020332650,2016-04-30 21:00:00.000,0
4020332650,2016-04-30 22:00:00.000,0
4020332650,2016-04-30 23:00:00.000,0
4020332650,2016-01-05 00:00:00.000,0
4020332650,2016-01-05 01:00:00.000,0
4020332650,2016-01-05 02:00:00.000,0
4020332650,2016-01-05 03:00:00.000,0
4020332650,2016-01-05 04:00:00.000,0
4020332650,2016-01-05 05:00:00.000,0
4020332650,2016-01-05 06:00:00.000,0
4020332650,2016-01-05 07:00:00.000,0
4020332650,2016-01-05 08:00:00.000,0
4020332650,2016-01-05 09:00:00.000,0
4020332650,2016-01-05 10:00:00.000,0
4020332650,2016-01-05 11:00:00.000,0
4020332650,2016-01-05 12:00:00.000,0
4020332650,2016-01-05 13:00:00.000,0
4020332650,2016-01-05 14:00:00.000,0
4020332650,2016-01-05 15:00:00.000,0
4020332650,2016-01-05 16:00:00.000,0
4020332650,2016-01-05 17:00:00.000,0
4020332650,2016-01-05 18:00:00.000,0
4020332650,2016-01-05 19:00:00.000,0
4020332650,2016-01-05 20:00:00.000,0
4020332650,2016-01-05 21:00:00.000,0
4020332650,2016-01-05 22:00:00.000,0
4020332650,2016-01-05 23:00:00.000,0
4020332650,2016-02-05 00:00:00.000,0
4020332650,2016-02-05 01:00:00.000,0
4020332650,2016-02-05 02:00:00.000,0
4020332650,2016-02-05 03:00:00.000,0
4020332650,2016-02-05 04:00:00.000,0
4020332650,2016-02-05 05:00:00.000,0
4020332650,2016-02-05 06:00:00.000,0
4020332650,2016-02-05 07:00:00.000,0
4020332650,2016-02-05 08:00:00.000,0
4020332650,2016-02-05 09:00:00.000,0
4020332650,2016-02-05 10:00:00.000,0
4020332650,2016-02-05 11:00:00.000,0
4020332650,2016-02-05 12:00:00.000,0
4020332650,2016-02-05 13:00:00.000,0
4020332650,2016-02-05 14:00:00.000,0
4020332650,2016-02-05 15:00:00.000,0
4020332650,2016-02-05 16:00:00.000,0
4020332650,2016-02-05 17:00:00.000,0
4020332650,2016-02-05 18:00:00.000,0
4020332650,2016-02-05 19:00:00.000,0
4020332650,2016-02-05 20:00:00.000,167
4020332650,2016-02-05 21:00:00.000,127
4020332650,2016-02-05 22:00:00.000,110
4020332650,2016-02-05 23:00:00.000,61
4020332650,2016-03-05 00:00:00.000,0
4020332650,2016-03-05 01:00:00.000,0
4020332650,2016-03-05 02:00:00.000,0
4020332650,2016-03-05 03:00:00.000,0
4020332650,2016-03-05 04:00:00.000,48
4020332650,2016-03-05 05:00:00.000,0
4020332650,2016-03-05 06:00:00.000,0
4020332650,2016-03-05 07:00:00.000,0
4020332650,2016-03-05 08:00:00.000,230
4020332650,2016-03-05 09:00:00.000,44
4020332650,2016-03-05 10:00:00.000,0
4020332650,2016-03-05 11:00:00.000,334
4020332650,2016-03-05 12:00:00.000,17
4020332650,2016-03-05 13:00:00.000,0
4020332650,2016-03-05 14:00:00.000,53
4020332650,2016-03-05 15:00:00.000,426
4020332650,2016-03-05 16:00:00.000,883
4020332650,2016-03-05 17:00:00.000,265
4020332650,2016-03-05 18:00:00.000,651
4020332650,2016-03-05 19:00:00.000,107
4020332650,2016-03-05 20:00:00.000,303
4020332650,2016-03-05 21:00:00.000,664
4020332650,2016-03-05 22:00:00.000,410
4020332650,2016-03-05 23:00:00.000,30
4020332650,2016-04-05 00:00:00.000,0
4020332650,2016-04-05 01:00:00.000,347
4020332650,2016-04-05 02:00:00.000,0
4020332650,2016-04-05 03:00:00.000,0
4020332650,2016-04-05 04:00:00.000,0
4020332650,2016-04-05 05:00:00.000,17
4020332650,2016-04-05 06:00:00.000,0
4020332650,2016-04-05 07:00:00.000,0
4020332650,2016-04-05 08:00:00.000,272
4020332650,2016-04-05 09:00:00.000,128
4020332650,2016-04-05 10:00:00.000,222
4020332650,2016-04-05 11:00:00.000,40
4020332650,2016-04-05 12:00:00.000,592
4020332650,2016-04-05 13:00:00.000,603
4020332650,2016-04-05 14:00:00.000,567
4020332650,2016-04-05 15:00:00.000,330
4020332650,2016-04-05 16:00:00.000,1552
4020332650,2016-04-05 17:00:00.000,794
4020332650,2016-04-05 18:00:00.000,839
4020332650,2016-04-05 19:00:00.000,451
4020332650,2016-04-05 20:00:00.000,882
4020332650,2016-04-05 21:00:00.000,677
4020332650,2016-04-05 22:00:00.000,827
4020332650,2016-04-05 23:00:00.000,1054
4020332650,2016-05-05 00:00:00.000,62
4020332650,2016-05-05 01:00:00.000,5
4020332650,2016-05-05 02:00:00.000,0
4020332650,2016-05-05 03:00:00.000,0
4020332650,2016-05-05 04:00:00.000,81
4020332650,2016-05-05 05:00:00.000,0
4020332650,2016-05-05 06:00:00.000,0
4020332650,2016-05-05 07:00:00.000,0
4020332650,2016-05-05 08:00:00.000,0
4020332650,2016-05-05 09:00:00.000,0
4020332650,2016-05-05 10:00:00.000,0
4020332650,2016-05-05 11:00:00.000,0
4020332650,2016-05-05 12:00:00.000,0
4020332650,2016-05-05 13:00:00.000,0
4020332650,2016-05-05 14:00:00.000,373
4020332650,2016-05-05 15:00:00.000,13
4020332650,2016-05-05 16:00:00.000,2737
4020332650,2016-05-05 17:00:00.000,689
4020332650,2016-05-05 18:00:00.000,1953
4020332650,2016-05-05 19:00:00.000,716
4020332650,2016-05-05 20:00:00.000,980
4020332650,2016-05-05 21:00:00.000,1197
4020332650,2016-05-05 22:00:00.000,2192
4020332650,2016-05-05 23:00:00.000,715
4020332650,2016-06-05 00:00:00.000,49
4020332650,2016-06-05 01:00:00.000,0
4020332650,2016-06-05 02:00:00.000,0
4020332650,2016-06-05 03:00:00.000,0
4020332650,2016-06-05 04:00:00.000,0
4020332650,2016-06-05 05:00:00.000,0
4020332650,2016-06-05 06:00:00.000,0
4020332650,2016-06-05 07:00:00.000,256
4020332650,2016-06-05 08:00:00.000,577
4020332650,2016-06-05 09:00:00.000,1001
4020332650,2016-06-05 10:00:00.000,833
4020332650,2016-06-05 11:00:00.000,431
4020332650,2016-06-05 12:00:00.000,263
4020332650,2016-06-05 13:00:00.000,114
4020332650,2016-06-05 14:00:00.000,304
4020332650,2016-06-05 15:00:00.000,288
4020332650,2016-06-05 16:00:00.000,241
4020332650,2016-06-05 17:00:00.000,0
4020332650,2016-06-05 18:00:00.000,0
4020332650,2016-06-05 19:00:00.000,0
4020332650,2016-06-05 20:00:00.000,0
4020332650,2016-06-05 21:00:00.000,0
4020332650,2016-06-05 22:00:00.000,0
4020332650,2016-06-05 23:00:00.000,0
4020332650,2016-07-05 00:00:00.000,0
4020332650,2016-07-05 01:00:00.000,0
4020332650,2016-07-05 02:00:00.000,0
4020332650,2016-07-05 03:00:00.000,0
4020332650,2016-07-05 04:00:00.000,0
4020332650,2016-07-05 05:00:00.000,0
4020332650,2016-07-05 06:00:00.000,0
4020332650,2016-07-05 07:00:00.000,0
4020332650,2016-07-05 08:00:00.000,209
4020332650,2016-07-05 09:00:00.000,811
4020332650,2016-07-05 10:00:00.000,106
4020332650,2016-07-05 11:00:00.000,307
4020332650,2016-07-05 12:00:00.000,204
4020332650,2016-07-05 13:00:00.000,372
4020332650,2016-07-05 14:00:00.000,101
4020332650,2016-07-05 15:00:00.000,688
4020332650,2016-07-05 16:00:00.000,10
4020332650,2016-07-05 17:00:00.000,438
4020332650,2016-07-05 18:00:00.000,199
4020332650,2016-07-05 19:00:00.000,540
4020332650,2016-07-05 20:00:00.000,538
4020332650,2016-07-05 21:00:00.000,192
4020332650,2016-07-05 22:00:00.000,290
4020332650,2016-07-05 23:00:00.000,0
4020332650,2016-08-05 00:00:00.000,79
4020332650,2016-08-05 01:00:00.000,0
4020332650,2016-08-05 02:00:00.000,184
4020332650,2016-08-05 03:00:00.000,0
4020332650,2016-08-05 04:00:00.000,0
4020332650,2016-08-05 05:00:00.000,0
4020332650,2016-08-05 06:00:00.000,0
4020332650,2016-08-05 07:00:00.000,149
4020332650,2016-08-05 08:00:00.000,396
4020332650,2016-08-05 09:00:00.000,286
4020332650,2016-08-05 10:00:00.000,509
4020332650,2016-08-05 11:00:00.000,493
4020332650,2016-08-05 12:00:00.000,322
4020332650,2016-08-05 13:00:00.000,218
4020332650,2016-08-05 14:00:00.000,291
4020332650,2016-08-05 15:00:00.000,422
4020332650,2016-08-05 16:00:00.000,608
4020332650,2016-08-05 17:00:00.000,571
4020332650,2016-08-05 18:00:00.000,507
4020332650,2016-08-05 19:00:00.000,348
4020332650,2016-08-05 20:00:00.000,257
4020332650,2016-08-05 21:00:00.000,136
4020332650,2016-08-05 22:00:00.000,19
4020332650,2016-08-05 23:00:00.000,17
4020332650,2016-09-05 00:00:00.000,0
4020332650,2016-09-05 01:00:00.000,0
4020332650,2016-09-05 02:00:00.000,0
4020332650,2016-09-05 03:00:00.000,0
4020332650,2016-09-05 04:00:00.000,0
4020332650,2016-09-05 05:00:00.000,0
4020332650,2016-09-05 06:00:00.000,0
4020332650,2016-09-05 07:00:00.000,0
4020332650,2016-09-05 08:00:00.000,0
4020332650,2016-09-05 09:00:00.000,0
4020332650,2016-09-05 10:00:00.000,0
4020332650,2016-09-05 11:00:00.000,0
4020332650,2016-09-05 12:00:00.000,0
4020332650,2016-09-05 13:00:00.000,0
4020332650,2016-09-05 14:00:00.000,694
4020332650,2016-09-05 15:00:00.000,319
4020332650,2016-09-05 16:00:00.000,379
4020332650,2016-09-05 17:00:00.000,845
4020332650,2016-09-05 18:00:00.000,537
4020332650,2016-09-05 19:00:00.000,656
4020332650,2016-09-05 20:00:00.000,591
4020332650,2016-09-05 21:00:00.000,191
4020332650,2016-09-05 22:00:00.000,158
4020332650,2016-09-05 23:00:00.000,186
4020332650,2016-10-05 00:00:00.000,0
4020332650,2016-10-05 01:00:00.000,0
4020332650,2016-10-05 02:00:00.000,180
4020332650,2016-10-05 03:00:00.000,0
4020332650,2016-10-05 04:00:00.000,0
4020332650,2016-10-05 05:00:00.000,14
4020332650,2016-10-05 06:00:00.000,12
4020332650,2016-10-05 07:00:00.000,223
4020332650,2016-10-05 08:00:00.000,198
4020332650,2016-10-05 09:00:00.000,30
4020332650,2016-10-05 10:00:00.000,346
4020332650,2016-10-05 11:00:00.000,550
4020332650,2016-10-05 12:00:00.000,765
4020332650,2016-10-05 13:00:00.000,118
4020332650,2016-10-05 14:00:00.000,79
4020332650,2016-10-05 15:00:00.000,773
4020332650,2016-10-05 16:00:00.000,1131
4020332650,2016-10-05 17:00:00.000,557
4020332650,2016-10-05 18:00:00.000,0
4020332650,2016-10-05 19:00:00.000,155
4020332650,2016-10-05 20:00:00.000,205
4020332650,2016-10-05 21:00:00.000,0
4020332650,2016-10-05 22:00:00.000,138
4020332650,2016-10-05 23:00:00.000,0
4020332650,2016-11-05 00:00:00.000,0
4020332650,2016-11-05 01:00:00.000,0
4020332650,2016-11-05 02:00:00.000,0
4020332650,2016-11-05 03:00:00.000,0
4020332650,2016-11-05 04:00:00.000,0
4020332650,2016-11-05 05:00:00.000,0
4020332650,2016-11-05 06:00:00.000,0
4020332650,2016-11-05 07:00:00.000,0
4020332650,2016-11-05 08:00:00.000,0
4020332650,2016-11-05 09:00:00.000,0
4020332650,2016-11-05 10:00:00.000,0
4020332650,2016-11-05 11:00:00.000,34
4020332650,2016-11-05 12:00:00.000,206
4020332650,2016-11-05 13:00:00.000,594
4020332650,2016-11-05 14:00:00.000,527
4020332650,2016-11-05 15:00:00.000,959
4020332650,2016-11-05 16:00:00.000,800
4020332650,2016-11-05 17:00:00.000,543
4020332650,2016-11-05 18:00:00.000,0
4020332650,2016-11-05 19:00:00.000,0
4020332650,2016-11-05 20:00:00.000,0
4020332650,2016-11-05 21:00:00.000,0
4020332650,2016-11-05 22:00:00.000,0
4020332650,2016-11-05 23:00:00.000,0
4020332650,2016-12-05 00:00:00.000,0
4020332650,2016-12-05 01:00:00.000,0
4020332650,2016-12-05 02:00:00.000,0
4020332650,2016-12-05 03:00:00.000,0
4020332650,2016-12-05 04:00:00.000,0
4020332650,2016-12-05 05:00:00.000,0
4020332650,2016-12-05 06:00:00.000,0
4020332650,2016-12-05 07:00:00.000,0
4020332650,2016-12-05 08:00:00.000,0
4020332650,2016-12-05 09:00:00.000,0
4020332650,2016-12-05 10:00:00.000,0
4020332650,2016-12-05 11:00:00.000,257
4057192912,2016-12-04 00:00:00.000,7
4057192912,2016-12-04 01:00:00.000,0
4057192912,2016-12-04 02:00:00.000,0
4057192912,2016-12-04 03:00:00.000,156
4057192912,2016-12-04 04:00:00.000,0
4057192912,2016-12-04 05:00:00.000,0
4057192912,2016-12-04 06:00:00.000,24
4057192912,2016-12-04 07:00:00.000,432
4057192912,2016-12-04 08:00:00.000,729
4057192912,2016-12-04 09:00:00.000,429
4057192912,2016-12-04 10:00:00.000,0
4057192912,2016-12-04 11:00:00.000,411
4057192912,2016-12-04 12:00:00.000,102
4057192912,2016-12-04 13:00:00.000,459
4057192912,2016-12-04 14:00:00.000,306
4057192912,2016-12-04 15:00:00.000,232
4057192912,2016-12-04 16:00:00.000,661
4057192912,2016-12-04 17:00:00.000,154
4057192912,2016-12-04 18:00:00.000,632
4057192912,2016-12-04 19:00:00.000,501
4057192912,2016-12-04 20:00:00.000,125
4057192912,2016-12-04 21:00:00.000,11
4057192912,2016-12-04 22:00:00.000,23
4057192912,2016-12-04 23:00:00.000,0
4057192912,2016-04-13 00:00:00.000,0
4057192912,2016-04-13 01:00:00.000,0
4057192912,2016-04-13 02:00:00.000,0
4057192912,2016-04-13 03:00:00.000,0
4057192912,2016-04-13 04:00:00.000,0
4057192912,2016-04-13 05:00:00.000,0
4057192912,2016-04-13 06:00:00.000,0
4057192912,2016-04-13 07:00:00.000,896
4057192912,2016-04-13 08:00:00.000,451
4057192912,2016-04-13 09:00:00.000,977
4057192912,2016-04-13 10:00:00.000,108
4057192912,2016-04-13 11:00:00.000,661
4057192912,2016-04-13 12:00:00.000,172
4057192912,2016-04-13 13:00:00.000,622
4057192912,2016-04-13 14:00:00.000,277
4057192912,2016-04-13 15:00:00.000,79
4057192912,2016-04-13 16:00:00.000,623
4057192912,2016-04-13 17:00:00.000,172
4057192912,2016-04-13 18:00:00.000,581
4057192912,2016-04-13 19:00:00.000,175
4057192912,2016-04-13 20:00:00.000,180
4057192912,2016-04-13 21:00:00.000,0
4057192912,2016-04-13 22:00:00.000,0
4057192912,2016-04-13 23:00:00.000,0
4057192912,2016-04-14 00:00:00.000,0
4057192912,2016-04-14 01:00:00.000,0
4057192912,2016-04-14 02:00:00.000,0
4057192912,2016-04-14 03:00:00.000,0
4057192912,2016-04-14 04:00:00.000,0
4057192912,2016-04-14 05:00:00.000,0
4057192912,2016-04-14 06:00:00.000,0
4057192912,2016-04-14 07:00:00.000,0
4057192912,2016-04-14 08:00:00.000,0
4057192912,2016-04-14 09:00:00.000,0
4057192912,2016-04-14 10:00:00.000,0
4057192912,2016-04-14 11:00:00.000,0
4057192912,2016-04-14 12:00:00.000,0
4057192912,2016-04-14 13:00:00.000,0
4057192912,2016-04-14 14:00:00.000,0
4057192912,2016-04-14 15:00:00.000,0
4057192912,2016-04-14 16:00:00.000,0
4057192912,2016-04-14 17:00:00.000,0
4057192912,2016-04-14 18:00:00.000,0
4057192912,2016-04-14 19:00:00.000,0
4057192912,2016-04-14 20:00:00.000,0
4057192912,2016-04-14 21:00:00.000,0
4057192912,2016-04-14 22:00:00.000,0
4057192912,2016-04-14 23:00:00.000,0
4057192912,2016-04-15 00:00:00.000,0
4057192912,2016-04-15 01:00:00.000,0
4057192912,2016-04-15 02:00:00.000,0
4057192912,2016-04-15 03:00:00.000,0
4057192912,2016-04-15 04:00:00.000,0
4057192912,2016-04-15 05:00:00.000,0
4057192912,2016-04-15 06:00:00.000,0
4057192912,2016-04-15 07:00:00.000,485
4057192912,2016-04-15 08:00:00.000,1115
4057192912,2016-04-15 09:00:00.000,384
4057192912,2016-04-15 10:00:00.000,217
4057192912,2016-04-15 11:00:00.000,761
4057192912,2016-04-15 12:00:00.000,164
4057192912,2016-04-15 13:00:00.000,576
4057192912,2016-04-15 14:00:00.000,147
4057192912,2016-04-15 15:00:00.000,88
4319703577,2016-12-04 00:00:00.000,0
4319703577,2016-12-04 01:00:00.000,0
4319703577,2016-12-04 02:00:00.000,0
4319703577,2016-12-04 03:00:00.000,0
4319703577,2016-12-04 04:00:00.000,0
4319703577,2016-12-04 05:00:00.000,0
4319703577,2016-12-04 06:00:00.000,0
4319703577,2016-12-04 07:00:00.000,0
4319703577,2016-12-04 08:00:00.000,0
4319703577,2016-12-04 09:00:00.000,0
4319703577,2016-12-04 10:00:00.000,0
4319703577,2016-12-04 11:00:00.000,0
4319703577,2016-12-04 12:00:00.000,0
4319703577,2016-12-04 13:00:00.000,0
4319703577,2016-12-04 14:00:00.000,0
4319703577,2016-12-04 15:00:00.000,0
4319703577,2016-12-04 16:00:00.000,0
4319703577,2016-12-04 17:00:00.000,0
4319703577,2016-12-04 18:00:00.000,0
4319703577,2016-12-04 19:00:00.000,0
4319703577,2016-12-04 20:00:00.000,0
4319703577,2016-12-04 21:00:00.000,0
4319703577,2016-12-04 22:00:00.000,0
4319703577,2016-12-04 23:00:00.000,0
4319703577,2016-04-13 00:00:00.000,0
4319703577,2016-04-13 01:00:00.000,0
4319703577,2016-04-13 02:00:00.000,0
4319703577,2016-04-13 03:00:00.000,0
4319703577,2016-04-13 04:00:00.000,0
4319703577,2016-04-13 05:00:00.000,0
4319703577,2016-04-13 06:00:00.000,0
4319703577,2016-04-13 07:00:00.000,0
4319703577,2016-04-13 08:00:00.000,0
4319703577,2016-04-13 09:00:00.000,0
4319703577,2016-04-13 10:00:00.000,0
4319703577,2016-04-13 11:00:00.000,0
4319703577,2016-04-13 12:00:00.000,0
4319703577,2016-04-13 13:00:00.000,0
4319703577,2016-04-13 14:00:00.000,0
4319703577,2016-04-13 15:00:00.000,7
4319703577,2016-04-13 16:00:00.000,759
4319703577,2016-04-13 17:00:00.000,387
4319703577,2016-04-13 18:00:00.000,182
4319703577,2016-04-13 19:00:00.000,1808
4319703577,2016-04-13 20:00:00.000,72
4319703577,2016-04-13 21:00:00.000,0
4319703577,2016-04-13 22:00:00.000,404
4319703577,2016-04-13 23:00:00.000,0
4319703577,2016-04-14 00:00:00.000,0
4319703577,2016-04-14 01:00:00.000,0
4319703577,2016-04-14 02:00:00.000,0
4319703577,2016-04-14 03:00:00.000,0
4319703577,2016-04-14 04:00:00.000,9
4319703577,2016-04-14 05:00:00.000,19
4319703577,2016-04-14 06:00:00.000,0
4319703577,2016-04-14 07:00:00.000,0
4319703577,2016-04-14 08:00:00.000,166
4319703577,2016-04-14 09:00:00.000,346
4319703577,2016-04-14 10:00:00.000,1611
4319703577,2016-04-14 11:00:00.000,764
4319703577,2016-04-14 12:00:00.000,1029
4319703577,2016-04-14 13:00:00.000,302
4319703577,2016-04-14 14:00:00.000,155
4319703577,2016-04-14 15:00:00.000,220
4319703577,2016-04-14 16:00:00.000,724
4319703577,2016-04-14 17:00:00.000,1154
4319703577,2016-04-14 18:00:00.000,720
4319703577,2016-04-14 19:00:00.000,972
4319703577,2016-04-14 20:00:00.000,893
4319703577,2016-04-14 21:00:00.000,63
4319703577,2016-04-14 22:00:00.000,889
4319703577,2016-04-14 23:00:00.000,174
4319703577,2016-04-15 00:00:00.000,0
4319703577,2016-04-15 01:00:00.000,0
4319703577,2016-04-15 02:00:00.000,0
4319703577,2016-04-15 03:00:00.000,0
4319703577,2016-04-15 04:00:00.000,10
4319703577,2016-04-15 05:00:00.000,6
4319703577,2016-04-15 06:00:00.000,5
4319703577,2016-04-15 07:00:00.000,16
4319703577,2016-04-15 08:00:00.000,236
4319703577,2016-04-15 09:00:00.000,0
4319703577,2016-04-15 10:00:00.000,1954
4319703577,2016-04-15 11:00:00.000,257
4319703577,2016-04-15 12:00:00.000,428
4319703577,2016-04-15 13:00:00.000,73
4319703577,2016-04-15 14:00:00.000,614
4319703577,2016-04-15 15:00:00.000,187
4319703577,2016-04-15 16:00:00.000,159
4319703577,2016-04-15 17:00:00.000,4
4319703577,2016-04-15 18:00:00.000,357
4319703577,2016-04-15 19:00:00.000,691
4319703577,2016-04-15 20:00:00.000,126
4319703577,2016-04-15 21:00:00.000,327
4319703577,2016-04-15 22:00:00.000,164
4319703577,2016-04-15 23:00:00.000,50
4319703577,2016-04-16 00:00:00.000,67
4319703577,2016-04-16 01:00:00.000,0
4319703577,2016-04-16 02:00:00.000,0
4319703577,2016-04-16 03:00:00.000,11
4319703577,2016-04-16 04:00:00.000,0
4319703577,2016-04-16 05:00:00.000,0
4319703577,2016-04-16 06:00:00.000,10
4319703577,2016-04-16 07:00:00.000,0
4319703577,2016-04-16 08:00:00.000,0
4319703577,2016-04-16 09:00:00.000,419
4319703577,2016-04-16 10:00:00.000,724
4319703577,2016-04-16 11:00:00.000,873
4319703577,2016-04-16 12:00:00.000,749
4319703577,2016-04-16 13:00:00.000,446
4319703577,2016-04-16 14:00:00.000,263
4319703577,2016-04-16 15:00:00.000,1170
4319703577,2016-04-16 16:00:00.000,0
4319703577,2016-04-16 17:00:00.000,12
4319703577,2016-04-16 18:00:00.000,0
4319703577,2016-04-16 19:00:00.000,0
4319703577,2016-04-16 20:00:00.000,0
4319703577,2016-04-16 21:00:00.000,0
4319703577,2016-04-16 22:00:00.000,0
4319703577,2016-04-16 23:00:00.000,0
4319703577,2016-04-17 00:00:00.000,0
4319703577,2016-04-17 01:00:00.000,0
4319703577,2016-04-17 02:00:00.000,0
4319703577,2016-04-17 03:00:00.000,0
4319703577,2016-04-17 04:00:00.000,0
4319703577,2016-04-17 05:00:00.000,0
4319703577,2016-04-17 06:00:00.000,0
4319703577,2016-04-17 07:00:00.000,0
4319703577,2016-04-17 08:00:00.000,0
4319703577,2016-04-17 09:00:00.000,0
4319703577,2016-04-17 10:00:00.000,0
4319703577,2016-04-17 11:00:00.000,0
4319703577,2016-04-17 12:00:00.000,0
4319703577,2016-04-17 13:00:00.000,0
4319703577,2016-04-17 14:00:00.000,0
4319703577,2016-04-17 15:00:00.000,0
4319703577,2016-04-17 16:00:00.000,0
4319703577,2016-04-17 17:00:00.000,0
4319703577,2016-04-17 18:00:00.000,0
4319703577,2016-04-17 19:00:00.000,0
4319703577,2016-04-17 20:00:00.000,0
4319703577,2016-04-17 21:00:00.000,0
4319703577,2016-04-17 22:00:00.000,16
4319703577,2016-04-17 23:00:00.000,13
4319703577,2016-04-18 00:00:00.000,0
4319703577,2016-04-18 01:00:00.000,0
4319703577,2016-04-18 02:00:00.000,0
4319703577,2016-04-18 03:00:00.000,0
4319703577,2016-04-18 04:00:00.000,0
4319703577,2016-04-18 05:00:00.000,16
4319703577,2016-04-18 06:00:00.000,0
4319703577,2016-04-18 07:00:00.000,0
4319703577,2016-04-18 08:00:00.000,206
4319703577,2016-04-18 09:00:00.000,27
4319703577,2016-04-18 10:00:00.000,1756
4319703577,2016-04-18 11:00:00.000,152
4319703577,2016-04-18 12:00:00.000,0
4319703577,2016-04-18 13:00:00.000,0
4319703577,2016-04-18 14:00:00.000,0
4319703577,2016-04-18 15:00:00.000,0
4319703577,2016-04-18 16:00:00.000,0
4319703577,2016-04-18 17:00:00.000,0
4319703577,2016-04-18 18:00:00.000,13
4319703577,2016-04-18 19:00:00.000,0
4319703577,2016-04-18 20:00:00.000,0
4319703577,2016-04-18 21:00:00.000,0
4319703577,2016-04-18 22:00:00.000,51
4319703577,2016-04-18 23:00:00.000,8
4319703577,2016-04-19 00:00:00.000,0
4319703577,2016-04-19 01:00:00.000,13
4319703577,2016-04-19 02:00:00.000,0
4319703577,2016-04-19 03:00:00.000,33
4319703577,2016-04-19 04:00:00.000,0
4319703577,2016-04-19 05:00:00.000,0
4319703577,2016-04-19 06:00:00.000,0
4319703577,2016-04-19 07:00:00.000,554
4319703577,2016-04-19 08:00:00.000,447
4319703577,2016-04-19 09:00:00.000,42
4319703577,2016-04-19 10:00:00.000,1872
4319703577,2016-04-19 11:00:00.000,923
4319703577,2016-04-19 12:00:00.000,562
4319703577,2016-04-19 13:00:00.000,125
4319703577,2016-04-19 14:00:00.000,551
4319703577,2016-04-19 15:00:00.000,346
4319703577,2016-04-19 16:00:00.000,703
4319703577,2016-04-19 17:00:00.000,313
4319703577,2016-04-19 18:00:00.000,498
4319703577,2016-04-19 19:00:00.000,1332
4319703577,2016-04-19 20:00:00.000,254
4319703577,2016-04-19 21:00:00.000,63
4319703577,2016-04-19 22:00:00.000,294
4319703577,2016-04-19 23:00:00.000,0
4319703577,2016-04-20 00:00:00.000,0
4319703577,2016-04-20 01:00:00.000,0
4319703577,2016-04-20 02:00:00.000,7
4319703577,2016-04-20 03:00:00.000,0
4319703577,2016-04-20 04:00:00.000,0
4319703577,2016-04-20 05:00:00.000,0
4319703577,2016-04-20 06:00:00.000,8
4319703577,2016-04-20 07:00:00.000,580
4319703577,2016-04-20 08:00:00.000,93
4319703577,2016-04-20 09:00:00.000,443
4319703577,2016-04-20 10:00:00.000,1114
4319703577,2016-04-20 11:00:00.000,787
4319703577,2016-04-20 12:00:00.000,1717
4319703577,2016-04-20 13:00:00.000,253
4319703577,2016-04-20 14:00:00.000,185
4319703577,2016-04-20 15:00:00.000,781
4319703577,2016-04-20 16:00:00.000,497
4319703577,2016-04-20 17:00:00.000,501
4319703577,2016-04-20 18:00:00.000,592
4319703577,2016-04-20 19:00:00.000,947
4319703577,2016-04-20 20:00:00.000,76
4319703577,2016-04-20 21:00:00.000,177
4319703577,2016-04-20 22:00:00.000,157
4319703577,2016-04-20 23:00:00.000,0
4319703577,2016-04-21 00:00:00.000,0
4319703577,2016-04-21 01:00:00.000,0
4319703577,2016-04-21 02:00:00.000,0
4319703577,2016-04-21 03:00:00.000,0
4319703577,2016-04-21 04:00:00.000,0
4319703577,2016-04-21 05:00:00.000,0
4319703577,2016-04-21 06:00:00.000,0
4319703577,2016-04-21 07:00:00.000,0
4319703577,2016-04-21 08:00:00.000,0
4319703577,2016-04-21 09:00:00.000,0
4319703577,2016-04-21 10:00:00.000,0
4319703577,2016-04-21 11:00:00.000,0
4319703577,2016-04-21 12:00:00.000,0
4319703577,2016-04-21 13:00:00.000,0
4319703577,2016-04-21 14:00:00.000,95
4319703577,2016-04-21 15:00:00.000,41
4319703577,2016-04-21 16:00:00.000,13
4319703577,2016-04-21 17:00:00.000,19
4319703577,2016-04-21 18:00:00.000,65
4319703577,2016-04-21 19:00:00.000,116
4319703577,2016-04-21 20:00:00.000,0
4319703577,2016-04-21 21:00:00.000,6
4319703577,2016-04-21 22:00:00.000,157
4319703577,2016-04-21 23:00:00.000,5
4319703577,2016-04-22 00:00:00.000,10
4319703577,2016-04-22 01:00:00.000,0
4319703577,2016-04-22 02:00:00.000,0
4319703577,2016-04-22 03:00:00.000,0
4319703577,2016-04-22 04:00:00.000,0
4319703577,2016-04-22 05:00:00.000,18
4319703577,2016-04-22 06:00:00.000,0
4319703577,2016-04-22 07:00:00.000,10
4319703577,2016-04-22 08:00:00.000,1479
4319703577,2016-04-22 09:00:00.000,115
4319703577,2016-04-22 10:00:00.000,4
4319703577,2016-04-22 11:00:00.000,477
4319703577,2016-04-22 12:00:00.000,374
4319703577,2016-04-22 13:00:00.000,81
4319703577,2016-04-22 14:00:00.000,102
4319703577,2016-04-22 15:00:00.000,110
4319703577,2016-04-22 16:00:00.000,542
4319703577,2016-04-22 17:00:00.000,222
4319703577,2016-04-22 18:00:00.000,234
4319703577,2016-04-22 19:00:00.000,107
4319703577,2016-04-22 20:00:00.000,120
4319703577,2016-04-22 21:00:00.000,209
4319703577,2016-04-22 22:00:00.000,286
4319703577,2016-04-22 23:00:00.000,0
4319703577,2016-04-23 00:00:00.000,10
4319703577,2016-04-23 01:00:00.000,0
4319703577,2016-04-23 02:00:00.000,0
4319703577,2016-04-23 03:00:00.000,0
4319703577,2016-04-23 04:00:00.000,5
4319703577,2016-04-23 05:00:00.000,5
4319703577,2016-04-23 06:00:00.000,9
4319703577,2016-04-23 07:00:00.000,0
4319703577,2016-04-23 08:00:00.000,0
4319703577,2016-04-23 09:00:00.000,0
4319703577,2016-04-23 10:00:00.000,9
4319703577,2016-04-23 11:00:00.000,18
4319703577,2016-04-23 12:00:00.000,1067
4319703577,2016-04-23 13:00:00.000,276
4319703577,2016-04-23 14:00:00.000,106
4319703577,2016-04-23 15:00:00.000,344
4319703577,2016-04-23 16:00:00.000,850
4319703577,2016-04-23 17:00:00.000,856
4319703577,2016-04-23 18:00:00.000,178
4319703577,2016-04-23 19:00:00.000,375
4319703577,2016-04-23 20:00:00.000,206
4319703577,2016-04-23 21:00:00.000,252
4319703577,2016-04-23 22:00:00.000,53
4319703577,2016-04-23 23:00:00.000,316
4319703577,2016-04-24 00:00:00.000,0
4319703577,2016-04-24 01:00:00.000,0
4319703577,2016-04-24 02:00:00.000,0
4319703577,2016-04-24 03:00:00.000,68
4319703577,2016-04-24 04:00:00.000,0
4319703577,2016-04-24 05:00:00.000,0
4319703577,2016-04-24 06:00:00.000,12
4319703577,2016-04-24 07:00:00.000,0
4319703577,2016-04-24 08:00:00.000,171
4319703577,2016-04-24 09:00:00.000,646
4319703577,2016-04-24 10:00:00.000,31
4319703577,2016-04-24 11:00:00.000,103
4319703577,2016-04-24 12:00:00.000,207
4319703577,2016-04-24 13:00:00.000,626
4319703577,2016-04-24 14:00:00.000,748
4319703577,2016-04-24 15:00:00.000,218
4319703577,2016-04-24 16:00:00.000,122
4319703577,2016-04-24 17:00:00.000,185
4319703577,2016-04-24 18:00:00.000,209
4319703577,2016-04-24 19:00:00.000,120
4319703577,2016-04-24 20:00:00.000,86
4319703577,2016-04-24 21:00:00.000,137
4319703577,2016-04-24 22:00:00.000,384
4319703577,2016-04-24 23:00:00.000,8
4319703577,2016-04-25 00:00:00.000,0
4319703577,2016-04-25 01:00:00.000,0
4319703577,2016-04-25 02:00:00.000,10
4319703577,2016-04-25 03:00:00.000,0
4319703577,2016-04-25 04:00:00.000,27
4319703577,2016-04-25 05:00:00.000,0
4319703577,2016-04-25 06:00:00.000,0
4319703577,2016-04-25 07:00:00.000,61
4319703577,2016-04-25 08:00:00.000,287
4319703577,2016-04-25 09:00:00.000,53
4319703577,2016-04-25 10:00:00.000,1839
4319703577,2016-04-25 11:00:00.000,696
4319703577,2016-04-25 12:00:00.000,676
4319703577,2016-04-25 13:00:00.000,453
4319703577,2016-04-25 14:00:00.000,1105
4319703577,2016-04-25 15:00:00.000,352
4319703577,2016-04-25 16:00:00.000,362
4319703577,2016-04-25 17:00:00.000,946
4319703577,2016-04-25 18:00:00.000,1014
4319703577,2016-04-25 19:00:00.000,900
4319703577,2016-04-25 20:00:00.000,49
4319703577,2016-04-25 21:00:00.000,47
4319703577,2016-04-25 22:00:00.000,306
4319703577,2016-04-25 23:00:00.000,76
4319703577,2016-04-26 00:00:00.000,0
4319703577,2016-04-26 01:00:00.000,0
4319703577,2016-04-26 02:00:00.000,0
4319703577,2016-04-26 03:00:00.000,0
4319703577,2016-04-26 04:00:00.000,0
4319703577,2016-04-26 05:00:00.000,0
4319703577,2016-04-26 06:00:00.000,0
4319703577,2016-04-26 07:00:00.000,47
4319703577,2016-04-26 08:00:00.000,1197
4319703577,2016-04-26 09:00:00.000,0
4319703577,2016-04-26 10:00:00.000,1826
4319703577,2016-04-26 11:00:00.000,669
4319703577,2016-04-26 12:00:00.000,1049
4319703577,2016-04-26 13:00:00.000,349
4319703577,2016-04-26 14:00:00.000,323
4319703577,2016-04-26 15:00:00.000,501
4319703577,2016-04-26 16:00:00.000,273
4319703577,2016-04-26 17:00:00.000,704
4319703577,2016-04-26 18:00:00.000,564
4319703577,2016-04-26 19:00:00.000,2273
4319703577,2016-04-26 20:00:00.000,117
4319703577,2016-04-26 21:00:00.000,0
4319703577,2016-04-26 22:00:00.000,7
4319703577,2016-04-26 23:00:00.000,0
4319703577,2016-04-27 00:00:00.000,0
4319703577,2016-04-27 01:00:00.000,0
4319703577,2016-04-27 02:00:00.000,10
4319703577,2016-04-27 03:00:00.000,0
4319703577,2016-04-27 04:00:00.000,18
4319703577,2016-04-27 05:00:00.000,8
4319703577,2016-04-27 06:00:00.000,0
4319703577,2016-04-27 07:00:00.000,55
4319703577,2016-04-27 08:00:00.000,1072
4319703577,2016-04-27 09:00:00.000,45
4319703577,2016-04-27 10:00:00.000,1971
4319703577,2016-04-27 11:00:00.000,683
4319703577,2016-04-27 12:00:00.000,2445
4319703577,2016-04-27 13:00:00.000,276
4319703577,2016-04-27 14:00:00.000,1267
4319703577,2016-04-27 15:00:00.000,585
4319703577,2016-04-27 16:00:00.000,290
4319703577,2016-04-27 17:00:00.000,304
4319703577,2016-04-27 18:00:00.000,488
4319703577,2016-04-27 19:00:00.000,971
4319703577,2016-04-27 20:00:00.000,136
4319703577,2016-04-27 21:00:00.000,102
4319703577,2016-04-27 22:00:00.000,54
4319703577,2016-04-27 23:00:00.000,0
4319703577,2016-04-28 00:00:00.000,0
4319703577,2016-04-28 01:00:00.000,6
4319703577,2016-04-28 02:00:00.000,0
4319703577,2016-04-28 03:00:00.000,0
4319703577,2016-04-28 04:00:00.000,64
4319703577,2016-04-28 05:00:00.000,0
4319703577,2016-04-28 06:00:00.000,0
4319703577,2016-04-28 07:00:00.000,466
4319703577,2016-04-28 08:00:00.000,632
4319703577,2016-04-28 09:00:00.000,289
4319703577,2016-04-28 10:00:00.000,1155
4319703577,2016-04-28 11:00:00.000,941
4319703577,2016-04-28 12:00:00.000,976
4319703577,2016-04-28 13:00:00.000,319
4319703577,2016-04-28 14:00:00.000,513
4319703577,2016-04-28 15:00:00.000,287
4319703577,2016-04-28 16:00:00.000,603
4319703577,2016-04-28 17:00:00.000,877
4319703577,2016-04-28 18:00:00.000,1143
4319703577,2016-04-28 19:00:00.000,815
4319703577,2016-04-28 20:00:00.000,1360
4319703577,2016-04-28 21:00:00.000,37
4319703577,2016-04-28 22:00:00.000,301
4319703577,2016-04-28 23:00:00.000,26
4319703577,2016-04-29 00:00:00.000,48
4319703577,2016-04-29 01:00:00.000,7
4319703577,2016-04-29 02:00:00.000,0
4319703577,2016-04-29 03:00:00.000,7
4319703577,2016-04-29 04:00:00.000,0
4319703577,2016-04-29 05:00:00.000,4
4319703577,2016-04-29 06:00:00.000,0
4319703577,2016-04-29 07:00:00.000,16
4319703577,2016-04-29 08:00:00.000,155
4319703577,2016-04-29 09:00:00.000,256
4319703577,2016-04-29 10:00:00.000,1604
4319703577,2016-04-29 11:00:00.000,786
4319703577,2016-04-29 12:00:00.000,401
4319703577,2016-04-29 13:00:00.000,671
4319703577,2016-04-29 14:00:00.000,349
4319703577,2016-04-29 15:00:00.000,474
4319703577,2016-04-29 16:00:00.000,877
4319703577,2016-04-29 17:00:00.000,239
4319703577,2016-04-29 18:00:00.000,548
4319703577,2016-04-29 19:00:00.000,1033
4319703577,2016-04-29 20:00:00.000,257
4319703577,2016-04-29 21:00:00.000,0
4319703577,2016-04-29 22:00:00.000,80
4319703577,2016-04-29 23:00:00.000,178
4319703577,2016-04-30 00:00:00.000,0
4319703577,2016-04-30 01:00:00.000,0
4319703577,2016-04-30 02:00:00.000,7
4319703577,2016-04-30 03:00:00.000,24
4319703577,2016-04-30 04:00:00.000,0
4319703577,2016-04-30 05:00:00.000,0
4319703577,2016-04-30 06:00:00.000,0
4319703577,2016-04-30 07:00:00.000,38
4319703577,2016-04-30 08:00:00.000,58
4319703577,2016-04-30 09:00:00.000,0
4319703577,2016-04-30 10:00:00.000,106
4319703577,2016-04-30 11:00:00.000,340
4319703577,2016-04-30 12:00:00.000,1058
4319703577,2016-04-30 13:00:00.000,1233
4319703577,2016-04-30 14:00:00.000,1191
4319703577,2016-04-30 15:00:00.000,316
4319703577,2016-04-30 16:00:00.000,495
4319703577,2016-04-30 17:00:00.000,371
4319703577,2016-04-30 18:00:00.000,99
4319703577,2016-04-30 19:00:00.000,318
4319703577,2016-04-30 20:00:00.000,1661
4319703577,2016-04-30 21:00:00.000,646
4319703577,2016-04-30 22:00:00.000,27
4319703577,2016-04-30 23:00:00.000,233
4319703577,2016-01-05 00:00:00.000,0
4319703577,2016-01-05 01:00:00.000,0
4319703577,2016-01-05 02:00:00.000,0
4319703577,2016-01-05 03:00:00.000,6
4319703577,2016-01-05 04:00:00.000,0
4319703577,2016-01-05 05:00:00.000,0
4319703577,2016-01-05 06:00:00.000,0
4319703577,2016-01-05 07:00:00.000,35
4319703577,2016-01-05 08:00:00.000,94
4319703577,2016-01-05 09:00:00.000,162
4319703577,2016-01-05 10:00:00.000,88
4319703577,2016-01-05 11:00:00.000,84
4319703577,2016-01-05 12:00:00.000,0
4319703577,2016-01-05 13:00:00.000,0
4319703577,2016-01-05 14:00:00.000,0
4319703577,2016-01-05 15:00:00.000,0
4319703577,2016-01-05 16:00:00.000,0
4319703577,2016-01-05 17:00:00.000,0
4319703577,2016-01-05 18:00:00.000,0
4319703577,2016-01-05 19:00:00.000,0
4319703577,2016-01-05 20:00:00.000,127
4319703577,2016-01-05 21:00:00.000,27
4319703577,2016-01-05 22:00:00.000,628
4319703577,2016-01-05 23:00:00.000,0
4319703577,2016-02-05 00:00:00.000,10
4319703577,2016-02-05 01:00:00.000,19
4319703577,2016-02-05 02:00:00.000,0
4319703577,2016-02-05 03:00:00.000,0
4319703577,2016-02-05 04:00:00.000,29
4319703577,2016-02-05 05:00:00.000,4
4319703577,2016-02-05 06:00:00.000,0
4319703577,2016-02-05 07:00:00.000,135
4319703577,2016-02-05 08:00:00.000,26
4319703577,2016-02-05 09:00:00.000,159
4319703577,2016-02-05 10:00:00.000,1722
4319703577,2016-02-05 11:00:00.000,871
4319703577,2016-02-05 12:00:00.000,541
4319703577,2016-02-05 13:00:00.000,334
4319703577,2016-02-05 14:00:00.000,529
4319703577,2016-02-05 15:00:00.000,522
4319703577,2016-02-05 16:00:00.000,1085
4319703577,2016-02-05 17:00:00.000,589
4319703577,2016-02-05 18:00:00.000,745
4319703577,2016-02-05 19:00:00.000,529
4319703577,2016-02-05 20:00:00.000,506
4319703577,2016-02-05 21:00:00.000,556
4319703577,2016-02-05 22:00:00.000,204
4319703577,2016-02-05 23:00:00.000,6
4319703577,2016-03-05 00:00:00.000,0
4319703577,2016-03-05 01:00:00.000,6
4319703577,2016-03-05 02:00:00.000,15
4319703577,2016-03-05 03:00:00.000,0
4319703577,2016-03-05 04:00:00.000,9
4319703577,2016-03-05 05:00:00.000,0
4319703577,2016-03-05 06:00:00.000,5
4319703577,2016-03-05 07:00:00.000,149
4319703577,2016-03-05 08:00:00.000,115
4319703577,2016-03-05 09:00:00.000,100
4319703577,2016-03-05 10:00:00.000,1984
4319703577,2016-03-05 11:00:00.000,1353
4319703577,2016-03-05 12:00:00.000,1146
4319703577,2016-03-05 13:00:00.000,69
4319703577,2016-03-05 14:00:00.000,708
4319703577,2016-03-05 15:00:00.000,308
4319703577,2016-03-05 16:00:00.000,669
4319703577,2016-03-05 17:00:00.000,637
4319703577,2016-03-05 18:00:00.000,646
4319703577,2016-03-05 19:00:00.000,1170
4319703577,2016-03-05 20:00:00.000,115
4319703577,2016-03-05 21:00:00.000,149
4319703577,2016-03-05 22:00:00.000,295
4319703577,2016-03-05 23:00:00.000,0
4319703577,2016-04-05 00:00:00.000,0
4319703577,2016-04-05 01:00:00.000,0
4319703577,2016-04-05 02:00:00.000,0
4319703577,2016-04-05 03:00:00.000,0
4319703577,2016-04-05 04:00:00.000,0
4319703577,2016-04-05 05:00:00.000,0
4319703577,2016-04-05 06:00:00.000,0
4319703577,2016-04-05 07:00:00.000,10
4319703577,2016-04-05 08:00:00.000,212
4319703577,2016-04-05 09:00:00.000,230
4319703577,2016-04-05 10:00:00.000,1778
4319703577,2016-04-05 11:00:00.000,969
4319703577,2016-04-05 12:00:00.000,1624
4319703577,2016-04-05 13:00:00.000,942
4319703577,2016-04-05 14:00:00.000,867
4319703577,2016-04-05 15:00:00.000,913
4319703577,2016-04-05 16:00:00.000,86
4319703577,2016-04-05 17:00:00.000,238
4319703577,2016-04-05 18:00:00.000,570
4319703577,2016-04-05 19:00:00.000,1622
4319703577,2016-04-05 20:00:00.000,306
4319703577,2016-04-05 21:00:00.000,45
4319703577,2016-04-05 22:00:00.000,17
4319703577,2016-04-05 23:00:00.000,0
4319703577,2016-05-05 00:00:00.000,0
4319703577,2016-05-05 01:00:00.000,0
4319703577,2016-05-05 02:00:00.000,0
4319703577,2016-05-05 03:00:00.000,0
4319703577,2016-05-05 04:00:00.000,0
4319703577,2016-05-05 05:00:00.000,1950
4319703577,2016-05-05 06:00:00.000,3547
4319703577,2016-05-05 07:00:00.000,330
4319703577,2016-05-05 08:00:00.000,74
4319703577,2016-05-05 09:00:00.000,165
4319703577,2016-05-05 10:00:00.000,1517
4319703577,2016-05-05 11:00:00.000,878
4319703577,2016-05-05 12:00:00.000,781
4319703577,2016-05-05 13:00:00.000,307
4319703577,2016-05-05 14:00:00.000,546
4319703577,2016-05-05 15:00:00.000,432
4319703577,2016-05-05 16:00:00.000,189
4319703577,2016-05-05 17:00:00.000,152
4319703577,2016-05-05 18:00:00.000,686
4319703577,2016-05-05 19:00:00.000,1178
4319703577,2016-05-05 20:00:00.000,702
4319703577,2016-05-05 21:00:00.000,80
4319703577,2016-05-05 22:00:00.000,144
4319703577,2016-05-05 23:00:00.000,0
4319703577,2016-06-05 00:00:00.000,39
4319703577,2016-06-05 01:00:00.000,8
4319703577,2016-06-05 02:00:00.000,8
4319703577,2016-06-05 03:00:00.000,16
4319703577,2016-06-05 04:00:00.000,6
4319703577,2016-06-05 05:00:00.000,0
4319703577,2016-06-05 06:00:00.000,51
4319703577,2016-06-05 07:00:00.000,1279
4319703577,2016-06-05 08:00:00.000,41
4319703577,2016-06-05 09:00:00.000,237
4319703577,2016-06-05 10:00:00.000,33
4319703577,2016-06-05 11:00:00.000,1384
4319703577,2016-06-05 12:00:00.000,61
4319703577,2016-06-05 13:00:00.000,636
4319703577,2016-06-05 14:00:00.000,55
4319703577,2016-06-05 15:00:00.000,639
4319703577,2016-06-05 16:00:00.000,597
4319703577,2016-06-05 17:00:00.000,401
4319703577,2016-06-05 18:00:00.000,372
4319703577,2016-06-05 19:00:00.000,2033
4319703577,2016-06-05 20:00:00.000,1022
4319703577,2016-06-05 21:00:00.000,249
4319703577,2016-06-05 22:00:00.000,44
4319703577,2016-06-05 23:00:00.000,215
4319703577,2016-07-05 00:00:00.000,0
4319703577,2016-07-05 01:00:00.000,10
4319703577,2016-07-05 02:00:00.000,0
4319703577,2016-07-05 03:00:00.000,6
4319703577,2016-07-05 04:00:00.000,0
4319703577,2016-07-05 05:00:00.000,6
4319703577,2016-07-05 06:00:00.000,11
4319703577,2016-07-05 07:00:00.000,0
4319703577,2016-07-05 08:00:00.000,73
4319703577,2016-07-05 09:00:00.000,1278
4319703577,2016-07-05 10:00:00.000,59
4319703577,2016-07-05 11:00:00.000,404
4319703577,2016-07-05 12:00:00.000,381
4319703577,2016-07-05 13:00:00.000,1390
4319703577,2016-07-05 14:00:00.000,412
4319703577,2016-07-05 15:00:00.000,278
4319703577,2016-07-05 16:00:00.000,337
4319703577,2016-07-05 17:00:00.000,640
4319703577,2016-07-05 18:00:00.000,1045
4319703577,2016-07-05 19:00:00.000,879
4319703577,2016-07-05 20:00:00.000,225
4319703577,2016-07-05 21:00:00.000,131
4319703577,2016-07-05 22:00:00.000,263
4319703577,2016-07-05 23:00:00.000,109
4319703577,2016-08-05 00:00:00.000,0
4319703577,2016-08-05 01:00:00.000,0
4319703577,2016-08-05 02:00:00.000,0
4319703577,2016-08-05 03:00:00.000,0
4319703577,2016-08-05 04:00:00.000,0
4319703577,2016-08-05 05:00:00.000,13
4319703577,2016-08-05 06:00:00.000,0
4319703577,2016-08-05 07:00:00.000,0
4319703577,2016-08-05 08:00:00.000,0
4319703577,2016-08-05 09:00:00.000,6
4319703577,2016-08-05 10:00:00.000,187
4319703577,2016-08-05 11:00:00.000,125
4319703577,2016-08-05 12:00:00.000,626
4319703577,2016-08-05 13:00:00.000,702
4319703577,2016-08-05 14:00:00.000,952
4319703577,2016-08-05 15:00:00.000,461
4319703577,2016-08-05 16:00:00.000,48
4319703577,2016-08-05 17:00:00.000,0
4319703577,2016-08-05 18:00:00.000,0
4319703577,2016-08-05 19:00:00.000,0
4319703577,2016-08-05 20:00:00.000,224
4319703577,2016-08-05 21:00:00.000,46
4319703577,2016-08-05 22:00:00.000,282
4319703577,2016-08-05 23:00:00.000,0
4319703577,2016-09-05 00:00:00.000,16
4319703577,2016-09-05 01:00:00.000,17
4319703577,2016-09-05 02:00:00.000,0
4319703577,2016-09-05 03:00:00.000,16
4319703577,2016-09-05 04:00:00.000,22
4319703577,2016-09-05 05:00:00.000,0
4319703577,2016-09-05 06:00:00.000,8
4319703577,2016-09-05 07:00:00.000,0
4319703577,2016-09-05 08:00:00.000,195
4319703577,2016-09-05 09:00:00.000,70
4319703577,2016-09-05 10:00:00.000,1720
4319703577,2016-09-05 11:00:00.000,842
4319703577,2016-09-05 12:00:00.000,513
4319703577,2016-09-05 13:00:00.000,331
4319703577,2016-09-05 14:00:00.000,577
4319703577,2016-09-05 15:00:00.000,411
4319703577,2016-09-05 16:00:00.000,291
4319703577,2016-09-05 17:00:00.000,1218
4319703577,2016-09-05 18:00:00.000,1046
4319703577,2016-09-05 19:00:00.000,1993
4319703577,2016-09-05 20:00:00.000,745
4319703577,2016-09-05 21:00:00.000,107
4319703577,2016-09-05 22:00:00.000,211
4319703577,2016-09-05 23:00:00.000,13
4319703577,2016-10-05 00:00:00.000,6
4319703577,2016-10-05 01:00:00.000,0
4319703577,2016-10-05 02:00:00.000,0
4319703577,2016-10-05 03:00:00.000,6
4319703577,2016-10-05 04:00:00.000,0
4319703577,2016-10-05 05:00:00.000,8
4319703577,2016-10-05 06:00:00.000,6
4319703577,2016-10-05 07:00:00.000,151
4319703577,2016-10-05 08:00:00.000,25
4319703577,2016-10-05 09:00:00.000,170
4319703577,2016-10-05 10:00:00.000,1669
4319703577,2016-10-05 11:00:00.000,536
4319703577,2016-10-05 12:00:00.000,930
4319703577,2016-10-05 13:00:00.000,990
4319703577,2016-10-05 14:00:00.000,824
4319703577,2016-10-05 15:00:00.000,958
4319703577,2016-10-05 16:00:00.000,288
4319703577,2016-10-05 17:00:00.000,173
4319703577,2016-10-05 18:00:00.000,1092
4319703577,2016-10-05 19:00:00.000,1156
4319703577,2016-10-05 20:00:00.000,154
4319703577,2016-10-05 21:00:00.000,140
4319703577,2016-10-05 22:00:00.000,205
4319703577,2016-10-05 23:00:00.000,0
4319703577,2016-11-05 00:00:00.000,0
4319703577,2016-11-05 01:00:00.000,12
4319703577,2016-11-05 02:00:00.000,0
4319703577,2016-11-05 03:00:00.000,0
4319703577,2016-11-05 04:00:00.000,0
4319703577,2016-11-05 05:00:00.000,0
4319703577,2016-11-05 06:00:00.000,0
4319703577,2016-11-05 07:00:00.000,0
4319703577,2016-11-05 08:00:00.000,258
4319703577,2016-11-05 09:00:00.000,49
4319703577,2016-11-05 10:00:00.000,1735
4319703577,2016-11-05 11:00:00.000,734
4319703577,2016-11-05 12:00:00.000,1037
4319703577,2016-11-05 13:00:00.000,398
4319703577,2016-11-05 14:00:00.000,597
4319703577,2016-11-05 15:00:00.000,715
4319703577,2016-11-05 16:00:00.000,793
4319703577,2016-11-05 17:00:00.000,269
4319703577,2016-11-05 18:00:00.000,430
4319703577,2016-11-05 19:00:00.000,1613
4319703577,2016-11-05 20:00:00.000,262
4319703577,2016-11-05 21:00:00.000,80
4319703577,2016-11-05 22:00:00.000,147
4319703577,2016-11-05 23:00:00.000,0
4319703577,2016-12-05 00:00:00.000,0
4319703577,2016-12-05 01:00:00.000,0
4319703577,2016-12-05 02:00:00.000,10
4319703577,2016-12-05 03:00:00.000,7
4388161847,2016-12-04 00:00:00.000,0
4388161847,2016-12-04 01:00:00.000,0
4388161847,2016-12-04 02:00:00.000,0
4388161847,2016-12-04 03:00:00.000,0
4388161847,2016-12-04 04:00:00.000,0
4388161847,2016-12-04 05:00:00.000,0
4388161847,2016-12-04 06:00:00.000,0
4388161847,2016-12-04 07:00:00.000,0
4388161847,2016-12-04 08:00:00.000,0
4388161847,2016-12-04 09:00:00.000,0
4388161847,2016-12-04 10:00:00.000,0
4388161847,2016-12-04 11:00:00.000,0
4388161847,2016-12-04 12:00:00.000,0
4388161847,2016-12-04 13:00:00.000,0
4388161847,2016-12-04 14:00:00.000,0
4388161847,2016-12-04 15:00:00.000,0
4388161847,2016-12-04 16:00:00.000,0
4388161847,2016-12-04 17:00:00.000,0
4388161847,2016-12-04 18:00:00.000,0
4388161847,2016-12-04 19:00:00.000,0
4388161847,2016-12-04 20:00:00.000,0
4388161847,2016-12-04 21:00:00.000,0
4388161847,2016-12-04 22:00:00.000,0
4388161847,2016-12-04 23:00:00.000,0
4388161847,2016-04-13 00:00:00.000,0
4388161847,2016-04-13 01:00:00.000,0
4388161847,2016-04-13 02:00:00.000,0
4388161847,2016-04-13 03:00:00.000,0
4388161847,2016-04-13 04:00:00.000,0
4388161847,2016-04-13 05:00:00.000,0
4388161847,2016-04-13 06:00:00.000,0
4388161847,2016-04-13 07:00:00.000,0
4388161847,2016-04-13 08:00:00.000,0
4388161847,2016-04-13 09:00:00.000,0
4388161847,2016-04-13 10:00:00.000,0
4388161847,2016-04-13 11:00:00.000,0
4388161847,2016-04-13 12:00:00.000,0
4388161847,2016-04-13 13:00:00.000,0
4388161847,2016-04-13 14:00:00.000,28
4388161847,2016-04-13 15:00:00.000,410
4388161847,2016-04-13 16:00:00.000,1100
4388161847,2016-04-13 17:00:00.000,629
4388161847,2016-04-13 18:00:00.000,1508
4388161847,2016-04-13 19:00:00.000,2118
4388161847,2016-04-13 20:00:00.000,145
4388161847,2016-04-13 21:00:00.000,0
4388161847,2016-04-13 22:00:00.000,0
4388161847,2016-04-13 23:00:00.000,0
4388161847,2016-04-14 00:00:00.000,0
4388161847,2016-04-14 01:00:00.000,0
4388161847,2016-04-14 02:00:00.000,0
4388161847,2016-04-14 03:00:00.000,0
4388161847,2016-04-14 04:00:00.000,11
4388161847,2016-04-14 05:00:00.000,352
4388161847,2016-04-14 06:00:00.000,1134
4388161847,2016-04-14 07:00:00.000,157
4388161847,2016-04-14 08:00:00.000,252
4388161847,2016-04-14 09:00:00.000,413
4388161847,2016-04-14 10:00:00.000,590
4388161847,2016-04-14 11:00:00.000,434
4388161847,2016-04-14 12:00:00.000,187
4388161847,2016-04-14 13:00:00.000,268
4388161847,2016-04-14 14:00:00.000,76
4388161847,2016-04-14 15:00:00.000,475
4388161847,2016-04-14 16:00:00.000,931
4388161847,2016-04-14 17:00:00.000,2321
4388161847,2016-04-14 18:00:00.000,284
4388161847,2016-04-14 19:00:00.000,875
4388161847,2016-04-14 20:00:00.000,52
4388161847,2016-04-14 21:00:00.000,36
4388161847,2016-04-14 22:00:00.000,15
4388161847,2016-04-14 23:00:00.000,0
4388161847,2016-04-15 00:00:00.000,0
4388161847,2016-04-15 01:00:00.000,0
4388161847,2016-04-15 02:00:00.000,0
4388161847,2016-04-15 03:00:00.000,13
4388161847,2016-04-15 04:00:00.000,83
4388161847,2016-04-15 05:00:00.000,879
4388161847,2016-04-15 06:00:00.000,1664
4388161847,2016-04-15 07:00:00.000,150
4388161847,2016-04-15 08:00:00.000,376
4388161847,2016-04-15 09:00:00.000,92
4388161847,2016-04-15 10:00:00.000,701
4388161847,2016-04-15 11:00:00.000,399
4388161847,2016-04-15 12:00:00.000,88
4388161847,2016-04-15 13:00:00.000,193
4388161847,2016-04-15 14:00:00.000,117
4388161847,2016-04-15 15:00:00.000,452
4388161847,2016-04-15 16:00:00.000,1100
4388161847,2016-04-15 17:00:00.000,430
4388161847,2016-04-15 18:00:00.000,510
4388161847,2016-04-15 19:00:00.000,261
4388161847,2016-04-15 20:00:00.000,110
4388161847,2016-04-15 21:00:00.000,360
4388161847,2016-04-15 22:00:00.000,387
4388161847,2016-04-15 23:00:00.000,393
4388161847,2016-04-16 00:00:00.000,0
4388161847,2016-04-16 01:00:00.000,0
4388161847,2016-04-16 02:00:00.000,0
4388161847,2016-04-16 03:00:00.000,0
4388161847,2016-04-16 04:00:00.000,17
4388161847,2016-04-16 05:00:00.000,0
4388161847,2016-04-16 06:00:00.000,261
4388161847,2016-04-16 07:00:00.000,92
4388161847,2016-04-16 08:00:00.000,1309
4388161847,2016-04-16 09:00:00.000,817
4388161847,2016-04-16 10:00:00.000,190
4388161847,2016-04-16 11:00:00.000,434
4388161847,2016-04-16 12:00:00.000,185
4388161847,2016-04-16 13:00:00.000,737
4388161847,2016-04-16 14:00:00.000,917
4388161847,2016-04-16 15:00:00.000,383
4388161847,2016-04-16 16:00:00.000,107
4388161847,2016-04-16 17:00:00.000,96
4388161847,2016-04-16 18:00:00.000,526
4388161847,2016-04-16 19:00:00.000,162
4388161847,2016-04-16 20:00:00.000,62
4388161847,2016-04-16 21:00:00.000,273
4388161847,2016-04-16 22:00:00.000,12
4388161847,2016-04-16 23:00:00.000,0
4388161847,2016-04-17 00:00:00.000,0
4388161847,2016-04-17 01:00:00.000,0
4388161847,2016-04-17 02:00:00.000,11
4388161847,2016-04-17 03:00:00.000,0
4388161847,2016-04-17 04:00:00.000,0
4388161847,2016-04-17 05:00:00.000,7
4388161847,2016-04-17 06:00:00.000,313
4388161847,2016-04-17 07:00:00.000,35
4388161847,2016-04-17 08:00:00.000,386
4388161847,2016-04-17 09:00:00.000,735
4388161847,2016-04-17 10:00:00.000,296
4388161847,2016-04-17 11:00:00.000,141
4388161847,2016-04-17 12:00:00.000,550
4388161847,2016-04-17 13:00:00.000,51
4388161847,2016-04-17 14:00:00.000,7
4388161847,2016-04-17 15:00:00.000,117
4388161847,2016-04-17 16:00:00.000,251
4388161847,2016-04-17 17:00:00.000,324
4388161847,2016-04-17 18:00:00.000,661
4388161847,2016-04-17 19:00:00.000,160
4388161847,2016-04-17 20:00:00.000,398
4388161847,2016-04-17 21:00:00.000,52
4388161847,2016-04-17 22:00:00.000,165
4388161847,2016-04-17 23:00:00.000,0
4388161847,2016-04-18 00:00:00.000,0
4388161847,2016-04-18 01:00:00.000,0
4388161847,2016-04-18 02:00:00.000,0
4388161847,2016-04-18 03:00:00.000,0
4388161847,2016-04-18 04:00:00.000,0
4388161847,2016-04-18 05:00:00.000,0
4388161847,2016-04-18 06:00:00.000,195
4388161847,2016-04-18 07:00:00.000,654
4388161847,2016-04-18 08:00:00.000,200
4388161847,2016-04-18 09:00:00.000,193
4388161847,2016-04-18 10:00:00.000,495
4388161847,2016-04-18 11:00:00.000,228
4388161847,2016-04-18 12:00:00.000,232
4388161847,2016-04-18 13:00:00.000,315
4388161847,2016-04-18 14:00:00.000,169
4388161847,2016-04-18 15:00:00.000,291
4388161847,2016-04-18 16:00:00.000,3253
4388161847,2016-04-18 17:00:00.000,1914
4388161847,2016-04-18 18:00:00.000,871
4388161847,2016-04-18 19:00:00.000,558
4388161847,2016-04-18 20:00:00.000,1387
4388161847,2016-04-18 21:00:00.000,25
4388161847,2016-04-18 22:00:00.000,11
4388161847,2016-04-18 23:00:00.000,18
4388161847,2016-04-19 00:00:00.000,0
4388161847,2016-04-19 01:00:00.000,7
4388161847,2016-04-19 02:00:00.000,0
4388161847,2016-04-19 03:00:00.000,0
4388161847,2016-04-19 04:00:00.000,75
4388161847,2016-04-19 05:00:00.000,1717
4388161847,2016-04-19 06:00:00.000,2438
4388161847,2016-04-19 07:00:00.000,462
4388161847,2016-04-19 08:00:00.000,237
4388161847,2016-04-19 09:00:00.000,308
4388161847,2016-04-19 10:00:00.000,488
4388161847,2016-04-19 11:00:00.000,140
4388161847,2016-04-19 12:00:00.000,420
4388161847,2016-04-19 13:00:00.000,179
4388161847,2016-04-19 14:00:00.000,338
4388161847,2016-04-19 15:00:00.000,150
4388161847,2016-04-19 16:00:00.000,1053
4388161847,2016-04-19 17:00:00.000,544
4388161847,2016-04-19 18:00:00.000,391
4388161847,2016-04-19 19:00:00.000,91
4388161847,2016-04-19 20:00:00.000,553
4388161847,2016-04-19 21:00:00.000,561
4388161847,2016-04-19 22:00:00.000,23
4388161847,2016-04-19 23:00:00.000,6
4388161847,2016-04-20 00:00:00.000,0
4388161847,2016-04-20 01:00:00.000,17
4388161847,2016-04-20 02:00:00.000,0
4388161847,2016-04-20 03:00:00.000,0
4388161847,2016-04-20 04:00:00.000,13
4388161847,2016-04-20 05:00:00.000,1079
4388161847,2016-04-20 06:00:00.000,2114
4388161847,2016-04-20 07:00:00.000,257
4388161847,2016-04-20 08:00:00.000,189
4388161847,2016-04-20 09:00:00.000,122
4388161847,2016-04-20 10:00:00.000,554
4388161847,2016-04-20 11:00:00.000,162
4388161847,2016-04-20 12:00:00.000,413
4388161847,2016-04-20 13:00:00.000,344
4388161847,2016-04-20 14:00:00.000,0
4388161847,2016-04-20 15:00:00.000,334
4388161847,2016-04-20 16:00:00.000,870
4388161847,2016-04-20 17:00:00.000,1656
4388161847,2016-04-20 18:00:00.000,176
4388161847,2016-04-20 19:00:00.000,1713
4388161847,2016-04-20 20:00:00.000,440
4388161847,2016-04-20 21:00:00.000,80
4388161847,2016-04-20 22:00:00.000,20
4388161847,2016-04-20 23:00:00.000,0
4388161847,2016-04-21 00:00:00.000,0
4388161847,2016-04-21 01:00:00.000,6
4388161847,2016-04-21 02:00:00.000,16
4388161847,2016-04-21 03:00:00.000,0
4388161847,2016-04-21 04:00:00.000,0
4388161847,2016-04-21 05:00:00.000,603
4388161847,2016-04-21 06:00:00.000,1437
4388161847,2016-04-21 07:00:00.000,325
4388161847,2016-04-21 08:00:00.000,222
4388161847,2016-04-21 09:00:00.000,35
4388161847,2016-04-21 10:00:00.000,443
4388161847,2016-04-21 11:00:00.000,249
4388161847,2016-04-21 12:00:00.000,464
4388161847,2016-04-21 13:00:00.000,190
4388161847,2016-04-21 14:00:00.000,177
4388161847,2016-04-21 15:00:00.000,195
4388161847,2016-04-21 16:00:00.000,1068
4388161847,2016-04-21 17:00:00.000,95
4388161847,2016-04-21 18:00:00.000,1616
4388161847,2016-04-21 19:00:00.000,1488
4388161847,2016-04-21 20:00:00.000,1394
4388161847,2016-04-21 21:00:00.000,32
4388161847,2016-04-21 22:00:00.000,0
4388161847,2016-04-21 23:00:00.000,0
4388161847,2016-04-22 00:00:00.000,0
4388161847,2016-04-22 01:00:00.000,0
4388161847,2016-04-22 02:00:00.000,0
4388161847,2016-04-22 03:00:00.000,0
4388161847,2016-04-22 04:00:00.000,0
4388161847,2016-04-22 05:00:00.000,0
4388161847,2016-04-22 06:00:00.000,528
4388161847,2016-04-22 07:00:00.000,619
4388161847,2016-04-22 08:00:00.000,2503
4388161847,2016-04-22 09:00:00.000,2203
4388161847,2016-04-22 10:00:00.000,1035
4388161847,2016-04-22 11:00:00.000,56
4388161847,2016-04-22 12:00:00.000,409
4388161847,2016-04-22 13:00:00.000,9
4388161847,2016-04-22 14:00:00.000,150
4388161847,2016-04-22 15:00:00.000,542
4388161847,2016-04-22 16:00:00.000,9
4388161847,2016-04-22 17:00:00.000,338
4388161847,2016-04-22 18:00:00.000,2985
4388161847,2016-04-22 19:00:00.000,355
4388161847,2016-04-22 20:00:00.000,192
4388161847,2016-04-22 21:00:00.000,0
4388161847,2016-04-22 22:00:00.000,197
4388161847,2016-04-22 23:00:00.000,9
4388161847,2016-04-23 00:00:00.000,22
4388161847,2016-04-23 01:00:00.000,0
4388161847,2016-04-23 02:00:00.000,0
4388161847,2016-04-23 03:00:00.000,4
4388161847,2016-04-23 04:00:00.000,0
4388161847,2016-04-23 05:00:00.000,0
4388161847,2016-04-23 06:00:00.000,42
4388161847,2016-04-23 07:00:00.000,14
4388161847,2016-04-23 08:00:00.000,71
4388161847,2016-04-23 09:00:00.000,6
4388161847,2016-04-23 10:00:00.000,829
4388161847,2016-04-23 11:00:00.000,1343
4388161847,2016-04-23 12:00:00.000,863
4388161847,2016-04-23 13:00:00.000,2925
4388161847,2016-04-23 14:00:00.000,5237
4388161847,2016-04-23 15:00:00.000,575
4388161847,2016-04-23 16:00:00.000,39
4388161847,2016-04-23 17:00:00.000,30
4388161847,2016-04-23 18:00:00.000,574
4388161847,2016-04-23 19:00:00.000,181
4388161847,2016-04-23 20:00:00.000,106
4388161847,2016-04-23 21:00:00.000,24
4388161847,2016-04-23 22:00:00.000,347
4388161847,2016-04-23 23:00:00.000,4
4388161847,2016-04-24 00:00:00.000,9
4388161847,2016-04-24 01:00:00.000,14
4388161847,2016-04-24 02:00:00.000,0
4388161847,2016-04-24 03:00:00.000,9
4388161847,2016-04-24 04:00:00.000,0
4388161847,2016-04-24 05:00:00.000,9
4388161847,2016-04-24 06:00:00.000,420
4388161847,2016-04-24 07:00:00.000,22
4388161847,2016-04-24 08:00:00.000,312
4388161847,2016-04-24 09:00:00.000,0
4388161847,2016-04-24 10:00:00.000,253
4388161847,2016-04-24 11:00:00.000,72
4388161847,2016-04-24 12:00:00.000,939
4388161847,2016-04-24 13:00:00.000,966
4388161847,2016-04-24 14:00:00.000,2228
4388161847,2016-04-24 15:00:00.000,1708
4388161847,2016-04-24 16:00:00.000,28
4388161847,2016-04-24 17:00:00.000,0
4388161847,2016-04-24 18:00:00.000,613
4388161847,2016-04-24 19:00:00.000,215
4388161847,2016-04-24 20:00:00.000,2235
4388161847,2016-04-24 21:00:00.000,191
4388161847,2016-04-24 22:00:00.000,0
4388161847,2016-04-24 23:00:00.000,0
4388161847,2016-04-25 00:00:00.000,0
4388161847,2016-04-25 01:00:00.000,0
4388161847,2016-04-25 02:00:00.000,0
4388161847,2016-04-25 03:00:00.000,0
4388161847,2016-04-25 04:00:00.000,0
4388161847,2016-04-25 05:00:00.000,595
4388161847,2016-04-25 06:00:00.000,659
4388161847,2016-04-25 07:00:00.000,826
4388161847,2016-04-25 08:00:00.000,104
4388161847,2016-04-25 09:00:00.000,474
4388161847,2016-04-25 10:00:00.000,262
4388161847,2016-04-25 11:00:00.000,459
4388161847,2016-04-25 12:00:00.000,335
4388161847,2016-04-25 13:00:00.000,189
4388161847,2016-04-25 14:00:00.000,295
4388161847,2016-04-25 15:00:00.000,455
4388161847,2016-04-25 16:00:00.000,981
4388161847,2016-04-25 17:00:00.000,2238
4388161847,2016-04-25 18:00:00.000,667
4388161847,2016-04-25 19:00:00.000,1501
4388161847,2016-04-25 20:00:00.000,2349
4388161847,2016-04-25 21:00:00.000,511
4388161847,2016-04-25 22:00:00.000,46
4388161847,2016-04-25 23:00:00.000,15
4388161847,2016-04-26 00:00:00.000,0
4388161847,2016-04-26 01:00:00.000,0
4388161847,2016-04-26 02:00:00.000,4
4388161847,2016-04-26 03:00:00.000,11
4388161847,2016-04-26 04:00:00.000,14
4388161847,2016-04-26 05:00:00.000,838
4388161847,2016-04-26 06:00:00.000,2662
4388161847,2016-04-26 07:00:00.000,630
4388161847,2016-04-26 08:00:00.000,122
4388161847,2016-04-26 09:00:00.000,407
4388161847,2016-04-26 10:00:00.000,631
4388161847,2016-04-26 11:00:00.000,383
4388161847,2016-04-26 12:00:00.000,414
4388161847,2016-04-26 13:00:00.000,279
4388161847,2016-04-26 14:00:00.000,369
4388161847,2016-04-26 15:00:00.000,435
4388161847,2016-04-26 16:00:00.000,571
4388161847,2016-04-26 17:00:00.000,1046
4388161847,2016-04-26 18:00:00.000,219
4388161847,2016-04-26 19:00:00.000,74
4388161847,2016-04-26 20:00:00.000,320
4388161847,2016-04-26 21:00:00.000,15
4388161847,2016-04-26 22:00:00.000,6
4388161847,2016-04-26 23:00:00.000,11
4388161847,2016-04-27 00:00:00.000,7
4388161847,2016-04-27 01:00:00.000,12
4388161847,2016-04-27 02:00:00.000,41
4388161847,2016-04-27 03:00:00.000,8
4388161847,2016-04-27 04:00:00.000,0
4388161847,2016-04-27 05:00:00.000,329
4388161847,2016-04-27 06:00:00.000,939
4388161847,2016-04-27 07:00:00.000,225
4388161847,2016-04-27 08:00:00.000,156
4388161847,2016-04-27 09:00:00.000,145
4388161847,2016-04-27 10:00:00.000,450
4388161847,2016-04-27 11:00:00.000,496
4388161847,2016-04-27 12:00:00.000,516
4388161847,2016-04-27 13:00:00.000,28
4388161847,2016-04-27 14:00:00.000,347
4388161847,2016-04-27 15:00:00.000,284
4388161847,2016-04-27 16:00:00.000,856
4388161847,2016-04-27 17:00:00.000,1183
4388161847,2016-04-27 18:00:00.000,4037
4388161847,2016-04-27 19:00:00.000,447
4388161847,2016-04-27 20:00:00.000,357
4388161847,2016-04-27 21:00:00.000,304
4388161847,2016-04-27 22:00:00.000,12
4388161847,2016-04-27 23:00:00.000,14
4388161847,2016-04-28 00:00:00.000,0
4388161847,2016-04-28 01:00:00.000,0
4388161847,2016-04-28 02:00:00.000,10
4388161847,2016-04-28 03:00:00.000,0
4388161847,2016-04-28 04:00:00.000,8
4388161847,2016-04-28 05:00:00.000,1305
4388161847,2016-04-28 06:00:00.000,2267
4388161847,2016-04-28 07:00:00.000,733
4388161847,2016-04-28 08:00:00.000,265
4388161847,2016-04-28 09:00:00.000,52
4388161847,2016-04-28 10:00:00.000,491
4388161847,2016-04-28 11:00:00.000,593
4388161847,2016-04-28 12:00:00.000,243
4388161847,2016-04-28 13:00:00.000,301
4388161847,2016-04-28 14:00:00.000,173
4388161847,2016-04-28 15:00:00.000,191
4388161847,2016-04-28 16:00:00.000,1251
4388161847,2016-04-28 17:00:00.000,1180
4388161847,2016-04-28 18:00:00.000,680
4388161847,2016-04-28 19:00:00.000,178
4388161847,2016-04-28 20:00:00.000,153
4388161847,2016-04-28 21:00:00.000,0
4388161847,2016-04-28 22:00:00.000,0
4388161847,2016-04-28 23:00:00.000,0
4388161847,2016-04-29 00:00:00.000,0
4388161847,2016-04-29 01:00:00.000,0
4388161847,2016-04-29 02:00:00.000,0
4388161847,2016-04-29 03:00:00.000,0
4388161847,2016-04-29 04:00:00.000,0
4388161847,2016-04-29 05:00:00.000,1015
4388161847,2016-04-29 06:00:00.000,2168
4388161847,2016-04-29 07:00:00.000,795
4388161847,2016-04-29 08:00:00.000,178
4388161847,2016-04-29 09:00:00.000,242
4388161847,2016-04-29 10:00:00.000,306
4388161847,2016-04-29 11:00:00.000,210
4388161847,2016-04-29 12:00:00.000,355
4388161847,2016-04-29 13:00:00.000,316
4388161847,2016-04-29 14:00:00.000,543
4388161847,2016-04-29 15:00:00.000,25
4388161847,2016-04-29 16:00:00.000,44
4388161847,2016-04-29 17:00:00.000,894
4388161847,2016-04-29 18:00:00.000,726
4388161847,2016-04-29 19:00:00.000,162
4388161847,2016-04-29 20:00:00.000,946
4388161847,2016-04-29 21:00:00.000,45
4388161847,2016-04-29 22:00:00.000,246
4388161847,2016-04-29 23:00:00.000,16
4388161847,2016-04-30 00:00:00.000,6
4388161847,2016-04-30 01:00:00.000,7
4388161847,2016-04-30 02:00:00.000,11
4388161847,2016-04-30 03:00:00.000,11
4388161847,2016-04-30 04:00:00.000,0
4388161847,2016-04-30 05:00:00.000,24
4388161847,2016-04-30 06:00:00.000,185
4388161847,2016-04-30 07:00:00.000,189
4388161847,2016-04-30 08:00:00.000,0
4388161847,2016-04-30 09:00:00.000,1349
4388161847,2016-04-30 10:00:00.000,247
4388161847,2016-04-30 11:00:00.000,2916
4388161847,2016-04-30 12:00:00.000,2355
4388161847,2016-04-30 13:00:00.000,1073
4388161847,2016-04-30 14:00:00.000,35
4388161847,2016-04-30 15:00:00.000,134
4388161847,2016-04-30 16:00:00.000,1016
4388161847,2016-04-30 17:00:00.000,269
4388161847,2016-04-30 18:00:00.000,746
4388161847,2016-04-30 19:00:00.000,328
4388161847,2016-04-30 20:00:00.000,1245
4388161847,2016-04-30 21:00:00.000,353
4388161847,2016-04-30 22:00:00.000,11
4388161847,2016-04-30 23:00:00.000,23
4388161847,2016-01-05 00:00:00.000,20
4388161847,2016-01-05 01:00:00.000,51
4388161847,2016-01-05 02:00:00.000,0
4388161847,2016-01-05 03:00:00.000,5
4388161847,2016-01-05 04:00:00.000,0
4388161847,2016-01-05 05:00:00.000,0
4388161847,2016-01-05 06:00:00.000,0
4388161847,2016-01-05 07:00:00.000,21
4388161847,2016-01-05 08:00:00.000,2564
4388161847,2016-01-05 09:00:00.000,201
4388161847,2016-01-05 10:00:00.000,1238
4388161847,2016-01-05 11:00:00.000,846
4388161847,2016-01-05 12:00:00.000,914
4388161847,2016-01-05 13:00:00.000,904
4388161847,2016-01-05 14:00:00.000,21
4388161847,2016-01-05 15:00:00.000,1214
4388161847,2016-01-05 16:00:00.000,362
4388161847,2016-01-05 17:00:00.000,477
4388161847,2016-01-05 18:00:00.000,142
4388161847,2016-01-05 19:00:00.000,831
4388161847,2016-01-05 20:00:00.000,181
4388161847,2016-01-05 21:00:00.000,78
4388161847,2016-01-05 22:00:00.000,185
4388161847,2016-01-05 23:00:00.000,0
4388161847,2016-02-05 00:00:00.000,73
4388161847,2016-02-05 01:00:00.000,9
4388161847,2016-02-05 02:00:00.000,0
4388161847,2016-02-05 03:00:00.000,0
4388161847,2016-02-05 04:00:00.000,0
4388161847,2016-02-05 05:00:00.000,137
4388161847,2016-02-05 06:00:00.000,712
4388161847,2016-02-05 07:00:00.000,698
4388161847,2016-02-05 08:00:00.000,130
4388161847,2016-02-05 09:00:00.000,201
4388161847,2016-02-05 10:00:00.000,411
4388161847,2016-02-05 11:00:00.000,231
4388161847,2016-02-05 12:00:00.000,437
4388161847,2016-02-05 13:00:00.000,201
4388161847,2016-02-05 14:00:00.000,139
4388161847,2016-02-05 15:00:00.000,180
4388161847,2016-02-05 16:00:00.000,915
4388161847,2016-02-05 17:00:00.000,665
4388161847,2016-02-05 18:00:00.000,4273
4388161847,2016-02-05 19:00:00.000,322
4388161847,2016-02-05 20:00:00.000,181
4388161847,2016-02-05 21:00:00.000,181
4388161847,2016-02-05 22:00:00.000,0
4388161847,2016-02-05 23:00:00.000,0
4388161847,2016-03-05 00:00:00.000,0
4388161847,2016-03-05 01:00:00.000,0
4388161847,2016-03-05 02:00:00.000,0
4388161847,2016-03-05 03:00:00.000,0
4388161847,2016-03-05 04:00:00.000,0
4388161847,2016-03-05 05:00:00.000,1620
4388161847,2016-03-05 06:00:00.000,2252
4388161847,2016-03-05 07:00:00.000,457
4388161847,2016-03-05 08:00:00.000,255
4388161847,2016-03-05 09:00:00.000,530
4388161847,2016-03-05 10:00:00.000,232
4388161847,2016-03-05 11:00:00.000,403
4388161847,2016-03-05 12:00:00.000,513
4388161847,2016-03-05 13:00:00.000,91
4388161847,2016-03-05 14:00:00.000,257
4388161847,2016-03-05 15:00:00.000,195
4388161847,2016-03-05 16:00:00.000,941
4388161847,2016-03-05 17:00:00.000,1139
4388161847,2016-03-05 18:00:00.000,1968
4388161847,2016-03-05 19:00:00.000,1228
4388161847,2016-03-05 20:00:00.000,325
4388161847,2016-03-05 21:00:00.000,313
4388161847,2016-03-05 22:00:00.000,0
4388161847,2016-03-05 23:00:00.000,8
4388161847,2016-04-05 00:00:00.000,12
4388161847,2016-04-05 01:00:00.000,0
4388161847,2016-04-05 02:00:00.000,49
4388161847,2016-04-05 03:00:00.000,0
4388161847,2016-04-05 04:00:00.000,0
4388161847,2016-04-05 05:00:00.000,803
4388161847,2016-04-05 06:00:00.000,1720
4388161847,2016-04-05 07:00:00.000,707
4388161847,2016-04-05 08:00:00.000,216
4388161847,2016-04-05 09:00:00.000,391
4388161847,2016-04-05 10:00:00.000,554
4388161847,2016-04-05 11:00:00.000,420
4388161847,2016-04-05 12:00:00.000,537
4388161847,2016-04-05 13:00:00.000,188
4388161847,2016-04-05 14:00:00.000,223
4388161847,2016-04-05 15:00:00.000,161
4388161847,2016-04-05 16:00:00.000,1022
4388161847,2016-04-05 17:00:00.000,3803
4388161847,2016-04-05 18:00:00.000,764
4388161847,2016-04-05 19:00:00.000,370
4388161847,2016-04-05 20:00:00.000,371
4388161847,2016-04-05 21:00:00.000,0
4388161847,2016-04-05 22:00:00.000,64
4388161847,2016-04-05 23:00:00.000,0
4388161847,2016-05-05 00:00:00.000,0
4388161847,2016-05-05 01:00:00.000,0
4388161847,2016-05-05 02:00:00.000,11
4388161847,2016-05-05 03:00:00.000,36
4388161847,2016-05-05 04:00:00.000,0
4388161847,2016-05-05 05:00:00.000,582
4388161847,2016-05-05 06:00:00.000,2160
4388161847,2016-05-05 07:00:00.000,488
4388161847,2016-05-05 08:00:00.000,381
4388161847,2016-05-05 09:00:00.000,44
4388161847,2016-05-05 10:00:00.000,408
4388161847,2016-05-05 11:00:00.000,344
4388161847,2016-05-05 12:00:00.000,557
4388161847,2016-05-05 13:00:00.000,130
4388161847,2016-05-05 14:00:00.000,241
4388161847,2016-05-05 15:00:00.000,416
4388161847,2016-05-05 16:00:00.000,1259
4388161847,2016-05-05 17:00:00.000,1388
4388161847,2016-05-05 18:00:00.000,387
4388161847,2016-05-05 19:00:00.000,534
4388161847,2016-05-05 20:00:00.000,237
4388161847,2016-05-05 21:00:00.000,0
4388161847,2016-05-05 22:00:00.000,0
4388161847,2016-05-05 23:00:00.000,0
4388161847,2016-06-05 00:00:00.000,0
4388161847,2016-06-05 01:00:00.000,0
4388161847,2016-06-05 02:00:00.000,0
4388161847,2016-06-05 03:00:00.000,263
4388161847,2016-06-05 04:00:00.000,441
4388161847,2016-06-05 05:00:00.000,2844
4388161847,2016-06-05 06:00:00.000,1560
4388161847,2016-06-05 07:00:00.000,712
4388161847,2016-06-05 08:00:00.000,213
4388161847,2016-06-05 09:00:00.000,258
4388161847,2016-06-05 10:00:00.000,787
4388161847,2016-06-05 11:00:00.000,302
4388161847,2016-06-05 12:00:00.000,255
4388161847,2016-06-05 13:00:00.000,158
4388161847,2016-06-05 14:00:00.000,211
4388161847,2016-06-05 15:00:00.000,430
4388161847,2016-06-05 16:00:00.000,524
4388161847,2016-06-05 17:00:00.000,19
4388161847,2016-06-05 18:00:00.000,442
4388161847,2016-06-05 19:00:00.000,92
4388161847,2016-06-05 20:00:00.000,2715
4388161847,2016-06-05 21:00:00.000,936
4388161847,2016-06-05 22:00:00.000,13
4388161847,2016-06-05 23:00:00.000,0
4388161847,2016-07-05 00:00:00.000,6
4388161847,2016-07-05 01:00:00.000,26
4388161847,2016-07-05 02:00:00.000,0
4388161847,2016-07-05 03:00:00.000,0
4388161847,2016-07-05 04:00:00.000,0
4388161847,2016-07-05 05:00:00.000,0
4388161847,2016-07-05 06:00:00.000,0
4388161847,2016-07-05 07:00:00.000,4
4388161847,2016-07-05 08:00:00.000,947
4388161847,2016-07-05 09:00:00.000,3345
4388161847,2016-07-05 10:00:00.000,650
4388161847,2016-07-05 11:00:00.000,1972
4388161847,2016-07-05 12:00:00.000,4167
4388161847,2016-07-05 13:00:00.000,695
4388161847,2016-07-05 14:00:00.000,0
4388161847,2016-07-05 15:00:00.000,149
4388161847,2016-07-05 16:00:00.000,3735
4388161847,2016-07-05 17:00:00.000,1838
4388161847,2016-07-05 18:00:00.000,676
4388161847,2016-07-05 19:00:00.000,1853
4388161847,2016-07-05 20:00:00.000,1991
4388161847,2016-07-05 21:00:00.000,413
4388161847,2016-07-05 22:00:00.000,287
4388161847,2016-07-05 23:00:00.000,16
4388161847,2016-08-05 00:00:00.000,10
4388161847,2016-08-05 01:00:00.000,0
4388161847,2016-08-05 02:00:00.000,9
4388161847,2016-08-05 03:00:00.000,0
4388161847,2016-08-05 04:00:00.000,0
4388161847,2016-08-05 05:00:00.000,0
4388161847,2016-08-05 06:00:00.000,0
4388161847,2016-08-05 07:00:00.000,0
4388161847,2016-08-05 08:00:00.000,292
4388161847,2016-08-05 09:00:00.000,304
4388161847,2016-08-05 10:00:00.000,2772
4388161847,2016-08-05 11:00:00.000,0
4388161847,2016-08-05 12:00:00.000,393
4388161847,2016-08-05 13:00:00.000,3075
4388161847,2016-08-05 14:00:00.000,1304
4388161847,2016-08-05 15:00:00.000,381
4388161847,2016-08-05 16:00:00.000,133
4388161847,2016-08-05 17:00:00.000,951
4388161847,2016-08-05 18:00:00.000,256
4388161847,2016-08-05 19:00:00.000,4770
4388161847,2016-08-05 20:00:00.000,2503
4388161847,2016-08-05 21:00:00.000,145
4388161847,2016-08-05 22:00:00.000,0
4388161847,2016-08-05 23:00:00.000,0
4388161847,2016-09-05 00:00:00.000,0
4388161847,2016-09-05 01:00:00.000,0
4388161847,2016-09-05 02:00:00.000,0
4388161847,2016-09-05 03:00:00.000,0
4388161847,2016-09-05 04:00:00.000,0
4388161847,2016-09-05 05:00:00.000,611
4388161847,2016-09-05 06:00:00.000,1558
4388161847,2016-09-05 07:00:00.000,556
4388161847,2016-09-05 08:00:00.000,223
4388161847,2016-09-05 09:00:00.000,269
4388161847,2016-09-05 10:00:00.000,319
4388161847,2016-09-05 11:00:00.000,373
4388161847,2016-09-05 12:00:00.000,373
4388161847,2016-09-05 13:00:00.000,198
4388161847,2016-09-05 14:00:00.000,117
4388161847,2016-09-05 15:00:00.000,372
4388161847,2016-09-05 16:00:00.000,914
4388161847,2016-09-05 17:00:00.000,953
4388161847,2016-09-05 18:00:00.000,989
4388161847,2016-09-05 19:00:00.000,2188
4388161847,2016-09-05 20:00:00.000,119
4388161847,2016-09-05 21:00:00.000,43
4388161847,2016-09-05 22:00:00.000,28
4388161847,2016-09-05 23:00:00.000,15
4388161847,2016-10-05 00:00:00.000,8
4388161847,2016-10-05 01:00:00.000,0
4388161847,2016-10-05 02:00:00.000,8
4388161847,2016-10-05 03:00:00.000,12
4388161847,2016-10-05 04:00:00.000,0
4388161847,2016-10-05 05:00:00.000,1887
4388161847,2016-10-05 06:00:00.000,1533
4388161847,2016-10-05 07:00:00.000,336
4388161847,2016-10-05 08:00:00.000,920
4388161847,2016-10-05 09:00:00.000,36
4388161847,2016-10-05 10:00:00.000,285
4388161847,2016-10-05 11:00:00.000,586
4388161847,2016-10-05 12:00:00.000,248
4388161847,2016-10-05 13:00:00.000,416
4388161847,2016-10-05 14:00:00.000,126
4388161847,2016-10-05 15:00:00.000,295
4388161847,2016-10-05 16:00:00.000,76
4388161847,2016-10-05 17:00:00.000,1078
4388161847,2016-10-05 18:00:00.000,721
4388161847,2016-10-05 19:00:00.000,1430
4388161847,2016-10-05 20:00:00.000,298
4388161847,2016-10-05 21:00:00.000,0
4388161847,2016-10-05 22:00:00.000,0
4388161847,2016-10-05 23:00:00.000,0
4388161847,2016-11-05 00:00:00.000,0
4388161847,2016-11-05 01:00:00.000,0
4388161847,2016-11-05 02:00:00.000,0
4388161847,2016-11-05 03:00:00.000,0
4388161847,2016-11-05 04:00:00.000,4
4388161847,2016-11-05 05:00:00.000,591
4388161847,2016-11-05 06:00:00.000,1938
4388161847,2016-11-05 07:00:00.000,747
4388161847,2016-11-05 08:00:00.000,364
4388161847,2016-11-05 09:00:00.000,175
4388161847,2016-11-05 10:00:00.000,642
4388161847,2016-11-05 11:00:00.000,252
4388161847,2016-11-05 12:00:00.000,566
4388161847,2016-11-05 13:00:00.000,458
4388161847,2016-11-05 14:00:00.000,147
4388161847,2016-11-05 15:00:00.000,365
4388161847,2016-11-05 16:00:00.000,1050
4388161847,2016-11-05 17:00:00.000,1280
4388161847,2016-11-05 18:00:00.000,310
4388161847,2016-11-05 19:00:00.000,688
4388161847,2016-11-05 20:00:00.000,624
4388161847,2016-11-05 21:00:00.000,0
4388161847,2016-11-05 22:00:00.000,0
4388161847,2016-11-05 23:00:00.000,0
4388161847,2016-12-05 00:00:00.000,0
4388161847,2016-12-05 01:00:00.000,0
4388161847,2016-12-05 02:00:00.000,0
4388161847,2016-12-05 03:00:00.000,0
4388161847,2016-12-05 04:00:00.000,0
4388161847,2016-12-05 05:00:00.000,0
4388161847,2016-12-05 06:00:00.000,161
4388161847,2016-12-05 07:00:00.000,594
4388161847,2016-12-05 08:00:00.000,120
4388161847,2016-12-05 09:00:00.000,186
4388161847,2016-12-05 10:00:00.000,182
4388161847,2016-12-05 11:00:00.000,398
4388161847,2016-12-05 12:00:00.000,799
4388161847,2016-12-05 13:00:00.000,326
4388161847,2016-12-05 14:00:00.000,313
4445114986,2016-12-04 00:00:00.000,0
4445114986,2016-12-04 01:00:00.000,88
4445114986,2016-12-04 02:00:00.000,0
4445114986,2016-12-04 03:00:00.000,42
4445114986,2016-12-04 04:00:00.000,15
4445114986,2016-12-04 05:00:00.000,0
4445114986,2016-12-04 06:00:00.000,0
4445114986,2016-12-04 07:00:00.000,73
4445114986,2016-12-04 08:00:00.000,60
4445114986,2016-12-04 09:00:00.000,0
4445114986,2016-12-04 10:00:00.000,6
4445114986,2016-12-04 11:00:00.000,171
4445114986,2016-12-04 12:00:00.000,197
4445114986,2016-12-04 13:00:00.000,436
4445114986,2016-12-04 14:00:00.000,81
4445114986,2016-12-04 15:00:00.000,332
4445114986,2016-12-04 16:00:00.000,399
4445114986,2016-12-04 17:00:00.000,400
4445114986,2016-12-04 18:00:00.000,100
4445114986,2016-12-04 19:00:00.000,321
4445114986,2016-12-04 20:00:00.000,401
4445114986,2016-12-04 21:00:00.000,134
4445114986,2016-12-04 22:00:00.000,0
4445114986,2016-12-04 23:00:00.000,20
4445114986,2016-04-13 00:00:00.000,0
4445114986,2016-04-13 01:00:00.000,0
4445114986,2016-04-13 02:00:00.000,0
4445114986,2016-04-13 03:00:00.000,0
4445114986,2016-04-13 04:00:00.000,50
4445114986,2016-04-13 05:00:00.000,0
4445114986,2016-04-13 06:00:00.000,0
4445114986,2016-04-13 07:00:00.000,33
4445114986,2016-04-13 08:00:00.000,0
4445114986,2016-04-13 09:00:00.000,14
4445114986,2016-04-13 10:00:00.000,0
4445114986,2016-04-13 11:00:00.000,157
4445114986,2016-04-13 12:00:00.000,178
4445114986,2016-04-13 13:00:00.000,101
4445114986,2016-04-13 14:00:00.000,166
4445114986,2016-04-13 15:00:00.000,214
4445114986,2016-04-13 16:00:00.000,254
4445114986,2016-04-13 17:00:00.000,440
4445114986,2016-04-13 18:00:00.000,410
4445114986,2016-04-13 19:00:00.000,82
4445114986,2016-04-13 20:00:00.000,243
4445114986,2016-04-13 21:00:00.000,48
4445114986,2016-04-13 22:00:00.000,195
4445114986,2016-04-13 23:00:00.000,376
4445114986,2016-04-14 00:00:00.000,173
4445114986,2016-04-14 01:00:00.000,56
4445114986,2016-04-14 02:00:00.000,109
4445114986,2016-04-14 03:00:00.000,0
4445114986,2016-04-14 04:00:00.000,0
4445114986,2016-04-14 05:00:00.000,8
4445114986,2016-04-14 06:00:00.000,0
4445114986,2016-04-14 07:00:00.000,0
4445114986,2016-04-14 08:00:00.000,0
4445114986,2016-04-14 09:00:00.000,13
4445114986,2016-04-14 10:00:00.000,0
4445114986,2016-04-14 11:00:00.000,31
4445114986,2016-04-14 12:00:00.000,164
4445114986,2016-04-14 13:00:00.000,156
4445114986,2016-04-14 14:00:00.000,118
4445114986,2016-04-14 15:00:00.000,489
4445114986,2016-04-14 16:00:00.000,265
4445114986,2016-04-14 17:00:00.000,503
4445114986,2016-04-14 18:00:00.000,286
4445114986,2016-04-14 19:00:00.000,222
4445114986,2016-04-14 20:00:00.000,395
4445114986,2016-04-14 21:00:00.000,230
4445114986,2016-04-14 22:00:00.000,493
4445114986,2016-04-14 23:00:00.000,263
4445114986,2016-04-15 00:00:00.000,312
4445114986,2016-04-15 01:00:00.000,16
4445114986,2016-04-15 02:00:00.000,6
4445114986,2016-04-15 03:00:00.000,13
4445114986,2016-04-15 04:00:00.000,0
4445114986,2016-04-15 05:00:00.000,0
4445114986,2016-04-15 06:00:00.000,0
4445114986,2016-04-15 07:00:00.000,66
4445114986,2016-04-15 08:00:00.000,271
4445114986,2016-04-15 09:00:00.000,225
4445114986,2016-04-15 10:00:00.000,318
4445114986,2016-04-15 11:00:00.000,408
4445114986,2016-04-15 12:00:00.000,355
4445114986,2016-04-15 13:00:00.000,684
4445114986,2016-04-15 14:00:00.000,743
4445114986,2016-04-15 15:00:00.000,594
4445114986,2016-04-15 16:00:00.000,788
4445114986,2016-04-15 17:00:00.000,345
4445114986,2016-04-15 18:00:00.000,208
4445114986,2016-04-15 19:00:00.000,184
4445114986,2016-04-15 20:00:00.000,285
4445114986,2016-04-15 21:00:00.000,678
4445114986,2016-04-15 22:00:00.000,277
4445114986,2016-04-15 23:00:00.000,422
4445114986,2016-04-16 00:00:00.000,0
4445114986,2016-04-16 01:00:00.000,0
4445114986,2016-04-16 02:00:00.000,4
4445114986,2016-04-16 03:00:00.000,10
4445114986,2016-04-16 04:00:00.000,0
4445114986,2016-04-16 05:00:00.000,0
4445114986,2016-04-16 06:00:00.000,0
4445114986,2016-04-16 07:00:00.000,0
4445114986,2016-04-16 08:00:00.000,0
4445114986,2016-04-16 09:00:00.000,0
4445114986,2016-04-16 10:00:00.000,119
4445114986,2016-04-16 11:00:00.000,515
4445114986,2016-04-16 12:00:00.000,136
4445114986,2016-04-16 13:00:00.000,111
4445114986,2016-04-16 14:00:00.000,251
4445114986,2016-04-16 15:00:00.000,0
4445114986,2016-04-16 16:00:00.000,171
4445114986,2016-04-16 17:00:00.000,327
4445114986,2016-04-16 18:00:00.000,696
4445114986,2016-04-16 19:00:00.000,368
4445114986,2016-04-16 20:00:00.000,153
4445114986,2016-04-16 21:00:00.000,230
4445114986,2016-04-16 22:00:00.000,757
4445114986,2016-04-16 23:00:00.000,97
4445114986,2016-04-17 00:00:00.000,42
4445114986,2016-04-17 01:00:00.000,0
4445114986,2016-04-17 02:00:00.000,70
4445114986,2016-04-17 03:00:00.000,0
4445114986,2016-04-17 04:00:00.000,0
4445114986,2016-04-17 05:00:00.000,0
4445114986,2016-04-17 06:00:00.000,0
4445114986,2016-04-17 07:00:00.000,0
4445114986,2016-04-17 08:00:00.000,0
4445114986,2016-04-17 09:00:00.000,0
4445114986,2016-04-17 10:00:00.000,0
4445114986,2016-04-17 11:00:00.000,0
4445114986,2016-04-17 12:00:00.000,0
4445114986,2016-04-17 13:00:00.000,0
4445114986,2016-04-17 14:00:00.000,0
4445114986,2016-04-17 15:00:00.000,270
4445114986,2016-04-17 16:00:00.000,154
4445114986,2016-04-17 17:00:00.000,302
4445114986,2016-04-17 18:00:00.000,216
4445114986,2016-04-17 19:00:00.000,216
4445114986,2016-04-17 20:00:00.000,85
4445114986,2016-04-17 21:00:00.000,619
4445114986,2016-04-17 22:00:00.000,284
4445114986,2016-04-17 23:00:00.000,0
4445114986,2016-04-18 00:00:00.000,0
4445114986,2016-04-18 01:00:00.000,0
4445114986,2016-04-18 02:00:00.000,0
4445114986,2016-04-18 03:00:00.000,0
4445114986,2016-04-18 04:00:00.000,0
4445114986,2016-04-18 05:00:00.000,0
4445114986,2016-04-18 06:00:00.000,0
4445114986,2016-04-18 07:00:00.000,0
4445114986,2016-04-18 08:00:00.000,0
4445114986,2016-04-18 09:00:00.000,0
4445114986,2016-04-18 10:00:00.000,0
4445114986,2016-04-18 11:00:00.000,0
4445114986,2016-04-18 12:00:00.000,368
4445114986,2016-04-18 13:00:00.000,360
4445114986,2016-04-18 14:00:00.000,71
4445114986,2016-04-18 15:00:00.000,250
4445114986,2016-04-18 16:00:00.000,221
4445114986,2016-04-18 17:00:00.000,359
4445114986,2016-04-18 18:00:00.000,3367
4445114986,2016-04-18 19:00:00.000,137
4445114986,2016-04-18 20:00:00.000,140
4445114986,2016-04-18 21:00:00.000,327
4445114986,2016-04-18 22:00:00.000,428
4445114986,2016-04-18 23:00:00.000,127
4445114986,2016-04-19 00:00:00.000,102
4445114986,2016-04-19 01:00:00.000,111
4445114986,2016-04-19 02:00:00.000,10
4445114986,2016-04-19 03:00:00.000,9
4445114986,2016-04-19 04:00:00.000,0
4445114986,2016-04-19 05:00:00.000,0
4445114986,2016-04-19 06:00:00.000,11
4445114986,2016-04-19 07:00:00.000,0
4445114986,2016-04-19 08:00:00.000,33
4445114986,2016-04-19 09:00:00.000,12
4445114986,2016-04-19 10:00:00.000,0
4445114986,2016-04-19 11:00:00.000,232
4445114986,2016-04-19 12:00:00.000,300
4445114986,2016-04-19 13:00:00.000,179
4445114986,2016-04-19 14:00:00.000,59
4445114986,2016-04-19 15:00:00.000,138
4445114986,2016-04-19 16:00:00.000,82
4445114986,2016-04-19 17:00:00.000,27
4445114986,2016-04-19 18:00:00.000,82
4445114986,2016-04-19 19:00:00.000,64
4445114986,2016-04-19 20:00:00.000,352
4445114986,2016-04-19 21:00:00.000,190
4445114986,2016-04-19 22:00:00.000,71
4445114986,2016-04-19 23:00:00.000,0
4445114986,2016-04-20 00:00:00.000,0
4445114986,2016-04-20 01:00:00.000,0
4445114986,2016-04-20 02:00:00.000,94
4445114986,2016-04-20 03:00:00.000,0
4445114986,2016-04-20 04:00:00.000,0
4445114986,2016-04-20 05:00:00.000,0
4445114986,2016-04-20 06:00:00.000,0
4445114986,2016-04-20 07:00:00.000,0
4445114986,2016-04-20 08:00:00.000,22
4445114986,2016-04-20 09:00:00.000,0
4445114986,2016-04-20 10:00:00.000,0
4445114986,2016-04-20 11:00:00.000,130
4445114986,2016-04-20 12:00:00.000,104
4445114986,2016-04-20 13:00:00.000,199
4445114986,2016-04-20 14:00:00.000,265
4445114986,2016-04-20 15:00:00.000,69
4445114986,2016-04-20 16:00:00.000,655
4445114986,2016-04-20 17:00:00.000,71
4445114986,2016-04-20 18:00:00.000,99
4445114986,2016-04-20 19:00:00.000,75
4445114986,2016-04-20 20:00:00.000,59
4445114986,2016-04-20 21:00:00.000,63
4445114986,2016-04-20 22:00:00.000,167
4445114986,2016-04-20 23:00:00.000,0
4445114986,2016-04-21 00:00:00.000,0
4445114986,2016-04-21 01:00:00.000,0
4445114986,2016-04-21 02:00:00.000,29
4445114986,2016-04-21 03:00:00.000,0
4445114986,2016-04-21 04:00:00.000,0
4445114986,2016-04-21 05:00:00.000,0
4445114986,2016-04-21 06:00:00.000,45
4445114986,2016-04-21 07:00:00.000,13
4445114986,2016-04-21 08:00:00.000,10
4445114986,2016-04-21 09:00:00.000,7
4445114986,2016-04-21 10:00:00.000,9
4445114986,2016-04-21 11:00:00.000,0
4445114986,2016-04-21 12:00:00.000,190
4445114986,2016-04-21 13:00:00.000,666
4445114986,2016-04-21 14:00:00.000,423
4445114986,2016-04-21 15:00:00.000,562
4445114986,2016-04-21 16:00:00.000,209
4445114986,2016-04-21 17:00:00.000,309
4445114986,2016-04-21 18:00:00.000,444
4445114986,2016-04-21 19:00:00.000,106
4445114986,2016-04-21 20:00:00.000,327
4445114986,2016-04-21 21:00:00.000,158
4445114986,2016-04-21 22:00:00.000,182
4445114986,2016-04-21 23:00:00.000,100
4445114986,2016-04-22 00:00:00.000,112
4445114986,2016-04-22 01:00:00.000,107
4445114986,2016-04-22 02:00:00.000,206
4445114986,2016-04-22 03:00:00.000,8
4445114986,2016-04-22 04:00:00.000,0
4445114986,2016-04-22 05:00:00.000,0
4445114986,2016-04-22 06:00:00.000,62
4445114986,2016-04-22 07:00:00.000,0
4445114986,2016-04-22 08:00:00.000,0
4445114986,2016-04-22 09:00:00.000,8
4445114986,2016-04-22 10:00:00.000,48
4445114986,2016-04-22 11:00:00.000,467
4445114986,2016-04-22 12:00:00.000,815
4445114986,2016-04-22 13:00:00.000,330
4445114986,2016-04-22 14:00:00.000,109
4445114986,2016-04-22 15:00:00.000,262
4445114986,2016-04-22 16:00:00.000,200
4445114986,2016-04-22 17:00:00.000,451
4445114986,2016-04-22 18:00:00.000,491
4445114986,2016-04-22 19:00:00.000,1175
4445114986,2016-04-22 20:00:00.000,487
4445114986,2016-04-22 21:00:00.000,550
4445114986,2016-04-22 22:00:00.000,444
4445114986,2016-04-22 23:00:00.000,499
4445114986,2016-04-23 00:00:00.000,0
4445114986,2016-04-23 01:00:00.000,0
4445114986,2016-04-23 02:00:00.000,0
4445114986,2016-04-23 03:00:00.000,0
4445114986,2016-04-23 04:00:00.000,0
4445114986,2016-04-23 05:00:00.000,0
4445114986,2016-04-23 06:00:00.000,0
4445114986,2016-04-23 07:00:00.000,0
4445114986,2016-04-23 08:00:00.000,0
4445114986,2016-04-23 09:00:00.000,0
4445114986,2016-04-23 10:00:00.000,0
4445114986,2016-04-23 11:00:00.000,0
4445114986,2016-04-23 12:00:00.000,210
4445114986,2016-04-23 13:00:00.000,864
4445114986,2016-04-23 14:00:00.000,408
4445114986,2016-04-23 15:00:00.000,39
4445114986,2016-04-23 16:00:00.000,193
4445114986,2016-04-23 17:00:00.000,235
4445114986,2016-04-23 18:00:00.000,520
4445114986,2016-04-23 19:00:00.000,561
4445114986,2016-04-23 20:00:00.000,266
4445114986,2016-04-23 21:00:00.000,413
4445114986,2016-04-23 22:00:00.000,511
4445114986,2016-04-23 23:00:00.000,143
4445114986,2016-04-24 00:00:00.000,148
4445114986,2016-04-24 01:00:00.000,232
4445114986,2016-04-24 02:00:00.000,80
4445114986,2016-04-24 03:00:00.000,0
4445114986,2016-04-24 04:00:00.000,0
4445114986,2016-04-24 05:00:00.000,0
4445114986,2016-04-24 06:00:00.000,0
4445114986,2016-04-24 07:00:00.000,0
4445114986,2016-04-24 08:00:00.000,0
4445114986,2016-04-24 09:00:00.000,693
4445114986,2016-04-24 10:00:00.000,303
4445114986,2016-04-24 11:00:00.000,644
4445114986,2016-04-24 12:00:00.000,223
4445114986,2016-04-24 13:00:00.000,113
4445114986,2016-04-24 14:00:00.000,88
4445114986,2016-04-24 15:00:00.000,299
4445114986,2016-04-24 16:00:00.000,425
4445114986,2016-04-24 17:00:00.000,579
4445114986,2016-04-24 18:00:00.000,324
4445114986,2016-04-24 19:00:00.000,494
4445114986,2016-04-24 20:00:00.000,230
4445114986,2016-04-24 21:00:00.000,80
4445114986,2016-04-24 22:00:00.000,0
4445114986,2016-04-24 23:00:00.000,47
4445114986,2016-04-25 00:00:00.000,99
4445114986,2016-04-25 01:00:00.000,83
4445114986,2016-04-25 02:00:00.000,0
4445114986,2016-04-25 03:00:00.000,0
4445114986,2016-04-25 04:00:00.000,8
4445114986,2016-04-25 05:00:00.000,76
4445114986,2016-04-25 06:00:00.000,0
4445114986,2016-04-25 07:00:00.000,53
4445114986,2016-04-25 08:00:00.000,8
4445114986,2016-04-25 09:00:00.000,0
4445114986,2016-04-25 10:00:00.000,0
4445114986,2016-04-25 11:00:00.000,0
4445114986,2016-04-25 12:00:00.000,0
4445114986,2016-04-25 13:00:00.000,0
4445114986,2016-04-25 14:00:00.000,340
4445114986,2016-04-25 15:00:00.000,248
4445114986,2016-04-25 16:00:00.000,360
4445114986,2016-04-25 17:00:00.000,595
4445114986,2016-04-25 18:00:00.000,94
4445114986,2016-04-25 19:00:00.000,428
4445114986,2016-04-25 20:00:00.000,147
4445114986,2016-04-25 21:00:00.000,158
4445114986,2016-04-25 22:00:00.000,386
4445114986,2016-04-25 23:00:00.000,302
4445114986,2016-04-26 00:00:00.000,0
4445114986,2016-04-26 01:00:00.000,186
4445114986,2016-04-26 02:00:00.000,0
4445114986,2016-04-26 03:00:00.000,0
4445114986,2016-04-26 04:00:00.000,10
4445114986,2016-04-26 05:00:00.000,17
4445114986,2016-04-26 06:00:00.000,0
4445114986,2016-04-26 07:00:00.000,19
4445114986,2016-04-26 08:00:00.000,0
4445114986,2016-04-26 09:00:00.000,0
4445114986,2016-04-26 10:00:00.000,119
4445114986,2016-04-26 11:00:00.000,374
4445114986,2016-04-26 12:00:00.000,355
4445114986,2016-04-26 13:00:00.000,265
4445114986,2016-04-26 14:00:00.000,151
4445114986,2016-04-26 15:00:00.000,159
4445114986,2016-04-26 16:00:00.000,10
4445114986,2016-04-26 17:00:00.000,180
4445114986,2016-04-26 18:00:00.000,357
4445114986,2016-04-26 19:00:00.000,3567
4445114986,2016-04-26 20:00:00.000,81
4445114986,2016-04-26 21:00:00.000,13
4445114986,2016-04-26 22:00:00.000,95
4445114986,2016-04-26 23:00:00.000,368
4445114986,2016-04-27 00:00:00.000,7
4445114986,2016-04-27 01:00:00.000,62
4445114986,2016-04-27 02:00:00.000,103
4445114986,2016-04-27 03:00:00.000,17
4445114986,2016-04-27 04:00:00.000,0
4445114986,2016-04-27 05:00:00.000,23
4445114986,2016-04-27 06:00:00.000,12
4445114986,2016-04-27 07:00:00.000,0
4445114986,2016-04-27 08:00:00.000,0
4445114986,2016-04-27 09:00:00.000,0
4445114986,2016-04-27 10:00:00.000,42
4445114986,2016-04-27 11:00:00.000,58
4445114986,2016-04-27 12:00:00.000,392
4445114986,2016-04-27 13:00:00.000,197
4445114986,2016-04-27 14:00:00.000,92
4445114986,2016-04-27 15:00:00.000,129
4445114986,2016-04-27 16:00:00.000,326
4445114986,2016-04-27 17:00:00.000,318
4445114986,2016-04-27 18:00:00.000,3941
4445114986,2016-04-27 19:00:00.000,405
4445114986,2016-04-27 20:00:00.000,218
4445114986,2016-04-27 21:00:00.000,420
4445114986,2016-04-27 22:00:00.000,54
4445114986,2016-04-27 23:00:00.000,427
4445114986,2016-04-28 00:00:00.000,0
4445114986,2016-04-28 01:00:00.000,183
4445114986,2016-04-28 02:00:00.000,38
4445114986,2016-04-28 03:00:00.000,13
4445114986,2016-04-28 04:00:00.000,24
4445114986,2016-04-28 05:00:00.000,0
4445114986,2016-04-28 06:00:00.000,0
4445114986,2016-04-28 07:00:00.000,7
4445114986,2016-04-28 08:00:00.000,7
4445114986,2016-04-28 09:00:00.000,0
4445114986,2016-04-28 10:00:00.000,6
4445114986,2016-04-28 11:00:00.000,270
4445114986,2016-04-28 12:00:00.000,387
4445114986,2016-04-28 13:00:00.000,110
4445114986,2016-04-28 14:00:00.000,443
4445114986,2016-04-28 15:00:00.000,455
4445114986,2016-04-28 16:00:00.000,496
4445114986,2016-04-28 17:00:00.000,10
4445114986,2016-04-28 18:00:00.000,469
4445114986,2016-04-28 19:00:00.000,595
4445114986,2016-04-28 20:00:00.000,226
4445114986,2016-04-28 21:00:00.000,134
4445114986,2016-04-28 22:00:00.000,323
4445114986,2016-04-28 23:00:00.000,297
4445114986,2016-04-29 00:00:00.000,0
4445114986,2016-04-29 01:00:00.000,80
4445114986,2016-04-29 02:00:00.000,0
4445114986,2016-04-29 03:00:00.000,0
4445114986,2016-04-29 04:00:00.000,95
4445114986,2016-04-29 05:00:00.000,0
4445114986,2016-04-29 06:00:00.000,0
4445114986,2016-04-29 07:00:00.000,42
4445114986,2016-04-29 08:00:00.000,18
4445114986,2016-04-29 09:00:00.000,0
4445114986,2016-04-29 10:00:00.000,0
4445114986,2016-04-29 11:00:00.000,0
4445114986,2016-04-29 12:00:00.000,0
4445114986,2016-04-29 13:00:00.000,237
4445114986,2016-04-29 14:00:00.000,145
4445114986,2016-04-29 15:00:00.000,148
4445114986,2016-04-29 16:00:00.000,468
4445114986,2016-04-29 17:00:00.000,661
4445114986,2016-04-29 18:00:00.000,614
4445114986,2016-04-29 19:00:00.000,207
4445114986,2016-04-29 20:00:00.000,369
4445114986,2016-04-29 21:00:00.000,341
4445114986,2016-04-29 22:00:00.000,612
4445114986,2016-04-29 23:00:00.000,621
4445114986,2016-04-30 00:00:00.000,165
4445114986,2016-04-30 01:00:00.000,67
4445114986,2016-04-30 02:00:00.000,0
4445114986,2016-04-30 03:00:00.000,0
4445114986,2016-04-30 04:00:00.000,0
4445114986,2016-04-30 05:00:00.000,23
4445114986,2016-04-30 06:00:00.000,0
4445114986,2016-04-30 07:00:00.000,0
4445114986,2016-04-30 08:00:00.000,427
4445114986,2016-04-30 09:00:00.000,363
4445114986,2016-04-30 10:00:00.000,78
4445114986,2016-04-30 11:00:00.000,136
4445114986,2016-04-30 12:00:00.000,415
4445114986,2016-04-30 13:00:00.000,464
4445114986,2016-04-30 14:00:00.000,40
4445114986,2016-04-30 15:00:00.000,786
4445114986,2016-04-30 16:00:00.000,707
4445114986,2016-04-30 17:00:00.000,597
4445114986,2016-04-30 18:00:00.000,551
4445114986,2016-04-30 19:00:00.000,643
4445114986,2016-04-30 20:00:00.000,38
4445114986,2016-04-30 21:00:00.000,112
4445114986,2016-04-30 22:00:00.000,384
4445114986,2016-04-30 23:00:00.000,226
4445114986,2016-01-05 00:00:00.000,125
4445114986,2016-01-05 01:00:00.000,22
4445114986,2016-01-05 02:00:00.000,0
4445114986,2016-01-05 03:00:00.000,0
4445114986,2016-01-05 04:00:00.000,0
4445114986,2016-01-05 05:00:00.000,0
4445114986,2016-01-05 06:00:00.000,0
4445114986,2016-01-05 07:00:00.000,35
4445114986,2016-01-05 08:00:00.000,47
4445114986,2016-01-05 09:00:00.000,14
4445114986,2016-01-05 10:00:00.000,8
4445114986,2016-01-05 11:00:00.000,46
4445114986,2016-01-05 12:00:00.000,269
4445114986,2016-01-05 13:00:00.000,791
4445114986,2016-01-05 14:00:00.000,414
4445114986,2016-01-05 15:00:00.000,1298
4445114986,2016-01-05 16:00:00.000,222
4445114986,2016-01-05 17:00:00.000,316
4445114986,2016-01-05 18:00:00.000,110
4445114986,2016-01-05 19:00:00.000,459
4445114986,2016-01-05 20:00:00.000,289
4445114986,2016-01-05 21:00:00.000,213
4445114986,2016-01-05 22:00:00.000,379
4445114986,2016-01-05 23:00:00.000,175
4445114986,2016-02-05 00:00:00.000,0
4445114986,2016-02-05 01:00:00.000,52
4445114986,2016-02-05 02:00:00.000,12
4445114986,2016-02-05 03:00:00.000,0
4445114986,2016-02-05 04:00:00.000,11
4445114986,2016-02-05 05:00:00.000,0
4445114986,2016-02-05 06:00:00.000,0
4445114986,2016-02-05 07:00:00.000,0
4445114986,2016-02-05 08:00:00.000,54
4445114986,2016-02-05 09:00:00.000,0
4445114986,2016-02-05 10:00:00.000,9
4445114986,2016-02-05 11:00:00.000,71
4445114986,2016-02-05 12:00:00.000,432
4445114986,2016-02-05 13:00:00.000,256
4445114986,2016-02-05 14:00:00.000,277
4445114986,2016-02-05 15:00:00.000,202
4445114986,2016-02-05 16:00:00.000,172
4445114986,2016-02-05 17:00:00.000,15
4445114986,2016-02-05 18:00:00.000,3764
4445114986,2016-02-05 19:00:00.000,264
4445114986,2016-02-05 20:00:00.000,483
4445114986,2016-02-05 21:00:00.000,420
4445114986,2016-02-05 22:00:00.000,218
4445114986,2016-02-05 23:00:00.000,198
4445114986,2016-03-05 00:00:00.000,0
4445114986,2016-03-05 01:00:00.000,78
4445114986,2016-03-05 02:00:00.000,0
4445114986,2016-03-05 03:00:00.000,0
4445114986,2016-03-05 04:00:00.000,0
4445114986,2016-03-05 05:00:00.000,0
4445114986,2016-03-05 06:00:00.000,0
4445114986,2016-03-05 07:00:00.000,6
4445114986,2016-03-05 08:00:00.000,246
4445114986,2016-03-05 09:00:00.000,93
4445114986,2016-03-05 10:00:00.000,7
4445114986,2016-03-05 11:00:00.000,29
4445114986,2016-03-05 12:00:00.000,227
4445114986,2016-03-05 13:00:00.000,514
4445114986,2016-03-05 14:00:00.000,188
4445114986,2016-03-05 15:00:00.000,533
4445114986,2016-03-05 16:00:00.000,468
4445114986,2016-03-05 17:00:00.000,37
4445114986,2016-03-05 18:00:00.000,3955
4445114986,2016-03-05 19:00:00.000,245
4445114986,2016-03-05 20:00:00.000,185
4445114986,2016-03-05 21:00:00.000,337
4445114986,2016-03-05 22:00:00.000,215
4445114986,2016-03-05 23:00:00.000,139
4445114986,2016-04-05 00:00:00.000,92
4445114986,2016-04-05 01:00:00.000,45
4445114986,2016-04-05 02:00:00.000,31
4445114986,2016-04-05 03:00:00.000,0
4445114986,2016-04-05 04:00:00.000,0
4445114986,2016-04-05 05:00:00.000,10
4445114986,2016-04-05 06:00:00.000,54
4445114986,2016-04-05 07:00:00.000,25
4445114986,2016-04-05 08:00:00.000,0
4445114986,2016-04-05 09:00:00.000,0
4445114986,2016-04-05 10:00:00.000,14
4445114986,2016-04-05 11:00:00.000,28
4445114986,2016-04-05 12:00:00.000,207
4445114986,2016-04-05 13:00:00.000,110
4445114986,2016-04-05 14:00:00.000,38
4445114986,2016-04-05 15:00:00.000,232
4445114986,2016-04-05 16:00:00.000,133
4445114986,2016-04-05 17:00:00.000,173
4445114986,2016-04-05 18:00:00.000,400
4445114986,2016-04-05 19:00:00.000,737
4445114986,2016-04-05 20:00:00.000,122
4445114986,2016-04-05 21:00:00.000,144
4445114986,2016-04-05 22:00:00.000,30
4445114986,2016-04-05 23:00:00.000,298
4445114986,2016-05-05 00:00:00.000,9
4445114986,2016-05-05 01:00:00.000,74
4445114986,2016-05-05 02:00:00.000,0
4445114986,2016-05-05 03:00:00.000,0
4445114986,2016-05-05 04:00:00.000,0
4445114986,2016-05-05 05:00:00.000,14
4445114986,2016-05-05 06:00:00.000,0
4445114986,2016-05-05 07:00:00.000,44
4445114986,2016-05-05 08:00:00.000,21
4445114986,2016-05-05 09:00:00.000,0
4445114986,2016-05-05 10:00:00.000,0
4445114986,2016-05-05 11:00:00.000,0
4445114986,2016-05-05 12:00:00.000,210
4445114986,2016-05-05 13:00:00.000,96
4445114986,2016-05-05 14:00:00.000,530
4445114986,2016-05-05 15:00:00.000,172
4445114986,2016-05-05 16:00:00.000,842
4445114986,2016-05-05 17:00:00.000,454
4445114986,2016-05-05 18:00:00.000,125
4445114986,2016-05-05 19:00:00.000,372
4445114986,2016-05-05 20:00:00.000,0
4445114986,2016-05-05 21:00:00.000,349
4445114986,2016-05-05 22:00:00.000,244
4445114986,2016-05-05 23:00:00.000,244
4445114986,2016-06-05 00:00:00.000,33
4445114986,2016-06-05 01:00:00.000,111
4445114986,2016-06-05 02:00:00.000,7
4445114986,2016-06-05 03:00:00.000,44
4445114986,2016-06-05 04:00:00.000,12
4445114986,2016-06-05 05:00:00.000,0
4445114986,2016-06-05 06:00:00.000,0
4445114986,2016-06-05 07:00:00.000,86
4445114986,2016-06-05 08:00:00.000,447
4445114986,2016-06-05 09:00:00.000,22
4445114986,2016-06-05 10:00:00.000,11
4445114986,2016-06-05 11:00:00.000,58
4445114986,2016-06-05 12:00:00.000,341
4445114986,2016-06-05 13:00:00.000,377
4445114986,2016-06-05 14:00:00.000,150
4445114986,2016-06-05 15:00:00.000,104
4445114986,2016-06-05 16:00:00.000,133
4445114986,2016-06-05 17:00:00.000,340
4445114986,2016-06-05 18:00:00.000,669
4445114986,2016-06-05 19:00:00.000,597
4445114986,2016-06-05 20:00:00.000,233
4445114986,2016-06-05 21:00:00.000,10
4445114986,2016-06-05 22:00:00.000,162
4445114986,2016-06-05 23:00:00.000,567
4445114986,2016-07-05 00:00:00.000,201
4445114986,2016-07-05 01:00:00.000,165
4445114986,2016-07-05 02:00:00.000,55
4445114986,2016-07-05 03:00:00.000,0
4445114986,2016-07-05 04:00:00.000,0
4445114986,2016-07-05 05:00:00.000,0
4445114986,2016-07-05 06:00:00.000,15
4445114986,2016-07-05 07:00:00.000,7
4445114986,2016-07-05 08:00:00.000,0
4445114986,2016-07-05 09:00:00.000,270
4445114986,2016-07-05 10:00:00.000,3403
4445114986,2016-07-05 11:00:00.000,0
4445114986,2016-07-05 12:00:00.000,0
4445114986,2016-07-05 13:00:00.000,0
4445114986,2016-07-05 14:00:00.000,14
4445114986,2016-07-05 15:00:00.000,0
4445114986,2016-07-05 16:00:00.000,0
4445114986,2016-07-05 17:00:00.000,154
4445114986,2016-07-05 18:00:00.000,359
4445114986,2016-07-05 19:00:00.000,138
4445114986,2016-07-05 20:00:00.000,155
4445114986,2016-07-05 21:00:00.000,41
4445114986,2016-07-05 22:00:00.000,190
4445114986,2016-07-05 23:00:00.000,0
4445114986,2016-08-05 00:00:00.000,0
4445114986,2016-08-05 01:00:00.000,0
4445114986,2016-08-05 02:00:00.000,0
4445114986,2016-08-05 03:00:00.000,0
4445114986,2016-08-05 04:00:00.000,0
4445114986,2016-08-05 05:00:00.000,0
4445114986,2016-08-05 06:00:00.000,0
4445114986,2016-08-05 07:00:00.000,0
4445114986,2016-08-05 08:00:00.000,0
4445114986,2016-08-05 09:00:00.000,147
4445114986,2016-08-05 10:00:00.000,219
4445114986,2016-08-05 11:00:00.000,539
4445114986,2016-08-05 12:00:00.000,415
4445114986,2016-08-05 13:00:00.000,864
4445114986,2016-08-05 14:00:00.000,939
4445114986,2016-08-05 15:00:00.000,1217
4445114986,2016-08-05 16:00:00.000,630
4445114986,2016-08-05 17:00:00.000,765
4445114986,2016-08-05 18:00:00.000,238
4445114986,2016-08-05 19:00:00.000,692
4445114986,2016-08-05 20:00:00.000,378
4445114986,2016-08-05 21:00:00.000,42
4445114986,2016-08-05 22:00:00.000,191
4445114986,2016-08-05 23:00:00.000,27
4445114986,2016-09-05 00:00:00.000,4
4445114986,2016-09-05 01:00:00.000,10
4445114986,2016-09-05 02:00:00.000,8
4445114986,2016-09-05 03:00:00.000,11
4445114986,2016-09-05 04:00:00.000,0
4445114986,2016-09-05 05:00:00.000,0
4445114986,2016-09-05 06:00:00.000,40
4445114986,2016-09-05 07:00:00.000,18
4445114986,2016-09-05 08:00:00.000,0
4445114986,2016-09-05 09:00:00.000,18
4445114986,2016-09-05 10:00:00.000,341
4445114986,2016-09-05 11:00:00.000,839
4445114986,2016-09-05 12:00:00.000,96
4445114986,2016-09-05 13:00:00.000,411
4445114986,2016-09-05 14:00:00.000,522
4445114986,2016-09-05 15:00:00.000,135
4445114986,2016-09-05 16:00:00.000,232
4445114986,2016-09-05 17:00:00.000,160
4445114986,2016-09-05 18:00:00.000,127
4445114986,2016-09-05 19:00:00.000,336
4445114986,2016-09-05 20:00:00.000,839
4445114986,2016-09-05 21:00:00.000,479
4445114986,2016-09-05 22:00:00.000,402
4445114986,2016-09-05 23:00:00.000,247
4445114986,2016-10-05 00:00:00.000,106
4445114986,2016-10-05 01:00:00.000,46
4445114986,2016-10-05 02:00:00.000,32
4445114986,2016-10-05 03:00:00.000,0
4445114986,2016-10-05 04:00:00.000,0
4445114986,2016-10-05 05:00:00.000,39
4445114986,2016-10-05 06:00:00.000,0
4445114986,2016-10-05 07:00:00.000,6
4445114986,2016-10-05 08:00:00.000,86
4445114986,2016-10-05 09:00:00.000,16
4445114986,2016-10-05 10:00:00.000,79
4445114986,2016-10-05 11:00:00.000,189
4445114986,2016-10-05 12:00:00.000,238
4445114986,2016-10-05 13:00:00.000,365
4445114986,2016-10-05 14:00:00.000,157
4445114986,2016-10-05 15:00:00.000,148
4445114986,2016-10-05 16:00:00.000,430
4445114986,2016-10-05 17:00:00.000,265
4445114986,2016-10-05 18:00:00.000,564
4445114986,2016-10-05 19:00:00.000,407
4445114986,2016-10-05 20:00:00.000,79
4445114986,2016-10-05 21:00:00.000,163
4445114986,2016-10-05 22:00:00.000,330
4445114986,2016-10-05 23:00:00.000,170
4445114986,2016-11-05 00:00:00.000,51
4445114986,2016-11-05 01:00:00.000,56
4445114986,2016-11-05 02:00:00.000,0
4445114986,2016-11-05 03:00:00.000,0
4445114986,2016-11-05 04:00:00.000,11
4445114986,2016-11-05 05:00:00.000,16
4445114986,2016-11-05 06:00:00.000,0
4445114986,2016-11-05 07:00:00.000,0
4445114986,2016-11-05 08:00:00.000,0
4445114986,2016-11-05 09:00:00.000,0
4445114986,2016-11-05 10:00:00.000,253
4445114986,2016-11-05 11:00:00.000,0
4445114986,2016-11-05 12:00:00.000,258
4445114986,2016-11-05 13:00:00.000,4379
4445114986,2016-11-05 14:00:00.000,890
4445114986,2016-11-05 15:00:00.000,79
4445114986,2016-11-05 16:00:00.000,339
4445114986,2016-11-05 17:00:00.000,214
4445114986,2016-11-05 18:00:00.000,318
4445114986,2016-11-05 19:00:00.000,445
4445114986,2016-11-05 20:00:00.000,487
4445114986,2016-11-05 21:00:00.000,389
4445114986,2016-11-05 22:00:00.000,188
4445114986,2016-11-05 23:00:00.000,732
4445114986,2016-12-05 00:00:00.000,0
4445114986,2016-12-05 01:00:00.000,11
4445114986,2016-12-05 02:00:00.000,0
4445114986,2016-12-05 03:00:00.000,8
4445114986,2016-12-05 04:00:00.000,29
4445114986,2016-12-05 05:00:00.000,0
4445114986,2016-12-05 06:00:00.000,0
4445114986,2016-12-05 07:00:00.000,16
4445114986,2016-12-05 08:00:00.000,0
4445114986,2016-12-05 09:00:00.000,0
4445114986,2016-12-05 10:00:00.000,180
4445114986,2016-12-05 11:00:00.000,142
4445114986,2016-12-05 12:00:00.000,98
4445114986,2016-12-05 13:00:00.000,51
4445114986,2016-12-05 14:00:00.000,152
4558609924,2016-12-04 00:00:00.000,0
4558609924,2016-12-04 01:00:00.000,0
4558609924,2016-12-04 02:00:00.000,0
4558609924,2016-12-04 03:00:00.000,0
4558609924,2016-12-04 04:00:00.000,0
4558609924,2016-12-04 05:00:00.000,0
4558609924,2016-12-04 06:00:00.000,151
4558609924,2016-12-04 07:00:00.000,208
4558609924,2016-12-04 08:00:00.000,163
4558609924,2016-12-04 09:00:00.000,514
4558609924,2016-12-04 10:00:00.000,526
4558609924,2016-12-04 11:00:00.000,397
4558609924,2016-12-04 12:00:00.000,230
4558609924,2016-12-04 13:00:00.000,277
4558609924,2016-12-04 14:00:00.000,561
4558609924,2016-12-04 15:00:00.000,24
4558609924,2016-12-04 16:00:00.000,684
4558609924,2016-12-04 17:00:00.000,402
4558609924,2016-12-04 18:00:00.000,398
4558609924,2016-12-04 19:00:00.000,161
4558609924,2016-12-04 20:00:00.000,148
4558609924,2016-12-04 21:00:00.000,146
4558609924,2016-12-04 22:00:00.000,145
4558609924,2016-12-04 23:00:00.000,0
4558609924,2016-04-13 00:00:00.000,0
4558609924,2016-04-13 01:00:00.000,0
4558609924,2016-04-13 02:00:00.000,0
4558609924,2016-04-13 03:00:00.000,0
4558609924,2016-04-13 04:00:00.000,0
4558609924,2016-04-13 05:00:00.000,0
4558609924,2016-04-13 06:00:00.000,0
4558609924,2016-04-13 07:00:00.000,0
4558609924,2016-04-13 08:00:00.000,0
4558609924,2016-04-13 09:00:00.000,0
4558609924,2016-04-13 10:00:00.000,0
4558609924,2016-04-13 11:00:00.000,272
4558609924,2016-04-13 12:00:00.000,701
4558609924,2016-04-13 13:00:00.000,316
4558609924,2016-04-13 14:00:00.000,292
4558609924,2016-04-13 15:00:00.000,113
4558609924,2016-04-13 16:00:00.000,1957
4558609924,2016-04-13 17:00:00.000,1303
4558609924,2016-04-13 18:00:00.000,24
4558609924,2016-04-13 19:00:00.000,0
4558609924,2016-04-13 20:00:00.000,0
4558609924,2016-04-13 21:00:00.000,0
4558609924,2016-04-13 22:00:00.000,0
4558609924,2016-04-13 23:00:00.000,0
4558609924,2016-04-14 00:00:00.000,0
4558609924,2016-04-14 01:00:00.000,0
4558609924,2016-04-14 02:00:00.000,0
4558609924,2016-04-14 03:00:00.000,0
4558609924,2016-04-14 04:00:00.000,0
4558609924,2016-04-14 05:00:00.000,0
4558609924,2016-04-14 06:00:00.000,0
4558609924,2016-04-14 07:00:00.000,0
4558609924,2016-04-14 08:00:00.000,0
4558609924,2016-04-14 09:00:00.000,622
4558609924,2016-04-14 10:00:00.000,280
4558609924,2016-04-14 11:00:00.000,238
4558609924,2016-04-14 12:00:00.000,528
4558609924,2016-04-14 13:00:00.000,688
4558609924,2016-04-14 14:00:00.000,1032
4558609924,2016-04-14 15:00:00.000,71
4558609924,2016-04-14 16:00:00.000,984
4558609924,2016-04-14 17:00:00.000,966
4558609924,2016-04-14 18:00:00.000,216
4558609924,2016-04-14 19:00:00.000,431
4558609924,2016-04-14 20:00:00.000,576
4558609924,2016-04-14 21:00:00.000,112
4558609924,2016-04-14 22:00:00.000,55
4558609924,2016-04-14 23:00:00.000,0
4558609924,2016-04-15 00:00:00.000,0
4558609924,2016-04-15 01:00:00.000,0
4558609924,2016-04-15 02:00:00.000,0
4558609924,2016-04-15 03:00:00.000,0
4558609924,2016-04-15 04:00:00.000,0
4558609924,2016-04-15 05:00:00.000,0
4558609924,2016-04-15 06:00:00.000,0
4558609924,2016-04-15 07:00:00.000,0
4558609924,2016-04-15 08:00:00.000,110
4558609924,2016-04-15 09:00:00.000,269
4558609924,2016-04-15 10:00:00.000,411
4558609924,2016-04-15 11:00:00.000,468
4558609924,2016-04-15 12:00:00.000,459
4558609924,2016-04-15 13:00:00.000,1578
4558609924,2016-04-15 14:00:00.000,962
4558609924,2016-04-15 15:00:00.000,237
4558609924,2016-04-15 16:00:00.000,414
4558609924,2016-04-15 17:00:00.000,932
4558609924,2016-04-15 18:00:00.000,259
4558609924,2016-04-15 19:00:00.000,1238
4558609924,2016-04-15 20:00:00.000,234
4558609924,2016-04-15 21:00:00.000,10
4558609924,2016-04-15 22:00:00.000,150
4558609924,2016-04-15 23:00:00.000,64
4558609924,2016-04-16 00:00:00.000,89
4558609924,2016-04-16 01:00:00.000,0
4558609924,2016-04-16 02:00:00.000,11
4558609924,2016-04-16 03:00:00.000,0
4558609924,2016-04-16 04:00:00.000,0
4558609924,2016-04-16 05:00:00.000,0
4558609924,2016-04-16 06:00:00.000,0
4558609924,2016-04-16 07:00:00.000,0
4558609924,2016-04-16 08:00:00.000,0
4558609924,2016-04-16 09:00:00.000,270
4558609924,2016-04-16 10:00:00.000,604
4558609924,2016-04-16 11:00:00.000,128
4558609924,2016-04-16 12:00:00.000,514
4558609924,2016-04-16 13:00:00.000,464
4558609924,2016-04-16 14:00:00.000,917
4558609924,2016-04-16 15:00:00.000,573
4558609924,2016-04-16 16:00:00.000,465
4558609924,2016-04-16 17:00:00.000,279
4558609924,2016-04-16 18:00:00.000,364
4558609924,2016-04-16 19:00:00.000,2036
4558609924,2016-04-16 20:00:00.000,384
4558609924,2016-04-16 21:00:00.000,30
4558609924,2016-04-16 22:00:00.000,29
4558609924,2016-04-16 23:00:00.000,108
4558609924,2016-04-17 00:00:00.000,32
4558609924,2016-04-17 01:00:00.000,0
4558609924,2016-04-17 02:00:00.000,0
4558609924,2016-04-17 03:00:00.000,0
4558609924,2016-04-17 04:00:00.000,0
4558609924,2016-04-17 05:00:00.000,0
4558609924,2016-04-17 06:00:00.000,0
4558609924,2016-04-17 07:00:00.000,0
4558609924,2016-04-17 08:00:00.000,0
4558609924,2016-04-17 09:00:00.000,360
4558609924,2016-04-17 10:00:00.000,661
4558609924,2016-04-17 11:00:00.000,2127
4558609924,2016-04-17 12:00:00.000,2483
4558609924,2016-04-17 13:00:00.000,258
4558609924,2016-04-17 14:00:00.000,717
4558609924,2016-04-17 15:00:00.000,246
4558609924,2016-04-17 16:00:00.000,336
4558609924,2016-04-17 17:00:00.000,800
4558609924,2016-04-17 18:00:00.000,45
4558609924,2016-04-17 19:00:00.000,659
4558609924,2016-04-17 20:00:00.000,272
4558609924,2016-04-17 21:00:00.000,349
4558609924,2016-04-17 22:00:00.000,284
4558609924,2016-04-17 23:00:00.000,5
4558609924,2016-04-18 00:00:00.000,0
4558609924,2016-04-18 01:00:00.000,0
4558609924,2016-04-18 02:00:00.000,0
4558609924,2016-04-18 03:00:00.000,0
4558609924,2016-04-18 04:00:00.000,0
4558609924,2016-04-18 05:00:00.000,0
4558609924,2016-04-18 06:00:00.000,0
4558609924,2016-04-18 07:00:00.000,120
4558609924,2016-04-18 08:00:00.000,401
4558609924,2016-04-18 09:00:00.000,329
4558609924,2016-04-18 10:00:00.000,292
4558609924,2016-04-18 11:00:00.000,893
4558609924,2016-04-18 12:00:00.000,309
4558609924,2016-04-18 13:00:00.000,487
4558609924,2016-04-18 14:00:00.000,243
4558609924,2016-04-18 15:00:00.000,292
4558609924,2016-04-18 16:00:00.000,3396
4558609924,2016-04-18 17:00:00.000,547
4558609924,2016-04-18 18:00:00.000,463
4558609924,2016-04-18 19:00:00.000,596
4558609924,2016-04-18 20:00:00.000,471
4558609924,2016-04-18 21:00:00.000,92
4558609924,2016-04-18 22:00:00.000,9
4558609924,2016-04-18 23:00:00.000,0
4558609924,2016-04-19 00:00:00.000,0
4558609924,2016-04-19 01:00:00.000,0
4558609924,2016-04-19 02:00:00.000,0
4558609924,2016-04-19 03:00:00.000,0
4558609924,2016-04-19 04:00:00.000,0
4558609924,2016-04-19 05:00:00.000,0
4558609924,2016-04-19 06:00:00.000,0
4558609924,2016-04-19 07:00:00.000,0
4558609924,2016-04-19 08:00:00.000,0
4558609924,2016-04-19 09:00:00.000,0
4558609924,2016-04-19 10:00:00.000,0
4558609924,2016-04-19 11:00:00.000,0
4558609924,2016-04-19 12:00:00.000,27
4558609924,2016-04-19 13:00:00.000,480
4558609924,2016-04-19 14:00:00.000,444
4558609924,2016-04-19 15:00:00.000,197
4558609924,2016-04-19 16:00:00.000,386
4558609924,2016-04-19 17:00:00.000,1134
4558609924,2016-04-19 18:00:00.000,503
4558609924,2016-04-19 19:00:00.000,882
4558609924,2016-04-19 20:00:00.000,501
4558609924,2016-04-19 21:00:00.000,278
4558609924,2016-04-19 22:00:00.000,539
4558609924,2016-04-19 23:00:00.000,30
4558609924,2016-04-20 00:00:00.000,29
4558609924,2016-04-20 01:00:00.000,0
4558609924,2016-04-20 02:00:00.000,0
4558609924,2016-04-20 03:00:00.000,0
4558609924,2016-04-20 04:00:00.000,0
4558609924,2016-04-20 05:00:00.000,0
4558609924,2016-04-20 06:00:00.000,0
4558609924,2016-04-20 07:00:00.000,0
4558609924,2016-04-20 08:00:00.000,0
4558609924,2016-04-20 09:00:00.000,0
4558609924,2016-04-20 10:00:00.000,69
4558609924,2016-04-20 11:00:00.000,442
4558609924,2016-04-20 12:00:00.000,305
4558609924,2016-04-20 13:00:00.000,442
4558609924,2016-04-20 14:00:00.000,315
4558609924,2016-04-20 15:00:00.000,252
4558609924,2016-04-20 16:00:00.000,190
4558609924,2016-04-20 17:00:00.000,453
4558609924,2016-04-20 18:00:00.000,723
4558609924,2016-04-20 19:00:00.000,640
4558609924,2016-04-20 20:00:00.000,499
4558609924,2016-04-20 21:00:00.000,100
4558609924,2016-04-20 22:00:00.000,139
4558609924,2016-04-20 23:00:00.000,205
4558609924,2016-04-21 00:00:00.000,58
4558609924,2016-04-21 01:00:00.000,0
4558609924,2016-04-21 02:00:00.000,11
4558609924,2016-04-21 03:00:00.000,0
4558609924,2016-04-21 04:00:00.000,0
4558609924,2016-04-21 05:00:00.000,0
4558609924,2016-04-21 06:00:00.000,0
4558609924,2016-04-21 07:00:00.000,188
4558609924,2016-04-21 08:00:00.000,1190
4558609924,2016-04-21 09:00:00.000,1096
4558609924,2016-04-21 10:00:00.000,1954
4558609924,2016-04-21 11:00:00.000,1449
4558609924,2016-04-21 12:00:00.000,1045
4558609924,2016-04-21 13:00:00.000,556
4558609924,2016-04-21 14:00:00.000,548
4558609924,2016-04-21 15:00:00.000,446
4558609924,2016-04-21 16:00:00.000,803
4558609924,2016-04-21 17:00:00.000,1498
4558609924,2016-04-21 18:00:00.000,1686
4558609924,2016-04-21 19:00:00.000,422
4558609924,2016-04-21 20:00:00.000,212
4558609924,2016-04-21 21:00:00.000,271
4558609924,2016-04-21 22:00:00.000,208
4558609924,2016-04-21 23:00:00.000,102
4558609924,2016-04-22 00:00:00.000,32
4558609924,2016-04-22 01:00:00.000,62
4558609924,2016-04-22 02:00:00.000,0
4558609924,2016-04-22 03:00:00.000,0
4558609924,2016-04-22 04:00:00.000,0
4558609924,2016-04-22 05:00:00.000,0
4558609924,2016-04-22 06:00:00.000,0
4558609924,2016-04-22 07:00:00.000,0
4558609924,2016-04-22 08:00:00.000,0
4558609924,2016-04-22 09:00:00.000,235
4558609924,2016-04-22 10:00:00.000,487
4558609924,2016-04-22 11:00:00.000,387
4558609924,2016-04-22 12:00:00.000,147
4558609924,2016-04-22 13:00:00.000,365
4558609924,2016-04-22 14:00:00.000,438
4558609924,2016-04-22 15:00:00.000,829
4558609924,2016-04-22 16:00:00.000,367
4558609924,2016-04-22 17:00:00.000,317
4558609924,2016-04-22 18:00:00.000,4688
4558609924,2016-04-22 19:00:00.000,73
4558609924,2016-04-22 20:00:00.000,520
4558609924,2016-04-22 21:00:00.000,173
4558609924,2016-04-22 22:00:00.000,454
4558609924,2016-04-22 23:00:00.000,27
4558609924,2016-04-23 00:00:00.000,489
4558609924,2016-04-23 01:00:00.000,56
4558609924,2016-04-23 02:00:00.000,0
4558609924,2016-04-23 03:00:00.000,0
4558609924,2016-04-23 04:00:00.000,0
4558609924,2016-04-23 05:00:00.000,0
4558609924,2016-04-23 06:00:00.000,0
4558609924,2016-04-23 07:00:00.000,0
4558609924,2016-04-23 08:00:00.000,0
4558609924,2016-04-23 09:00:00.000,385
4558609924,2016-04-23 10:00:00.000,269
4558609924,2016-04-23 11:00:00.000,145
4558609924,2016-04-23 12:00:00.000,187
4558609924,2016-04-23 13:00:00.000,387
4558609924,2016-04-23 14:00:00.000,1265
4558609924,2016-04-23 15:00:00.000,838
4558609924,2016-04-23 16:00:00.000,551
4558609924,2016-04-23 17:00:00.000,350
4558609924,2016-04-23 18:00:00.000,640
4558609924,2016-04-23 19:00:00.000,516
4558609924,2016-04-23 20:00:00.000,256
4558609924,2016-04-23 21:00:00.000,399
4558609924,2016-04-23 22:00:00.000,8
4558609924,2016-04-23 23:00:00.000,149
4558609924,2016-04-24 00:00:00.000,0
4558609924,2016-04-24 01:00:00.000,0
4558609924,2016-04-24 02:00:00.000,0
4558609924,2016-04-24 03:00:00.000,0
4558609924,2016-04-24 04:00:00.000,0
4558609924,2016-04-24 05:00:00.000,0
4558609924,2016-04-24 06:00:00.000,0
4558609924,2016-04-24 07:00:00.000,0
4558609924,2016-04-24 08:00:00.000,522
4558609924,2016-04-24 09:00:00.000,422
4558609924,2016-04-24 10:00:00.000,1081
4558609924,2016-04-24 11:00:00.000,420
4558609924,2016-04-24 12:00:00.000,1046
4558609924,2016-04-24 13:00:00.000,214
4558609924,2016-04-24 14:00:00.000,657
4558609924,2016-04-24 15:00:00.000,1136
4558609924,2016-04-24 16:00:00.000,484
4558609924,2016-04-24 17:00:00.000,563
4558609924,2016-04-24 18:00:00.000,401
4558609924,2016-04-24 19:00:00.000,395
4558609924,2016-04-24 20:00:00.000,219
4558609924,2016-04-24 21:00:00.000,239
4558609924,2016-04-24 22:00:00.000,271
4558609924,2016-04-24 23:00:00.000,483
4558609924,2016-04-25 00:00:00.000,98
4558609924,2016-04-25 01:00:00.000,54
4558609924,2016-04-25 02:00:00.000,0
4558609924,2016-04-25 03:00:00.000,0
4558609924,2016-04-25 04:00:00.000,0
4558609924,2016-04-25 05:00:00.000,0
4558609924,2016-04-25 06:00:00.000,0
4558609924,2016-04-25 07:00:00.000,0
4558609924,2016-04-25 08:00:00.000,0
4558609924,2016-04-25 09:00:00.000,359
4558609924,2016-04-25 10:00:00.000,476
4558609924,2016-04-25 11:00:00.000,289
4558609924,2016-04-25 12:00:00.000,272
4558609924,2016-04-25 13:00:00.000,499
4558609924,2016-04-25 14:00:00.000,570
4558609924,2016-04-25 15:00:00.000,670
4558609924,2016-04-25 16:00:00.000,1641
4558609924,2016-04-25 17:00:00.000,358
4558609924,2016-04-25 18:00:00.000,433
4558609924,2016-04-25 19:00:00.000,654
4558609924,2016-04-25 20:00:00.000,449
4558609924,2016-04-25 21:00:00.000,990
4558609924,2016-04-25 22:00:00.000,283
4558609924,2016-04-25 23:00:00.000,0
4558609924,2016-04-26 00:00:00.000,0
4558609924,2016-04-26 01:00:00.000,0
4558609924,2016-04-26 02:00:00.000,0
4558609924,2016-04-26 03:00:00.000,0
4558609924,2016-04-26 04:00:00.000,0
4558609924,2016-04-26 05:00:00.000,0
4558609924,2016-04-26 06:00:00.000,0
4558609924,2016-04-26 07:00:00.000,0
4558609924,2016-04-26 08:00:00.000,192
4558609924,2016-04-26 09:00:00.000,491
4558609924,2016-04-26 10:00:00.000,303
4558609924,2016-04-26 11:00:00.000,628
4558609924,2016-04-26 12:00:00.000,334
4558609924,2016-04-26 13:00:00.000,228
4558609924,2016-04-26 14:00:00.000,150
4558609924,2016-04-26 15:00:00.000,1319
4558609924,2016-04-26 16:00:00.000,152
4558609924,2016-04-26 17:00:00.000,2600
4558609924,2016-04-26 18:00:00.000,1500
4558609924,2016-04-26 19:00:00.000,124
4558609924,2016-04-26 20:00:00.000,651
4558609924,2016-04-26 21:00:00.000,187
4558609924,2016-04-26 22:00:00.000,64
4558609924,2016-04-26 23:00:00.000,225
4558609924,2016-04-27 00:00:00.000,72
4558609924,2016-04-27 01:00:00.000,0
4558609924,2016-04-27 02:00:00.000,0
4558609924,2016-04-27 03:00:00.000,0
4558609924,2016-04-27 04:00:00.000,0
4558609924,2016-04-27 05:00:00.000,0
4558609924,2016-04-27 06:00:00.000,0
4558609924,2016-04-27 07:00:00.000,0
4558609924,2016-04-27 08:00:00.000,0
4558609924,2016-04-27 09:00:00.000,263
4558609924,2016-04-27 10:00:00.000,601
4558609924,2016-04-27 11:00:00.000,242
4558609924,2016-04-27 12:00:00.000,598
4558609924,2016-04-27 13:00:00.000,233
4558609924,2016-04-27 14:00:00.000,201
4558609924,2016-04-27 15:00:00.000,720
4558609924,2016-04-27 16:00:00.000,264
4558609924,2016-04-27 17:00:00.000,346
4558609924,2016-04-27 18:00:00.000,3807
4558609924,2016-04-27 19:00:00.000,1113
4558609924,2016-04-27 20:00:00.000,602
4558609924,2016-04-27 21:00:00.000,351
4558609924,2016-04-27 22:00:00.000,144
4558609924,2016-04-27 23:00:00.000,0
4558609924,2016-04-28 00:00:00.000,0
4558609924,2016-04-28 01:00:00.000,0
4558609924,2016-04-28 02:00:00.000,0
4558609924,2016-04-28 03:00:00.000,0
4558609924,2016-04-28 04:00:00.000,0
4558609924,2016-04-28 05:00:00.000,0
4558609924,2016-04-28 06:00:00.000,480
4558609924,2016-04-28 07:00:00.000,840
4558609924,2016-04-28 08:00:00.000,875
4558609924,2016-04-28 09:00:00.000,770
4558609924,2016-04-28 10:00:00.000,566
4558609924,2016-04-28 11:00:00.000,515
4558609924,2016-04-28 12:00:00.000,459
4558609924,2016-04-28 13:00:00.000,797
4558609924,2016-04-28 14:00:00.000,565
4558609924,2016-04-28 15:00:00.000,821
4558609924,2016-04-28 16:00:00.000,1606
4558609924,2016-04-28 17:00:00.000,498
4558609924,2016-04-28 18:00:00.000,110
4558609924,2016-04-28 19:00:00.000,156
4558609924,2016-04-28 20:00:00.000,178
4558609924,2016-04-28 21:00:00.000,143
4558609924,2016-04-28 22:00:00.000,67
4558609924,2016-04-28 23:00:00.000,5
4558609924,2016-04-29 00:00:00.000,0
4558609924,2016-04-29 01:00:00.000,0
4558609924,2016-04-29 02:00:00.000,0
4558609924,2016-04-29 03:00:00.000,0
4558609924,2016-04-29 04:00:00.000,0
4558609924,2016-04-29 05:00:00.000,0
4558609924,2016-04-29 06:00:00.000,0
4558609924,2016-04-29 07:00:00.000,0
4558609924,2016-04-29 08:00:00.000,0
4558609924,2016-04-29 09:00:00.000,41
4558609924,2016-04-29 10:00:00.000,416
4558609924,2016-04-29 11:00:00.000,213
4558609924,2016-04-29 12:00:00.000,411
4558609924,2016-04-29 13:00:00.000,612
4558609924,2016-04-29 14:00:00.000,66
4558609924,2016-04-29 15:00:00.000,2190
4558609924,2016-04-29 16:00:00.000,2660
4558609924,2016-04-29 17:00:00.000,93
4558609924,2016-04-29 18:00:00.000,95
4558609924,2016-04-29 19:00:00.000,279
4558609924,2016-04-29 20:00:00.000,164
4558609924,2016-04-29 21:00:00.000,410
4558609924,2016-04-29 22:00:00.000,86
4558609924,2016-04-29 23:00:00.000,97
4558609924,2016-04-30 00:00:00.000,0
4558609924,2016-04-30 01:00:00.000,105
4558609924,2016-04-30 02:00:00.000,0
4558609924,2016-04-30 03:00:00.000,0
4558609924,2016-04-30 04:00:00.000,0
4558609924,2016-04-30 05:00:00.000,0
4558609924,2016-04-30 06:00:00.000,303
4558609924,2016-04-30 07:00:00.000,218
4558609924,2016-04-30 08:00:00.000,155
4558609924,2016-04-30 09:00:00.000,360
4558609924,2016-04-30 10:00:00.000,365
4558609924,2016-04-30 11:00:00.000,117
4558609924,2016-04-30 12:00:00.000,273
4558609924,2016-04-30 13:00:00.000,360
4558609924,2016-04-30 14:00:00.000,1721
4558609924,2016-04-30 15:00:00.000,410
4558609924,2016-04-30 16:00:00.000,142
4558609924,2016-04-30 17:00:00.000,812
4558609924,2016-04-30 18:00:00.000,3370
4558609924,2016-04-30 19:00:00.000,1239
4558609924,2016-04-30 20:00:00.000,15
4558609924,2016-04-30 21:00:00.000,143
4558609924,2016-04-30 22:00:00.000,156
4558609924,2016-04-30 23:00:00.000,46
4558609924,2016-01-05 00:00:00.000,0
4558609924,2016-01-05 01:00:00.000,0
4558609924,2016-01-05 02:00:00.000,0
4558609924,2016-01-05 03:00:00.000,0
4558609924,2016-01-05 04:00:00.000,0
4558609924,2016-01-05 05:00:00.000,0
4558609924,2016-01-05 06:00:00.000,0
4558609924,2016-01-05 07:00:00.000,0
4558609924,2016-01-05 08:00:00.000,0
4558609924,2016-01-05 09:00:00.000,361
4558609924,2016-01-05 10:00:00.000,594
4558609924,2016-01-05 11:00:00.000,117
4558609924,2016-01-05 12:00:00.000,305
4558609924,2016-01-05 13:00:00.000,287
4558609924,2016-01-05 14:00:00.000,409
4558609924,2016-01-05 15:00:00.000,433
4558609924,2016-01-05 16:00:00.000,25
4558609924,2016-01-05 17:00:00.000,282
4558609924,2016-01-05 18:00:00.000,190
4558609924,2016-01-05 19:00:00.000,343
4558609924,2016-01-05 20:00:00.000,50
4558609924,2016-01-05 21:00:00.000,32
4558609924,2016-01-05 22:00:00.000,0
4558609924,2016-01-05 23:00:00.000,0
4558609924,2016-02-05 00:00:00.000,0
4558609924,2016-02-05 01:00:00.000,0
4558609924,2016-02-05 02:00:00.000,0
4558609924,2016-02-05 03:00:00.000,0
4558609924,2016-02-05 04:00:00.000,0
4558609924,2016-02-05 05:00:00.000,0
4558609924,2016-02-05 06:00:00.000,0
4558609924,2016-02-05 07:00:00.000,0
4558609924,2016-02-05 08:00:00.000,623
4558609924,2016-02-05 09:00:00.000,452
4558609924,2016-02-05 10:00:00.000,902
4558609924,2016-02-05 11:00:00.000,1036
4558609924,2016-02-05 12:00:00.000,308
4558609924,2016-02-05 13:00:00.000,180
4558609924,2016-02-05 14:00:00.000,362
4558609924,2016-02-05 15:00:00.000,356
4558609924,2016-02-05 16:00:00.000,532
4558609924,2016-02-05 17:00:00.000,283
4558609924,2016-02-05 18:00:00.000,582
4558609924,2016-02-05 19:00:00.000,515
4558609924,2016-02-05 20:00:00.000,746
4558609924,2016-02-05 21:00:00.000,849
4558609924,2016-02-05 22:00:00.000,131
4558609924,2016-02-05 23:00:00.000,34
4558609924,2016-03-05 00:00:00.000,36
4558609924,2016-03-05 01:00:00.000,48
4558609924,2016-03-05 02:00:00.000,2
4558609924,2016-03-05 03:00:00.000,0
4558609924,2016-03-05 04:00:00.000,0
4558609924,2016-03-05 05:00:00.000,0
4558609924,2016-03-05 06:00:00.000,0
4558609924,2016-03-05 07:00:00.000,0
4558609924,2016-03-05 08:00:00.000,0
4558609924,2016-03-05 09:00:00.000,245
4558609924,2016-03-05 10:00:00.000,301
4558609924,2016-03-05 11:00:00.000,367
4558609924,2016-03-05 12:00:00.000,253
4558609924,2016-03-05 13:00:00.000,200
4558609924,2016-03-05 14:00:00.000,266
4558609924,2016-03-05 15:00:00.000,86
4558609924,2016-03-05 16:00:00.000,758
4558609924,2016-03-05 17:00:00.000,337
4558609924,2016-03-05 18:00:00.000,1714
4558609924,2016-03-05 19:00:00.000,44
4558609924,2016-03-05 20:00:00.000,29
4558609924,2016-03-05 21:00:00.000,307
4558609924,2016-03-05 22:00:00.000,229
4558609924,2016-03-05 23:00:00.000,45
4558609924,2016-04-05 00:00:00.000,0
4558609924,2016-04-05 01:00:00.000,0
4558609924,2016-04-05 02:00:00.000,0
4558609924,2016-04-05 03:00:00.000,0
4558609924,2016-04-05 04:00:00.000,0
4558609924,2016-04-05 05:00:00.000,0
4558609924,2016-04-05 06:00:00.000,0
4558609924,2016-04-05 07:00:00.000,0
4558609924,2016-04-05 08:00:00.000,0
4558609924,2016-04-05 09:00:00.000,0
4558609924,2016-04-05 10:00:00.000,243
4558609924,2016-04-05 11:00:00.000,261
4558609924,2016-04-05 12:00:00.000,203
4558609924,2016-04-05 13:00:00.000,51
4558609924,2016-04-05 14:00:00.000,195
4558609924,2016-04-05 15:00:00.000,893
4558609924,2016-04-05 16:00:00.000,166
4558609924,2016-04-05 17:00:00.000,1119
4558609924,2016-04-05 18:00:00.000,287
4558609924,2016-04-05 19:00:00.000,390
4558609924,2016-04-05 20:00:00.000,434
4558609924,2016-04-05 21:00:00.000,502
4558609924,2016-04-05 22:00:00.000,212
4558609924,2016-04-05 23:00:00.000,276
4558609924,2016-05-05 00:00:00.000,0
4558609924,2016-05-05 01:00:00.000,0
4558609924,2016-05-05 02:00:00.000,0
4558609924,2016-05-05 03:00:00.000,0
4558609924,2016-05-05 04:00:00.000,0
4558609924,2016-05-05 05:00:00.000,0
4558609924,2016-05-05 06:00:00.000,0
4558609924,2016-05-05 07:00:00.000,140
4558609924,2016-05-05 08:00:00.000,420
4558609924,2016-05-05 09:00:00.000,1240
4558609924,2016-05-05 10:00:00.000,237
4558609924,2016-05-05 11:00:00.000,2975
4558609924,2016-05-05 12:00:00.000,887
4558609924,2016-05-05 13:00:00.000,244
4558609924,2016-05-05 14:00:00.000,127
4558609924,2016-05-05 15:00:00.000,451
4558609924,2016-05-05 16:00:00.000,1183
4558609924,2016-05-05 17:00:00.000,768
4558609924,2016-05-05 18:00:00.000,520
4558609924,2016-05-05 19:00:00.000,444
4558609924,2016-05-05 20:00:00.000,447
4558609924,2016-05-05 21:00:00.000,325
4558609924,2016-05-05 22:00:00.000,186
4558609924,2016-05-05 23:00:00.000,17
4558609924,2016-06-05 00:00:00.000,9
4558609924,2016-06-05 01:00:00.000,0
4558609924,2016-06-05 02:00:00.000,0
4558609924,2016-06-05 03:00:00.000,0
4558609924,2016-06-05 04:00:00.000,0
4558609924,2016-06-05 05:00:00.000,0
4558609924,2016-06-05 06:00:00.000,0
4558609924,2016-06-05 07:00:00.000,0
4558609924,2016-06-05 08:00:00.000,0
4558609924,2016-06-05 09:00:00.000,571
4558609924,2016-06-05 10:00:00.000,596
4558609924,2016-06-05 11:00:00.000,366
4558609924,2016-06-05 12:00:00.000,547
4558609924,2016-06-05 13:00:00.000,331
4558609924,2016-06-05 14:00:00.000,212
4558609924,2016-06-05 15:00:00.000,183
4558609924,2016-06-05 16:00:00.000,348
4558609924,2016-06-05 17:00:00.000,57
4558609924,2016-06-05 18:00:00.000,49
4558609924,2016-06-05 19:00:00.000,43
4558609924,2016-06-05 20:00:00.000,70
4558609924,2016-06-05 21:00:00.000,321
4558609924,2016-06-05 22:00:00.000,42
4558609924,2016-06-05 23:00:00.000,10
4558609924,2016-07-05 00:00:00.000,0
4558609924,2016-07-05 01:00:00.000,0
4558609924,2016-07-05 02:00:00.000,0
4558609924,2016-07-05 03:00:00.000,0
4558609924,2016-07-05 04:00:00.000,0
4558609924,2016-07-05 05:00:00.000,0
4558609924,2016-07-05 06:00:00.000,0
4558609924,2016-07-05 07:00:00.000,0
4558609924,2016-07-05 08:00:00.000,49
4558609924,2016-07-05 09:00:00.000,292
4558609924,2016-07-05 10:00:00.000,263
4558609924,2016-07-05 11:00:00.000,382
4558609924,2016-07-05 12:00:00.000,97
4558609924,2016-07-05 13:00:00.000,79
4558609924,2016-07-05 14:00:00.000,361
4558609924,2016-07-05 15:00:00.000,602
4558609924,2016-07-05 16:00:00.000,4281
4558609924,2016-07-05 17:00:00.000,121
4558609924,2016-07-05 18:00:00.000,241
4558609924,2016-07-05 19:00:00.000,428
4558609924,2016-07-05 20:00:00.000,495
4558609924,2016-07-05 21:00:00.000,169
4558609924,2016-07-05 22:00:00.000,370
4558609924,2016-07-05 23:00:00.000,7
4558609924,2016-08-05 00:00:00.000,0
4558609924,2016-08-05 01:00:00.000,0
4558609924,2016-08-05 02:00:00.000,0
4558609924,2016-08-05 03:00:00.000,0
4558609924,2016-08-05 04:00:00.000,0
4558609924,2016-08-05 05:00:00.000,0
4558609924,2016-08-05 06:00:00.000,0
4558609924,2016-08-05 07:00:00.000,0
4558609924,2016-08-05 08:00:00.000,0
4558609924,2016-08-05 09:00:00.000,0
4558609924,2016-08-05 10:00:00.000,0
4558609924,2016-08-05 11:00:00.000,0
4558609924,2016-08-05 12:00:00.000,0
4558609924,2016-08-05 13:00:00.000,2136
4558609924,2016-08-05 14:00:00.000,1782
4558609924,2016-08-05 15:00:00.000,882
4558609924,2016-08-05 16:00:00.000,481
4558609924,2016-08-05 17:00:00.000,100
4558609924,2016-08-05 18:00:00.000,182
4558609924,2016-08-05 19:00:00.000,118
4558609924,2016-08-05 20:00:00.000,838
4558609924,2016-08-05 21:00:00.000,24
4558609924,2016-08-05 22:00:00.000,0
4558609924,2016-08-05 23:00:00.000,0
4558609924,2016-09-05 00:00:00.000,0
4558609924,2016-09-05 01:00:00.000,0
4558609924,2016-09-05 02:00:00.000,0
4558609924,2016-09-05 03:00:00.000,0
4558609924,2016-09-05 04:00:00.000,0
4558609924,2016-09-05 05:00:00.000,0
4558609924,2016-09-05 06:00:00.000,0
4558609924,2016-09-05 07:00:00.000,127
4558609924,2016-09-05 08:00:00.000,390
4558609924,2016-09-05 09:00:00.000,705
4558609924,2016-09-05 10:00:00.000,485
4558609924,2016-09-05 11:00:00.000,1760
4558609924,2016-09-05 12:00:00.000,175
4558609924,2016-09-05 13:00:00.000,3432
4558609924,2016-09-05 14:00:00.000,976
4558609924,2016-09-05 15:00:00.000,444
4558609924,2016-09-05 16:00:00.000,575
4558609924,2016-09-05 17:00:00.000,139
4558609924,2016-09-05 18:00:00.000,92
4558609924,2016-09-05 19:00:00.000,496
4558609924,2016-09-05 20:00:00.000,503
4558609924,2016-09-05 21:00:00.000,785
4558609924,2016-09-05 22:00:00.000,348
4558609924,2016-09-05 23:00:00.000,19
4558609924,2016-10-05 00:00:00.000,37
4558609924,2016-10-05 01:00:00.000,92
4558609924,2016-10-05 02:00:00.000,0
4558609924,2016-10-05 03:00:00.000,0
4558609924,2016-10-05 04:00:00.000,0
4558609924,2016-10-05 05:00:00.000,0
4558609924,2016-10-05 06:00:00.000,0
4558609924,2016-10-05 07:00:00.000,0
4558609924,2016-10-05 08:00:00.000,0
4558609924,2016-10-05 09:00:00.000,0
4558609924,2016-10-05 10:00:00.000,0
4558609924,2016-10-05 11:00:00.000,101
4558609924,2016-10-05 12:00:00.000,209
4558609924,2016-10-05 13:00:00.000,150
4558609924,2016-10-05 14:00:00.000,313
4558609924,2016-10-05 15:00:00.000,43
4558609924,2016-10-05 16:00:00.000,257
4558609924,2016-10-05 17:00:00.000,314
4558609924,2016-10-05 18:00:00.000,271
4558609924,2016-10-05 19:00:00.000,3420
4558609924,2016-10-05 20:00:00.000,92
4558609924,2016-10-05 21:00:00.000,419
4558609924,2016-10-05 22:00:00.000,631
4558609924,2016-10-05 23:00:00.000,86
4558609924,2016-11-05 00:00:00.000,63
4558609924,2016-11-05 01:00:00.000,70
4558609924,2016-11-05 02:00:00.000,0
4558609924,2016-11-05 03:00:00.000,0
4558609924,2016-11-05 04:00:00.000,0
4558609924,2016-11-05 05:00:00.000,0
4558609924,2016-11-05 06:00:00.000,0
4558609924,2016-11-05 07:00:00.000,0
4558609924,2016-11-05 08:00:00.000,0
4558609924,2016-11-05 09:00:00.000,382
4558609924,2016-11-05 10:00:00.000,380
4558609924,2016-11-05 11:00:00.000,360
4558609924,2016-11-05 12:00:00.000,160
4558609924,2016-11-05 13:00:00.000,326
4558609924,2016-11-05 14:00:00.000,3580
4558609924,2016-11-05 15:00:00.000,527
4558609924,2016-11-05 16:00:00.000,374
4558609924,2016-11-05 17:00:00.000,170
4558609924,2016-11-05 18:00:00.000,627
4558609924,2016-11-05 19:00:00.000,504
4558609924,2016-11-05 20:00:00.000,272
4558609924,2016-11-05 21:00:00.000,596
4558609924,2016-11-05 22:00:00.000,285
4558609924,2016-11-05 23:00:00.000,432
4558609924,2016-12-05 00:00:00.000,0
4558609924,2016-12-05 01:00:00.000,0
4558609924,2016-12-05 02:00:00.000,0
4558609924,2016-12-05 03:00:00.000,0
4558609924,2016-12-05 04:00:00.000,0
4558609924,2016-12-05 05:00:00.000,0
4558609924,2016-12-05 06:00:00.000,0
4558609924,2016-12-05 07:00:00.000,49
4558609924,2016-12-05 08:00:00.000,246
4558609924,2016-12-05 09:00:00.000,700
4558609924,2016-12-05 10:00:00.000,826
4558609924,2016-12-05 11:00:00.000,440
4558609924,2016-12-05 12:00:00.000,698
4558609924,2016-12-05 13:00:00.000,1233
4558609924,2016-12-05 14:00:00.000,1332
4558609924,2016-12-05 15:00:00.000,496
4702921684,2016-12-04 00:00:00.000,0
4702921684,2016-12-04 01:00:00.000,0
4702921684,2016-12-04 02:00:00.000,0
4702921684,2016-12-04 03:00:00.000,4
4702921684,2016-12-04 04:00:00.000,0
4702921684,2016-12-04 05:00:00.000,0
4702921684,2016-12-04 06:00:00.000,558
4702921684,2016-12-04 07:00:00.000,177
4702921684,2016-12-04 08:00:00.000,446
4702921684,2016-12-04 09:00:00.000,1264
4702921684,2016-12-04 10:00:00.000,353
4702921684,2016-12-04 11:00:00.000,209
4702921684,2016-12-04 12:00:00.000,937
4702921684,2016-12-04 13:00:00.000,20
4702921684,2016-12-04 14:00:00.000,257
4702921684,2016-12-04 15:00:00.000,6
4702921684,2016-12-04 16:00:00.000,130
4702921684,2016-12-04 17:00:00.000,890
4702921684,2016-12-04 18:00:00.000,620
4702921684,2016-12-04 19:00:00.000,46
4702921684,2016-12-04 20:00:00.000,480
4702921684,2016-12-04 21:00:00.000,659
4702921684,2016-12-04 22:00:00.000,157
4702921684,2016-12-04 23:00:00.000,0
4702921684,2016-04-13 00:00:00.000,0
4702921684,2016-04-13 01:00:00.000,0
4702921684,2016-04-13 02:00:00.000,185
4702921684,2016-04-13 03:00:00.000,0
4702921684,2016-04-13 04:00:00.000,0
4702921684,2016-04-13 05:00:00.000,0
4702921684,2016-04-13 06:00:00.000,409
4702921684,2016-04-13 07:00:00.000,256
4702921684,2016-04-13 08:00:00.000,223
4702921684,2016-04-13 09:00:00.000,125
4702921684,2016-04-13 10:00:00.000,122
4702921684,2016-04-13 11:00:00.000,167
4702921684,2016-04-13 12:00:00.000,253
4702921684,2016-04-13 13:00:00.000,71
4702921684,2016-04-13 14:00:00.000,182
4702921684,2016-04-13 15:00:00.000,57
4702921684,2016-04-13 16:00:00.000,38
4702921684,2016-04-13 17:00:00.000,840
4702921684,2016-04-13 18:00:00.000,474
4702921684,2016-04-13 19:00:00.000,725
4702921684,2016-04-13 20:00:00.000,329
4702921684,2016-04-13 21:00:00.000,1416
4702921684,2016-04-13 22:00:00.000,999
4702921684,2016-04-13 23:00:00.000,6
4702921684,2016-04-14 00:00:00.000,0
4702921684,2016-04-14 01:00:00.000,0
4702921684,2016-04-14 02:00:00.000,0
4702921684,2016-04-14 03:00:00.000,0
4702921684,2016-04-14 04:00:00.000,0
4702921684,2016-04-14 05:00:00.000,5
4702921684,2016-04-14 06:00:00.000,618
4702921684,2016-04-14 07:00:00.000,239
4702921684,2016-04-14 08:00:00.000,0
4702921684,2016-04-14 09:00:00.000,1377
4702921684,2016-04-14 10:00:00.000,204
4702921684,2016-04-14 11:00:00.000,157
4702921684,2016-04-14 12:00:00.000,210
4702921684,2016-04-14 13:00:00.000,795
4702921684,2016-04-14 14:00:00.000,528
4702921684,2016-04-14 15:00:00.000,191
4702921684,2016-04-14 16:00:00.000,226
4702921684,2016-04-14 17:00:00.000,543
4702921684,2016-04-14 18:00:00.000,948
4702921684,2016-04-14 19:00:00.000,554
4702921684,2016-04-14 20:00:00.000,127
4702921684,2016-04-14 21:00:00.000,417
4702921684,2016-04-14 22:00:00.000,721
4702921684,2016-04-14 23:00:00.000,0
4702921684,2016-04-15 00:00:00.000,0
4702921684,2016-04-15 01:00:00.000,0
4702921684,2016-04-15 02:00:00.000,0
4702921684,2016-04-15 03:00:00.000,0
4702921684,2016-04-15 04:00:00.000,0
4702921684,2016-04-15 05:00:00.000,0
4702921684,2016-04-15 06:00:00.000,0
4702921684,2016-04-15 07:00:00.000,550
4702921684,2016-04-15 08:00:00.000,351
4702921684,2016-04-15 09:00:00.000,0
4702921684,2016-04-15 10:00:00.000,118
4702921684,2016-04-15 11:00:00.000,58
4702921684,2016-04-15 12:00:00.000,337
4702921684,2016-04-15 13:00:00.000,109
4702921684,2016-04-15 14:00:00.000,105
4702921684,2016-04-15 15:00:00.000,101
4702921684,2016-04-15 16:00:00.000,1006
4702921684,2016-04-15 17:00:00.000,406
4702921684,2016-04-15 18:00:00.000,755
4702921684,2016-04-15 19:00:00.000,553
4702921684,2016-04-15 20:00:00.000,623
4702921684,2016-04-15 21:00:00.000,794
4702921684,2016-04-15 22:00:00.000,562
4702921684,2016-04-15 23:00:00.000,78
4702921684,2016-04-16 00:00:00.000,0
4702921684,2016-04-16 01:00:00.000,0
4702921684,2016-04-16 02:00:00.000,0
4702921684,2016-04-16 03:00:00.000,0
4702921684,2016-04-16 04:00:00.000,33
4702921684,2016-04-16 05:00:00.000,28
4702921684,2016-04-16 06:00:00.000,0
4702921684,2016-04-16 07:00:00.000,365
4702921684,2016-04-16 08:00:00.000,385
4702921684,2016-04-16 09:00:00.000,187
4702921684,2016-04-16 10:00:00.000,1383
4702921684,2016-04-16 11:00:00.000,1657
4702921684,2016-04-16 12:00:00.000,754
4702921684,2016-04-16 13:00:00.000,1463
4702921684,2016-04-16 14:00:00.000,744
4702921684,2016-04-16 15:00:00.000,191
4702921684,2016-04-16 16:00:00.000,843
4702921684,2016-04-16 17:00:00.000,452
4702921684,2016-04-16 18:00:00.000,194
4702921684,2016-04-16 19:00:00.000,848
4702921684,2016-04-16 20:00:00.000,634
4702921684,2016-04-16 21:00:00.000,973
4702921684,2016-04-16 22:00:00.000,0
4702921684,2016-04-16 23:00:00.000,0
4702921684,2016-04-17 00:00:00.000,0
4702921684,2016-04-17 01:00:00.000,0
4702921684,2016-04-17 02:00:00.000,0
4702921684,2016-04-17 03:00:00.000,0
4702921684,2016-04-17 04:00:00.000,0
4702921684,2016-04-17 05:00:00.000,0
4702921684,2016-04-17 06:00:00.000,0
4702921684,2016-04-17 07:00:00.000,9
4702921684,2016-04-17 08:00:00.000,551
4702921684,2016-04-17 09:00:00.000,1105
4702921684,2016-04-17 10:00:00.000,805
4702921684,2016-04-17 11:00:00.000,440
4702921684,2016-04-17 12:00:00.000,1417
4702921684,2016-04-17 13:00:00.000,1214
4702921684,2016-04-17 14:00:00.000,3926
4702921684,2016-04-17 15:00:00.000,1724
4702921684,2016-04-17 16:00:00.000,0
4702921684,2016-04-17 17:00:00.000,363
4702921684,2016-04-17 18:00:00.000,222
4702921684,2016-04-17 19:00:00.000,414
4702921684,2016-04-17 20:00:00.000,271
4702921684,2016-04-17 21:00:00.000,231
4702921684,2016-04-17 22:00:00.000,0
4702921684,2016-04-17 23:00:00.000,0
4702921684,2016-04-18 00:00:00.000,0
4702921684,2016-04-18 01:00:00.000,0
4702921684,2016-04-18 02:00:00.000,0
4702921684,2016-04-18 03:00:00.000,0
4702921684,2016-04-18 04:00:00.000,0
4702921684,2016-04-18 05:00:00.000,0
4702921684,2016-04-18 06:00:00.000,81
4702921684,2016-04-18 07:00:00.000,837
4702921684,2016-04-18 08:00:00.000,99
4702921684,2016-04-18 09:00:00.000,1272
4702921684,2016-04-18 10:00:00.000,110
4702921684,2016-04-18 11:00:00.000,0
4702921684,2016-04-18 12:00:00.000,961
4702921684,2016-04-18 13:00:00.000,230
4702921684,2016-04-18 14:00:00.000,253
4702921684,2016-04-18 15:00:00.000,116
4702921684,2016-04-18 16:00:00.000,221
4702921684,2016-04-18 17:00:00.000,338
4702921684,2016-04-18 18:00:00.000,2146
4702921684,2016-04-18 19:00:00.000,1263
4702921684,2016-04-18 20:00:00.000,865
4702921684,2016-04-18 21:00:00.000,313
4702921684,2016-04-18 22:00:00.000,0
4702921684,2016-04-18 23:00:00.000,0
4702921684,2016-04-19 00:00:00.000,0
4702921684,2016-04-19 01:00:00.000,0
4702921684,2016-04-19 02:00:00.000,0
4702921684,2016-04-19 03:00:00.000,0
4702921684,2016-04-19 04:00:00.000,0
4702921684,2016-04-19 05:00:00.000,7
4702921684,2016-04-19 06:00:00.000,680
4702921684,2016-04-19 07:00:00.000,217
4702921684,2016-04-19 08:00:00.000,324
4702921684,2016-04-19 09:00:00.000,1168
4702921684,2016-04-19 10:00:00.000,0
4702921684,2016-04-19 11:00:00.000,102
4702921684,2016-04-19 12:00:00.000,1000
4702921684,2016-04-19 13:00:00.000,49
4702921684,2016-04-19 14:00:00.000,216
4702921684,2016-04-19 15:00:00.000,37
4702921684,2016-04-19 16:00:00.000,395
4702921684,2016-04-19 17:00:00.000,860
4702921684,2016-04-19 18:00:00.000,483
4702921684,2016-04-19 19:00:00.000,248
4702921684,2016-04-19 20:00:00.000,336
4702921684,2016-04-19 21:00:00.000,586
4702921684,2016-04-19 22:00:00.000,0
4702921684,2016-04-19 23:00:00.000,0
4702921684,2016-04-20 00:00:00.000,0
4702921684,2016-04-20 01:00:00.000,7
4702921684,2016-04-20 02:00:00.000,0
4702921684,2016-04-20 03:00:00.000,0
4702921684,2016-04-20 04:00:00.000,0
4702921684,2016-04-20 05:00:00.000,15
4702921684,2016-04-20 06:00:00.000,1047
4702921684,2016-04-20 07:00:00.000,494
4702921684,2016-04-20 08:00:00.000,2
4702921684,2016-04-20 09:00:00.000,662
4702921684,2016-04-20 10:00:00.000,26
4702921684,2016-04-20 11:00:00.000,903
4702921684,2016-04-20 12:00:00.000,136
4702921684,2016-04-20 13:00:00.000,139
4702921684,2016-04-20 14:00:00.000,97
4702921684,2016-04-20 15:00:00.000,168
4702921684,2016-04-20 16:00:00.000,123
4702921684,2016-04-20 17:00:00.000,943
4702921684,2016-04-20 18:00:00.000,552
4702921684,2016-04-20 19:00:00.000,886
4702921684,2016-04-20 20:00:00.000,1072
4702921684,2016-04-20 21:00:00.000,935
4702921684,2016-04-20 22:00:00.000,586
4702921684,2016-04-20 23:00:00.000,0
4702921684,2016-04-21 00:00:00.000,0
4702921684,2016-04-21 01:00:00.000,0
4702921684,2016-04-21 02:00:00.000,0
4702921684,2016-04-21 03:00:00.000,0
4702921684,2016-04-21 04:00:00.000,7
4702921684,2016-04-21 05:00:00.000,28
4702921684,2016-04-21 06:00:00.000,1407
4702921684,2016-04-21 07:00:00.000,760
4702921684,2016-04-21 08:00:00.000,82
4702921684,2016-04-21 09:00:00.000,0
4702921684,2016-04-21 10:00:00.000,0
4702921684,2016-04-21 11:00:00.000,0
4702921684,2016-04-21 12:00:00.000,214
4702921684,2016-04-21 13:00:00.000,112
4702921684,2016-04-21 14:00:00.000,185
4702921684,2016-04-21 15:00:00.000,124
4702921684,2016-04-21 16:00:00.000,215
4702921684,2016-04-21 17:00:00.000,1439
4702921684,2016-04-21 18:00:00.000,608
4702921684,2016-04-21 19:00:00.000,806
4702921684,2016-04-21 20:00:00.000,543
4702921684,2016-04-21 21:00:00.000,0
4702921684,2016-04-21 22:00:00.000,0
4702921684,2016-04-21 23:00:00.000,0
4702921684,2016-04-22 00:00:00.000,0
4702921684,2016-04-22 01:00:00.000,0
4702921684,2016-04-22 02:00:00.000,0
4702921684,2016-04-22 03:00:00.000,0
4702921684,2016-04-22 04:00:00.000,0
4702921684,2016-04-22 05:00:00.000,0
4702921684,2016-04-22 06:00:00.000,0
4702921684,2016-04-22 07:00:00.000,0
4702921684,2016-04-22 08:00:00.000,0
4702921684,2016-04-22 09:00:00.000,0
4702921684,2016-04-22 10:00:00.000,0
4702921684,2016-04-22 11:00:00.000,0
4702921684,2016-04-22 12:00:00.000,0
4702921684,2016-04-22 13:00:00.000,0
4702921684,2016-04-22 14:00:00.000,0
4702921684,2016-04-22 15:00:00.000,0
4702921684,2016-04-22 16:00:00.000,0
4702921684,2016-04-22 17:00:00.000,0
4702921684,2016-04-22 18:00:00.000,0
4702921684,2016-04-22 19:00:00.000,0
4702921684,2016-04-22 20:00:00.000,368
4702921684,2016-04-22 21:00:00.000,939
4702921684,2016-04-22 22:00:00.000,357
4702921684,2016-04-22 23:00:00.000,0
4702921684,2016-04-23 00:00:00.000,0
4702921684,2016-04-23 01:00:00.000,0
4702921684,2016-04-23 02:00:00.000,0
4702921684,2016-04-23 03:00:00.000,0
4702921684,2016-04-23 04:00:00.000,0
4702921684,2016-04-23 05:00:00.000,0
4702921684,2016-04-23 06:00:00.000,0
4702921684,2016-04-23 07:00:00.000,156
4702921684,2016-04-23 08:00:00.000,247
4702921684,2016-04-23 09:00:00.000,1616
4702921684,2016-04-23 10:00:00.000,786
4702921684,2016-04-23 11:00:00.000,2196
4702921684,2016-04-23 12:00:00.000,1615
4702921684,2016-04-23 13:00:00.000,1259
4702921684,2016-04-23 14:00:00.000,964
4702921684,2016-04-23 15:00:00.000,1411
4702921684,2016-04-23 16:00:00.000,856
4702921684,2016-04-23 17:00:00.000,869
4702921684,2016-04-23 18:00:00.000,337
4702921684,2016-04-23 19:00:00.000,652
4702921684,2016-04-23 20:00:00.000,616
4702921684,2016-04-23 21:00:00.000,1272
4702921684,2016-04-23 22:00:00.000,274
4702921684,2016-04-23 23:00:00.000,0
4702921684,2016-04-24 00:00:00.000,0
4702921684,2016-04-24 01:00:00.000,0
4702921684,2016-04-24 02:00:00.000,0
4702921684,2016-04-24 03:00:00.000,4
4702921684,2016-04-24 04:00:00.000,0
4702921684,2016-04-24 05:00:00.000,0
4702921684,2016-04-24 06:00:00.000,23
4702921684,2016-04-24 07:00:00.000,214
4702921684,2016-04-24 08:00:00.000,272
4702921684,2016-04-24 09:00:00.000,684
4702921684,2016-04-24 10:00:00.000,864
4702921684,2016-04-24 11:00:00.000,490
4702921684,2016-04-24 12:00:00.000,3023
4702921684,2016-04-24 13:00:00.000,3962
4702921684,2016-04-24 14:00:00.000,1248
4702921684,2016-04-24 15:00:00.000,102
4702921684,2016-04-24 16:00:00.000,9
4702921684,2016-04-24 17:00:00.000,574
4702921684,2016-04-24 18:00:00.000,1726
4702921684,2016-04-24 19:00:00.000,1045
4702921684,2016-04-24 20:00:00.000,554
4702921684,2016-04-24 21:00:00.000,132
4702921684,2016-04-24 22:00:00.000,124
4702921684,2016-04-24 23:00:00.000,0
4702921684,2016-04-25 00:00:00.000,0
4702921684,2016-04-25 01:00:00.000,0
4702921684,2016-04-25 02:00:00.000,0
4702921684,2016-04-25 03:00:00.000,0
4702921684,2016-04-25 04:00:00.000,0
4702921684,2016-04-25 05:00:00.000,162
4702921684,2016-04-25 06:00:00.000,719
4702921684,2016-04-25 07:00:00.000,249
4702921684,2016-04-25 08:00:00.000,161
4702921684,2016-04-25 09:00:00.000,15
4702921684,2016-04-25 10:00:00.000,203
4702921684,2016-04-25 11:00:00.000,157
4702921684,2016-04-25 12:00:00.000,149
4702921684,2016-04-25 13:00:00.000,273
4702921684,2016-04-25 14:00:00.000,248
4702921684,2016-04-25 15:00:00.000,209
4702921684,2016-04-25 16:00:00.000,182
4702921684,2016-04-25 17:00:00.000,1087
4702921684,2016-04-25 18:00:00.000,577
4702921684,2016-04-25 19:00:00.000,2019
4702921684,2016-04-25 20:00:00.000,691
4702921684,2016-04-25 21:00:00.000,1395
4702921684,2016-04-25 22:00:00.000,644
4702921684,2016-04-25 23:00:00.000,0
4702921684,2016-04-26 00:00:00.000,0
4702921684,2016-04-26 01:00:00.000,0
4702921684,2016-04-26 02:00:00.000,0
4702921684,2016-04-26 03:00:00.000,0
4702921684,2016-04-26 04:00:00.000,0
4702921684,2016-04-26 05:00:00.000,57
4702921684,2016-04-26 06:00:00.000,924
4702921684,2016-04-26 07:00:00.000,263
4702921684,2016-04-26 08:00:00.000,0
4702921684,2016-04-26 09:00:00.000,0
4702921684,2016-04-26 10:00:00.000,0
4702921684,2016-04-26 11:00:00.000,155
4702921684,2016-04-26 12:00:00.000,286
4702921684,2016-04-26 13:00:00.000,86
4702921684,2016-04-26 14:00:00.000,241
4702921684,2016-04-26 15:00:00.000,131
4702921684,2016-04-26 16:00:00.000,31
4702921684,2016-04-26 17:00:00.000,974
4702921684,2016-04-26 18:00:00.000,936
4702921684,2016-04-26 19:00:00.000,741
4702921684,2016-04-26 20:00:00.000,505
4702921684,2016-04-26 21:00:00.000,606
4702921684,2016-04-26 22:00:00.000,172
4702921684,2016-04-26 23:00:00.000,0
4702921684,2016-04-27 00:00:00.000,0
4702921684,2016-04-27 01:00:00.000,0
4702921684,2016-04-27 02:00:00.000,0
4702921684,2016-04-27 03:00:00.000,0
4702921684,2016-04-27 04:00:00.000,0
4702921684,2016-04-27 05:00:00.000,36
4702921684,2016-04-27 06:00:00.000,1249
4702921684,2016-04-27 07:00:00.000,432
4702921684,2016-04-27 08:00:00.000,64
4702921684,2016-04-27 09:00:00.000,40
4702921684,2016-04-27 10:00:00.000,144
4702921684,2016-04-27 11:00:00.000,158
4702921684,2016-04-27 12:00:00.000,226
4702921684,2016-04-27 13:00:00.000,130
4702921684,2016-04-27 14:00:00.000,103
4702921684,2016-04-27 15:00:00.000,205
4702921684,2016-04-27 16:00:00.000,268
4702921684,2016-04-27 17:00:00.000,529
4702921684,2016-04-27 18:00:00.000,594
4702921684,2016-04-27 19:00:00.000,375
4702921684,2016-04-27 20:00:00.000,1649
4702921684,2016-04-27 21:00:00.000,686
4702921684,2016-04-27 22:00:00.000,88
4702921684,2016-04-27 23:00:00.000,0
4702921684,2016-04-28 00:00:00.000,0
4702921684,2016-04-28 01:00:00.000,0
4702921684,2016-04-28 02:00:00.000,0
4702921684,2016-04-28 03:00:00.000,0
4702921684,2016-04-28 04:00:00.000,0
4702921684,2016-04-28 05:00:00.000,6
4702921684,2016-04-28 06:00:00.000,744
4702921684,2016-04-28 07:00:00.000,174
4702921684,2016-04-28 08:00:00.000,107
4702921684,2016-04-28 09:00:00.000,1455
4702921684,2016-04-28 10:00:00.000,89
4702921684,2016-04-28 11:00:00.000,151
4702921684,2016-04-28 12:00:00.000,996
4702921684,2016-04-28 13:00:00.000,104
4702921684,2016-04-28 14:00:00.000,101
4702921684,2016-04-28 15:00:00.000,191
4702921684,2016-04-28 16:00:00.000,156
4702921684,2016-04-28 17:00:00.000,900
4702921684,2016-04-28 18:00:00.000,211
4702921684,2016-04-28 19:00:00.000,1962
4702921684,2016-04-28 20:00:00.000,614
4702921684,2016-04-28 21:00:00.000,612
4702921684,2016-04-28 22:00:00.000,450
4702921684,2016-04-28 23:00:00.000,0
4702921684,2016-04-29 00:00:00.000,0
4702921684,2016-04-29 01:00:00.000,0
4702921684,2016-04-29 02:00:00.000,0
4702921684,2016-04-29 03:00:00.000,0
4702921684,2016-04-29 04:00:00.000,0
4702921684,2016-04-29 05:00:00.000,0
4702921684,2016-04-29 06:00:00.000,816
4702921684,2016-04-29 07:00:00.000,483
4702921684,2016-04-29 08:00:00.000,151
4702921684,2016-04-29 09:00:00.000,901
4702921684,2016-04-29 10:00:00.000,162
4702921684,2016-04-29 11:00:00.000,175
4702921684,2016-04-29 12:00:00.000,1079
4702921684,2016-04-29 13:00:00.000,261
4702921684,2016-04-29 14:00:00.000,155
4702921684,2016-04-29 15:00:00.000,302
4702921684,2016-04-29 16:00:00.000,281
4702921684,2016-04-29 17:00:00.000,1223
4702921684,2016-04-29 18:00:00.000,1123
4702921684,2016-04-29 19:00:00.000,1278
4702921684,2016-04-29 20:00:00.000,678
4702921684,2016-04-29 21:00:00.000,533
4702921684,2016-04-29 22:00:00.000,329
4702921684,2016-04-29 23:00:00.000,0
4702921684,2016-04-30 00:00:00.000,0
4702921684,2016-04-30 01:00:00.000,0
4702921684,2016-04-30 02:00:00.000,0
4702921684,2016-04-30 03:00:00.000,0
4702921684,2016-04-30 04:00:00.000,0
4702921684,2016-04-30 05:00:00.000,0
4702921684,2016-04-30 06:00:00.000,138
4702921684,2016-04-30 07:00:00.000,261
4702921684,2016-04-30 08:00:00.000,545
4702921684,2016-04-30 09:00:00.000,494
4702921684,2016-04-30 10:00:00.000,392
4702921684,2016-04-30 11:00:00.000,2135
4702921684,2016-04-30 12:00:00.000,1083
4702921684,2016-04-30 13:00:00.000,1623
4702921684,2016-04-30 14:00:00.000,1757
4702921684,2016-04-30 15:00:00.000,1009
4702921684,2016-04-30 16:00:00.000,392
4702921684,2016-04-30 17:00:00.000,315
4702921684,2016-04-30 18:00:00.000,0
4702921684,2016-04-30 19:00:00.000,0
4702921684,2016-04-30 20:00:00.000,0
4702921684,2016-04-30 21:00:00.000,0
4702921684,2016-04-30 22:00:00.000,0
4702921684,2016-04-30 23:00:00.000,0
4702921684,2016-01-05 00:00:00.000,0
4702921684,2016-01-05 01:00:00.000,0
4702921684,2016-01-05 02:00:00.000,0
4702921684,2016-01-05 03:00:00.000,0
4702921684,2016-01-05 04:00:00.000,0
4702921684,2016-01-05 05:00:00.000,0
4702921684,2016-01-05 06:00:00.000,0
4702921684,2016-01-05 07:00:00.000,0
4702921684,2016-01-05 08:00:00.000,0
4702921684,2016-01-05 09:00:00.000,0
4702921684,2016-01-05 10:00:00.000,0
4702921684,2016-01-05 11:00:00.000,0
4702921684,2016-01-05 12:00:00.000,0
4702921684,2016-01-05 13:00:00.000,0
4702921684,2016-01-05 14:00:00.000,0
4702921684,2016-01-05 15:00:00.000,0
4702921684,2016-01-05 16:00:00.000,0
4702921684,2016-01-05 17:00:00.000,0
4702921684,2016-01-05 18:00:00.000,0
4702921684,2016-01-05 19:00:00.000,0
4702921684,2016-01-05 20:00:00.000,0
4702921684,2016-01-05 21:00:00.000,0
4702921684,2016-01-05 22:00:00.000,0
4702921684,2016-01-05 23:00:00.000,0
4702921684,2016-02-05 00:00:00.000,0
4702921684,2016-02-05 01:00:00.000,0
4702921684,2016-02-05 02:00:00.000,0
4702921684,2016-02-05 03:00:00.000,0
4702921684,2016-02-05 04:00:00.000,0
4702921684,2016-02-05 05:00:00.000,0
4702921684,2016-02-05 06:00:00.000,0
4702921684,2016-02-05 07:00:00.000,0
4702921684,2016-02-05 08:00:00.000,0
4702921684,2016-02-05 09:00:00.000,0
4702921684,2016-02-05 10:00:00.000,0
4702921684,2016-02-05 11:00:00.000,0
4702921684,2016-02-05 12:00:00.000,212
4702921684,2016-02-05 13:00:00.000,179
4702921684,2016-02-05 14:00:00.000,148
4702921684,2016-02-05 15:00:00.000,75
4702921684,2016-02-05 16:00:00.000,237
4702921684,2016-02-05 17:00:00.000,1507
4702921684,2016-02-05 18:00:00.000,614
4702921684,2016-02-05 19:00:00.000,1848
4702921684,2016-02-05 20:00:00.000,483
4702921684,2016-02-05 21:00:00.000,1507
4702921684,2016-02-05 22:00:00.000,435
4702921684,2016-02-05 23:00:00.000,0
4702921684,2016-03-05 00:00:00.000,0
4702921684,2016-03-05 01:00:00.000,0
4702921684,2016-03-05 02:00:00.000,0
4702921684,2016-03-05 03:00:00.000,13
4702921684,2016-03-05 04:00:00.000,24
4702921684,2016-03-05 05:00:00.000,617
4702921684,2016-03-05 06:00:00.000,1604
4702921684,2016-03-05 07:00:00.000,424
4702921684,2016-03-05 08:00:00.000,169
4702921684,2016-03-05 09:00:00.000,1321
4702921684,2016-03-05 10:00:00.000,54
4702921684,2016-03-05 11:00:00.000,113
4702921684,2016-03-05 12:00:00.000,272
4702921684,2016-03-05 13:00:00.000,176
4702921684,2016-03-05 14:00:00.000,320
4702921684,2016-03-05 15:00:00.000,351
4702921684,2016-03-05 16:00:00.000,163
4702921684,2016-03-05 17:00:00.000,1046
4702921684,2016-03-05 18:00:00.000,539
4702921684,2016-03-05 19:00:00.000,560
4702921684,2016-03-05 20:00:00.000,518
4702921684,2016-03-05 21:00:00.000,656
4702921684,2016-03-05 22:00:00.000,514
4702921684,2016-03-05 23:00:00.000,0
4702921684,2016-04-05 00:00:00.000,0
4702921684,2016-04-05 01:00:00.000,15
4702921684,2016-04-05 02:00:00.000,0
4702921684,2016-04-05 03:00:00.000,0
4702921684,2016-04-05 04:00:00.000,0
4702921684,2016-04-05 05:00:00.000,45
4702921684,2016-04-05 06:00:00.000,713
4702921684,2016-04-05 07:00:00.000,263
4702921684,2016-04-05 08:00:00.000,0
4702921684,2016-04-05 09:00:00.000,783
4702921684,2016-04-05 10:00:00.000,847
4702921684,2016-04-05 11:00:00.000,0
4702921684,2016-04-05 12:00:00.000,273
4702921684,2016-04-05 13:00:00.000,168
4702921684,2016-04-05 14:00:00.000,259
4702921684,2016-04-05 15:00:00.000,0
4702921684,2016-04-05 16:00:00.000,11
4702921684,2016-04-05 17:00:00.000,1353
4702921684,2016-04-05 18:00:00.000,730
4702921684,2016-04-05 19:00:00.000,876
4702921684,2016-04-05 20:00:00.000,537
4702921684,2016-04-05 21:00:00.000,915
4702921684,2016-04-05 22:00:00.000,373
4702921684,2016-04-05 23:00:00.000,0
4702921684,2016-05-05 00:00:00.000,0
4702921684,2016-05-05 01:00:00.000,0
4702921684,2016-05-05 02:00:00.000,11
4702921684,2016-05-05 03:00:00.000,0
4702921684,2016-05-05 04:00:00.000,0
4702921684,2016-05-05 05:00:00.000,11
4702921684,2016-05-05 06:00:00.000,1006
4702921684,2016-05-05 07:00:00.000,160
4702921684,2016-05-05 08:00:00.000,157
4702921684,2016-05-05 09:00:00.000,1326
4702921684,2016-05-05 10:00:00.000,143
4702921684,2016-05-05 11:00:00.000,117
4702921684,2016-05-05 12:00:00.000,1184
4702921684,2016-05-05 13:00:00.000,45
4702921684,2016-05-05 14:00:00.000,119
4702921684,2016-05-05 15:00:00.000,0
4702921684,2016-05-05 16:00:00.000,129
4702921684,2016-05-05 17:00:00.000,901
4702921684,2016-05-05 18:00:00.000,635
4702921684,2016-05-05 19:00:00.000,652
4702921684,2016-05-05 20:00:00.000,789
4702921684,2016-05-05 21:00:00.000,961
4702921684,2016-05-05 22:00:00.000,268
4702921684,2016-05-05 23:00:00.000,0
4702921684,2016-06-05 00:00:00.000,7
4702921684,2016-06-05 01:00:00.000,0
4702921684,2016-06-05 02:00:00.000,12
4702921684,2016-06-05 03:00:00.000,10
4702921684,2016-06-05 04:00:00.000,0
4702921684,2016-06-05 05:00:00.000,0
4702921684,2016-06-05 06:00:00.000,880
4702921684,2016-06-05 07:00:00.000,359
4702921684,2016-06-05 08:00:00.000,252
4702921684,2016-06-05 09:00:00.000,1163
4702921684,2016-06-05 10:00:00.000,113
4702921684,2016-06-05 11:00:00.000,177
4702921684,2016-06-05 12:00:00.000,407
4702921684,2016-06-05 13:00:00.000,126
4702921684,2016-06-05 14:00:00.000,227
4702921684,2016-06-05 15:00:00.000,125
4702921684,2016-06-05 16:00:00.000,695
4702921684,2016-06-05 17:00:00.000,676
4702921684,2016-06-05 18:00:00.000,732
4702921684,2016-06-05 19:00:00.000,575
4702921684,2016-06-05 20:00:00.000,152
4702921684,2016-06-05 21:00:00.000,222
4702921684,2016-06-05 22:00:00.000,0
4702921684,2016-06-05 23:00:00.000,0
4702921684,2016-07-05 00:00:00.000,8
4702921684,2016-07-05 01:00:00.000,0
4702921684,2016-07-05 02:00:00.000,0
4702921684,2016-07-05 03:00:00.000,0
4702921684,2016-07-05 04:00:00.000,0
4702921684,2016-07-05 05:00:00.000,0
4702921684,2016-07-05 06:00:00.000,306
4702921684,2016-07-05 07:00:00.000,742
4702921684,2016-07-05 08:00:00.000,1007
4702921684,2016-07-05 09:00:00.000,509
4702921684,2016-07-05 10:00:00.000,1441
4702921684,2016-07-05 11:00:00.000,1628
4702921684,2016-07-05 12:00:00.000,1598
4702921684,2016-07-05 13:00:00.000,714
4702921684,2016-07-05 14:00:00.000,910
4702921684,2016-07-05 15:00:00.000,1019
4702921684,2016-07-05 16:00:00.000,955
4702921684,2016-07-05 17:00:00.000,506
4702921684,2016-07-05 18:00:00.000,1140
4702921684,2016-07-05 19:00:00.000,266
4702921684,2016-07-05 20:00:00.000,1367
4702921684,2016-07-05 21:00:00.000,249
4702921684,2016-07-05 22:00:00.000,5
4702921684,2016-07-05 23:00:00.000,0
4702921684,2016-08-05 00:00:00.000,0
4702921684,2016-08-05 01:00:00.000,0
4702921684,2016-08-05 02:00:00.000,0
4702921684,2016-08-05 03:00:00.000,0
4702921684,2016-08-05 04:00:00.000,0
4702921684,2016-08-05 05:00:00.000,0
4702921684,2016-08-05 06:00:00.000,0
4702921684,2016-08-05 07:00:00.000,0
4702921684,2016-08-05 08:00:00.000,0
4702921684,2016-08-05 09:00:00.000,39
4702921684,2016-08-05 10:00:00.000,227
4702921684,2016-08-05 11:00:00.000,1570
4702921684,2016-08-05 12:00:00.000,3016
4702921684,2016-08-05 13:00:00.000,1236
4702921684,2016-08-05 14:00:00.000,2336
4702921684,2016-08-05 15:00:00.000,1050
4702921684,2016-08-05 16:00:00.000,2315
4702921684,2016-08-05 17:00:00.000,145
4702921684,2016-08-05 18:00:00.000,347
4702921684,2016-08-05 19:00:00.000,344
4702921684,2016-08-05 20:00:00.000,120
4702921684,2016-08-05 21:00:00.000,38
4702921684,2016-08-05 22:00:00.000,74
4702921684,2016-08-05 23:00:00.000,0
4702921684,2016-09-05 00:00:00.000,0
4702921684,2016-09-05 01:00:00.000,0
4702921684,2016-09-05 02:00:00.000,0
4702921684,2016-09-05 03:00:00.000,0
4702921684,2016-09-05 04:00:00.000,0
4702921684,2016-09-05 05:00:00.000,0
4702921684,2016-09-05 06:00:00.000,1112
4702921684,2016-09-05 07:00:00.000,509
4702921684,2016-09-05 08:00:00.000,0
4702921684,2016-09-05 09:00:00.000,1269
4702921684,2016-09-05 10:00:00.000,105
4702921684,2016-09-05 11:00:00.000,153
4702921684,2016-09-05 12:00:00.000,256
4702921684,2016-09-05 13:00:00.000,298
4702921684,2016-09-05 14:00:00.000,107
4702921684,2016-09-05 15:00:00.000,228
4702921684,2016-09-05 16:00:00.000,237
4702921684,2016-09-05 17:00:00.000,1077
4702921684,2016-09-05 18:00:00.000,1058
4702921684,2016-09-05 19:00:00.000,388
4702921684,2016-09-05 20:00:00.000,683
4702921684,2016-09-05 21:00:00.000,535
4702921684,2016-09-05 22:00:00.000,212
4702921684,2016-09-05 23:00:00.000,5
4702921684,2016-10-05 00:00:00.000,0
4702921684,2016-10-05 01:00:00.000,0
4702921684,2016-10-05 02:00:00.000,0
4702921684,2016-10-05 03:00:00.000,0
4702921684,2016-10-05 04:00:00.000,0
4702921684,2016-10-05 05:00:00.000,0
4702921684,2016-10-05 06:00:00.000,1421
4702921684,2016-10-05 07:00:00.000,280
4702921684,2016-10-05 08:00:00.000,1297
4702921684,2016-10-05 09:00:00.000,149
4702921684,2016-10-05 10:00:00.000,151
4702921684,2016-10-05 11:00:00.000,120
4702921684,2016-10-05 12:00:00.000,1310
4702921684,2016-10-05 13:00:00.000,82
4702921684,2016-10-05 14:00:00.000,75
4702921684,2016-10-05 15:00:00.000,163
4702921684,2016-10-05 16:00:00.000,232
4702921684,2016-10-05 17:00:00.000,820
4702921684,2016-10-05 18:00:00.000,298
4702921684,2016-10-05 19:00:00.000,1917
4702921684,2016-10-05 20:00:00.000,549
4702921684,2016-10-05 21:00:00.000,1523
4702921684,2016-10-05 22:00:00.000,226
4702921684,2016-10-05 23:00:00.000,0
4702921684,2016-11-05 00:00:00.000,0
4702921684,2016-11-05 01:00:00.000,0
4702921684,2016-11-05 02:00:00.000,0
4702921684,2016-11-05 03:00:00.000,0
4702921684,2016-11-05 04:00:00.000,0
4702921684,2016-11-05 05:00:00.000,41
4702921684,2016-11-05 06:00:00.000,776
4702921684,2016-11-05 07:00:00.000,102
4702921684,2016-11-05 08:00:00.000,1355
4702921684,2016-11-05 09:00:00.000,71
4702921684,2016-11-05 10:00:00.000,165
4702921684,2016-11-05 11:00:00.000,272
4702921684,2016-11-05 12:00:00.000,145
4702921684,2016-11-05 13:00:00.000,211
4702921684,2016-11-05 14:00:00.000,328
4702921684,2016-11-05 15:00:00.000,109
4702921684,2016-11-05 16:00:00.000,1016
4702921684,2016-11-05 17:00:00.000,527
4702921684,2016-11-05 18:00:00.000,2503
4702921684,2016-11-05 19:00:00.000,578
4702921684,2016-11-05 20:00:00.000,191
4702921684,2016-11-05 21:00:00.000,1013
4702921684,2016-11-05 22:00:00.000,369
4702921684,2016-11-05 23:00:00.000,0
4702921684,2016-12-05 00:00:00.000,0
4702921684,2016-12-05 01:00:00.000,9
4702921684,2016-12-05 02:00:00.000,0
4702921684,2016-12-05 03:00:00.000,0
4702921684,2016-12-05 04:00:00.000,4
4702921684,2016-12-05 05:00:00.000,0
4702921684,2016-12-05 06:00:00.000,707
4702921684,2016-12-05 07:00:00.000,224
4702921684,2016-12-05 08:00:00.000,154
4702921684,2016-12-05 09:00:00.000,814
4702921684,2016-12-05 10:00:00.000,840
5553957443,2016-12-04 00:00:00.000,2
5553957443,2016-12-04 01:00:00.000,0
5553957443,2016-12-04 02:00:00.000,0
5553957443,2016-12-04 03:00:00.000,0
5553957443,2016-12-04 04:00:00.000,0
5553957443,2016-12-04 05:00:00.000,0
5553957443,2016-12-04 06:00:00.000,248
5553957443,2016-12-04 07:00:00.000,2030
5553957443,2016-12-04 08:00:00.000,1168
5553957443,2016-12-04 09:00:00.000,64
5553957443,2016-12-04 10:00:00.000,65
5553957443,2016-12-04 11:00:00.000,52
5553957443,2016-12-04 12:00:00.000,656
5553957443,2016-12-04 13:00:00.000,459
5553957443,2016-12-04 14:00:00.000,0
5553957443,2016-12-04 15:00:00.000,80
5553957443,2016-12-04 16:00:00.000,2192
5553957443,2016-12-04 17:00:00.000,1243
5553957443,2016-12-04 18:00:00.000,321
5553957443,2016-12-04 19:00:00.000,776
5553957443,2016-12-04 20:00:00.000,330
5553957443,2016-12-04 21:00:00.000,740
5553957443,2016-12-04 22:00:00.000,534
5553957443,2016-12-04 23:00:00.000,636
5553957443,2016-04-13 00:00:00.000,61
5553957443,2016-04-13 01:00:00.000,0
5553957443,2016-04-13 02:00:00.000,0
5553957443,2016-04-13 03:00:00.000,0
5553957443,2016-04-13 04:00:00.000,0
5553957443,2016-04-13 05:00:00.000,0
5553957443,2016-04-13 06:00:00.000,0
5553957443,2016-04-13 07:00:00.000,0
5553957443,2016-04-13 08:00:00.000,121
5553957443,2016-04-13 09:00:00.000,138
5553957443,2016-04-13 10:00:00.000,189
5553957443,2016-04-13 11:00:00.000,32
5553957443,2016-04-13 12:00:00.000,120
5553957443,2016-04-13 13:00:00.000,48
5553957443,2016-04-13 14:00:00.000,29
5553957443,2016-04-13 15:00:00.000,481
5553957443,2016-04-13 16:00:00.000,367
5553957443,2016-04-13 17:00:00.000,268
5553957443,2016-04-13 18:00:00.000,119
5553957443,2016-04-13 19:00:00.000,1130
5553957443,2016-04-13 20:00:00.000,1055
5553957443,2016-04-13 21:00:00.000,415
5553957443,2016-04-13 22:00:00.000,259
5553957443,2016-04-13 23:00:00.000,0
5553957443,2016-04-14 00:00:00.000,16
5553957443,2016-04-14 01:00:00.000,12
5553957443,2016-04-14 02:00:00.000,14
5553957443,2016-04-14 03:00:00.000,11
5553957443,2016-04-14 04:00:00.000,8
5553957443,2016-04-14 05:00:00.000,125
5553957443,2016-04-14 06:00:00.000,1258
5553957443,2016-04-14 07:00:00.000,2257
5553957443,2016-04-14 08:00:00.000,0
5553957443,2016-04-14 09:00:00.000,0
5553957443,2016-04-14 10:00:00.000,107
5553957443,2016-04-14 11:00:00.000,0
5553957443,2016-04-14 12:00:00.000,95
5553957443,2016-04-14 13:00:00.000,478
5553957443,2016-04-14 14:00:00.000,2106
5553957443,2016-04-14 15:00:00.000,249
5553957443,2016-04-14 16:00:00.000,1641
5553957443,2016-04-14 17:00:00.000,5808
5553957443,2016-04-14 18:00:00.000,267
5553957443,2016-04-14 19:00:00.000,143
5553957443,2016-04-14 20:00:00.000,624
5553957443,2016-04-14 21:00:00.000,1519
5553957443,2016-04-14 22:00:00.000,247
5553957443,2016-04-14 23:00:00.000,37
5553957443,2016-04-15 00:00:00.000,6
5553957443,2016-04-15 01:00:00.000,0
5553957443,2016-04-15 02:00:00.000,0
5553957443,2016-04-15 03:00:00.000,7
5553957443,2016-04-15 04:00:00.000,0
5553957443,2016-04-15 05:00:00.000,6
5553957443,2016-04-15 06:00:00.000,860
5553957443,2016-04-15 07:00:00.000,1427
5553957443,2016-04-15 08:00:00.000,146
5553957443,2016-04-15 09:00:00.000,123
5553957443,2016-04-15 10:00:00.000,2718
5553957443,2016-04-15 11:00:00.000,1959
5553957443,2016-04-15 12:00:00.000,874
5553957443,2016-04-15 13:00:00.000,9
5553957443,2016-04-15 14:00:00.000,2183
5553957443,2016-04-15 15:00:00.000,261
5553957443,2016-04-15 16:00:00.000,3256
5553957443,2016-04-15 17:00:00.000,1035
5553957443,2016-04-15 18:00:00.000,762
5553957443,2016-04-15 19:00:00.000,484
5553957443,2016-04-15 20:00:00.000,0
5553957443,2016-04-15 21:00:00.000,148
5553957443,2016-04-15 22:00:00.000,280
5553957443,2016-04-15 23:00:00.000,12
5553957443,2016-04-16 00:00:00.000,0
5553957443,2016-04-16 01:00:00.000,8
5553957443,2016-04-16 02:00:00.000,0
5553957443,2016-04-16 03:00:00.000,10
5553957443,2016-04-16 04:00:00.000,15
5553957443,2016-04-16 05:00:00.000,8
5553957443,2016-04-16 06:00:00.000,9
5553957443,2016-04-16 07:00:00.000,9
5553957443,2016-04-16 08:00:00.000,0
5553957443,2016-04-16 09:00:00.000,65
5553957443,2016-04-16 10:00:00.000,501
5553957443,2016-04-16 11:00:00.000,18
5553957443,2016-04-16 12:00:00.000,17
5553957443,2016-04-16 13:00:00.000,280
5553957443,2016-04-16 14:00:00.000,671
5553957443,2016-04-16 15:00:00.000,564
5553957443,2016-04-16 16:00:00.000,1024
5553957443,2016-04-16 17:00:00.000,783
5553957443,2016-04-16 18:00:00.000,377
5553957443,2016-04-16 19:00:00.000,580
5553957443,2016-04-16 20:00:00.000,408
5553957443,2016-04-16 21:00:00.000,88
5553957443,2016-04-16 22:00:00.000,170
5553957443,2016-04-16 23:00:00.000,166
5553957443,2016-04-17 00:00:00.000,22
5553957443,2016-04-17 01:00:00.000,305
5553957443,2016-04-17 02:00:00.000,133
5553957443,2016-04-17 03:00:00.000,0
5553957443,2016-04-17 04:00:00.000,0
5553957443,2016-04-17 05:00:00.000,24
5553957443,2016-04-17 06:00:00.000,0
5553957443,2016-04-17 07:00:00.000,0
5553957443,2016-04-17 08:00:00.000,0
5553957443,2016-04-17 09:00:00.000,40
5553957443,2016-04-17 10:00:00.000,0
5553957443,2016-04-17 11:00:00.000,0
5553957443,2016-04-17 12:00:00.000,0
5553957443,2016-04-17 13:00:00.000,0
5553957443,2016-04-17 14:00:00.000,0
5553957443,2016-04-17 15:00:00.000,0
5553957443,2016-04-17 16:00:00.000,0
5553957443,2016-04-17 17:00:00.000,0
5553957443,2016-04-17 18:00:00.000,0
5553957443,2016-04-17 19:00:00.000,0
5553957443,2016-04-17 20:00:00.000,0
5553957443,2016-04-17 21:00:00.000,0
5553957443,2016-04-17 22:00:00.000,111
5553957443,2016-04-17 23:00:00.000,20
5553957443,2016-04-18 00:00:00.000,0
5553957443,2016-04-18 01:00:00.000,0
5553957443,2016-04-18 02:00:00.000,0
5553957443,2016-04-18 03:00:00.000,9
5553957443,2016-04-18 04:00:00.000,9
5553957443,2016-04-18 05:00:00.000,6
5553957443,2016-04-18 06:00:00.000,83
5553957443,2016-04-18 07:00:00.000,153
5553957443,2016-04-18 08:00:00.000,10
5553957443,2016-04-18 09:00:00.000,103
5553957443,2016-04-18 10:00:00.000,373
5553957443,2016-04-18 11:00:00.000,374
5553957443,2016-04-18 12:00:00.000,454
5553957443,2016-04-18 13:00:00.000,98
5553957443,2016-04-18 14:00:00.000,0
5553957443,2016-04-18 15:00:00.000,425
5553957443,2016-04-18 16:00:00.000,5
5553957443,2016-04-18 17:00:00.000,519
5553957443,2016-04-18 18:00:00.000,373
5553957443,2016-04-18 19:00:00.000,0
5553957443,2016-04-18 20:00:00.000,409
5553957443,2016-04-18 21:00:00.000,317
5553957443,2016-04-18 22:00:00.000,7
5553957443,2016-04-18 23:00:00.000,0
5553957443,2016-04-19 00:00:00.000,0
5553957443,2016-04-19 01:00:00.000,0
5553957443,2016-04-19 02:00:00.000,116
5553957443,2016-04-19 03:00:00.000,0
5553957443,2016-04-19 04:00:00.000,6
5553957443,2016-04-19 05:00:00.000,0
5553957443,2016-04-19 06:00:00.000,525
5553957443,2016-04-19 07:00:00.000,1983
5553957443,2016-04-19 08:00:00.000,950
5553957443,2016-04-19 09:00:00.000,125
5553957443,2016-04-19 10:00:00.000,6
5553957443,2016-04-19 11:00:00.000,70
5553957443,2016-04-19 12:00:00.000,2379
5553957443,2016-04-19 13:00:00.000,2277
5553957443,2016-04-19 14:00:00.000,7
5553957443,2016-04-19 15:00:00.000,2538
5553957443,2016-04-19 16:00:00.000,448
5553957443,2016-04-19 17:00:00.000,2598
5553957443,2016-04-19 18:00:00.000,554
5553957443,2016-04-19 19:00:00.000,217
5553957443,2016-04-19 20:00:00.000,120
5553957443,2016-04-19 21:00:00.000,466
5553957443,2016-04-19 22:00:00.000,97
5553957443,2016-04-19 23:00:00.000,0
5553957443,2016-04-20 00:00:00.000,0
5553957443,2016-04-20 01:00:00.000,4
5553957443,2016-04-20 02:00:00.000,16
5553957443,2016-04-20 03:00:00.000,0
5553957443,2016-04-20 04:00:00.000,17
5553957443,2016-04-20 05:00:00.000,7
5553957443,2016-04-20 06:00:00.000,96
5553957443,2016-04-20 07:00:00.000,0
5553957443,2016-04-20 08:00:00.000,11
5553957443,2016-04-20 09:00:00.000,0
5553957443,2016-04-20 10:00:00.000,144
5553957443,2016-04-20 11:00:00.000,118
5553957443,2016-04-20 12:00:00.000,479
5553957443,2016-04-20 13:00:00.000,534
5553957443,2016-04-20 14:00:00.000,135
5553957443,2016-04-20 15:00:00.000,42
5553957443,2016-04-20 16:00:00.000,114
5553957443,2016-04-20 17:00:00.000,85
5553957443,2016-04-20 18:00:00.000,38
5553957443,2016-04-20 19:00:00.000,46
5553957443,2016-04-20 20:00:00.000,349
5553957443,2016-04-20 21:00:00.000,228
5553957443,2016-04-20 22:00:00.000,239
5553957443,2016-04-20 23:00:00.000,11
5553957443,2016-04-21 00:00:00.000,0
5553957443,2016-04-21 01:00:00.000,0
5553957443,2016-04-21 02:00:00.000,111
5553957443,2016-04-21 03:00:00.000,0
5553957443,2016-04-21 04:00:00.000,0
5553957443,2016-04-21 05:00:00.000,13
5553957443,2016-04-21 06:00:00.000,410
5553957443,2016-04-21 07:00:00.000,644
5553957443,2016-04-21 08:00:00.000,1844
5553957443,2016-04-21 09:00:00.000,99
5553957443,2016-04-21 10:00:00.000,19
5553957443,2016-04-21 11:00:00.000,198
5553957443,2016-04-21 12:00:00.000,243
5553957443,2016-04-21 13:00:00.000,243
5553957443,2016-04-21 14:00:00.000,11
5553957443,2016-04-21 15:00:00.000,0
5553957443,2016-04-21 16:00:00.000,0
5553957443,2016-04-21 17:00:00.000,2325
5553957443,2016-04-21 18:00:00.000,3026
5553957443,2016-04-21 19:00:00.000,1021
5553957443,2016-04-21 20:00:00.000,9
5553957443,2016-04-21 21:00:00.000,1472
5553957443,2016-04-21 22:00:00.000,39
5553957443,2016-04-21 23:00:00.000,619
5553957443,2016-04-22 00:00:00.000,0
5553957443,2016-04-22 01:00:00.000,0
5553957443,2016-04-22 02:00:00.000,14
5553957443,2016-04-22 03:00:00.000,0
5553957443,2016-04-22 04:00:00.000,0
5553957443,2016-04-22 05:00:00.000,126
5553957443,2016-04-22 06:00:00.000,1360
5553957443,2016-04-22 07:00:00.000,1743
5553957443,2016-04-22 08:00:00.000,326
5553957443,2016-04-22 09:00:00.000,290
5553957443,2016-04-22 10:00:00.000,112
5553957443,2016-04-22 11:00:00.000,91
5553957443,2016-04-22 12:00:00.000,335
5553957443,2016-04-22 13:00:00.000,319
5553957443,2016-04-22 14:00:00.000,556
5553957443,2016-04-22 15:00:00.000,1002
5553957443,2016-04-22 16:00:00.000,1603
5553957443,2016-04-22 17:00:00.000,347
5553957443,2016-04-22 18:00:00.000,538
5553957443,2016-04-22 19:00:00.000,1419
5553957443,2016-04-22 20:00:00.000,489
5553957443,2016-04-22 21:00:00.000,736
5553957443,2016-04-22 22:00:00.000,53
5553957443,2016-04-22 23:00:00.000,211
5553957443,2016-04-23 00:00:00.000,258
5553957443,2016-04-23 01:00:00.000,10
5553957443,2016-04-23 02:00:00.000,9
5553957443,2016-04-23 03:00:00.000,0
5553957443,2016-04-23 04:00:00.000,0
5553957443,2016-04-23 05:00:00.000,76
5553957443,2016-04-23 06:00:00.000,8
5553957443,2016-04-23 07:00:00.000,0
5553957443,2016-04-23 08:00:00.000,0
5553957443,2016-04-23 09:00:00.000,10
5553957443,2016-04-23 10:00:00.000,28
5553957443,2016-04-23 11:00:00.000,102
5553957443,2016-04-23 12:00:00.000,88
5553957443,2016-04-23 13:00:00.000,26
5553957443,2016-04-23 14:00:00.000,0
5553957443,2016-04-23 15:00:00.000,66
5553957443,2016-04-23 16:00:00.000,394
5553957443,2016-04-23 17:00:00.000,412
5553957443,2016-04-23 18:00:00.000,501
5553957443,2016-04-23 19:00:00.000,785
5553957443,2016-04-23 20:00:00.000,484
5553957443,2016-04-23 21:00:00.000,237
5553957443,2016-04-23 22:00:00.000,266
5553957443,2016-04-23 23:00:00.000,350
5553957443,2016-04-24 00:00:00.000,154
5553957443,2016-04-24 01:00:00.000,0
5553957443,2016-04-24 02:00:00.000,0
5553957443,2016-04-24 03:00:00.000,25
5553957443,2016-04-24 04:00:00.000,80
5553957443,2016-04-24 05:00:00.000,18
5553957443,2016-04-24 06:00:00.000,23
5553957443,2016-04-24 07:00:00.000,6
5553957443,2016-04-24 08:00:00.000,0
5553957443,2016-04-24 09:00:00.000,10
5553957443,2016-04-24 10:00:00.000,204
5553957443,2016-04-24 11:00:00.000,119
5553957443,2016-04-24 12:00:00.000,89
5553957443,2016-04-24 13:00:00.000,24
5553957443,2016-04-24 14:00:00.000,80
5553957443,2016-04-24 15:00:00.000,0
5553957443,2016-04-24 16:00:00.000,39
5553957443,2016-04-24 17:00:00.000,297
5553957443,2016-04-24 18:00:00.000,59
5553957443,2016-04-24 19:00:00.000,26
5553957443,2016-04-24 20:00:00.000,251
5553957443,2016-04-24 21:00:00.000,282
5553957443,2016-04-24 22:00:00.000,21
5553957443,2016-04-24 23:00:00.000,0
5553957443,2016-04-25 00:00:00.000,0
5553957443,2016-04-25 01:00:00.000,0
5553957443,2016-04-25 02:00:00.000,0
5553957443,2016-04-25 03:00:00.000,0
5553957443,2016-04-25 04:00:00.000,0
5553957443,2016-04-25 05:00:00.000,40
5553957443,2016-04-25 06:00:00.000,572
5553957443,2016-04-25 07:00:00.000,2715
5553957443,2016-04-25 08:00:00.000,13
5553957443,2016-04-25 09:00:00.000,19
5553957443,2016-04-25 10:00:00.000,108
5553957443,2016-04-25 11:00:00.000,154
5553957443,2016-04-25 12:00:00.000,34
5553957443,2016-04-25 13:00:00.000,2451
5553957443,2016-04-25 14:00:00.000,601
5553957443,2016-04-25 15:00:00.000,275
5553957443,2016-04-25 16:00:00.000,83
5553957443,2016-04-25 17:00:00.000,1838
5553957443,2016-04-25 18:00:00.000,1149
5553957443,2016-04-25 19:00:00.000,380
5553957443,2016-04-25 20:00:00.000,65
5553957443,2016-04-25 21:00:00.000,423
5553957443,2016-04-25 22:00:00.000,26
5553957443,2016-04-25 23:00:00.000,0
5553957443,2016-04-26 00:00:00.000,0
5553957443,2016-04-26 01:00:00.000,0
5553957443,2016-04-26 02:00:00.000,5
5553957443,2016-04-26 03:00:00.000,10
5553957443,2016-04-26 04:00:00.000,0
5553957443,2016-04-26 05:00:00.000,11
5553957443,2016-04-26 06:00:00.000,888
5553957443,2016-04-26 07:00:00.000,2641
5553957443,2016-04-26 08:00:00.000,20
5553957443,2016-04-26 09:00:00.000,161
5553957443,2016-04-26 10:00:00.000,55
5553957443,2016-04-26 11:00:00.000,114
5553957443,2016-04-26 12:00:00.000,2595
5553957443,2016-04-26 13:00:00.000,834
5553957443,2016-04-26 14:00:00.000,74
5553957443,2016-04-26 15:00:00.000,0
5553957443,2016-04-26 16:00:00.000,0
5553957443,2016-04-26 17:00:00.000,2411
5553957443,2016-04-26 18:00:00.000,517
5553957443,2016-04-26 19:00:00.000,406
5553957443,2016-04-26 20:00:00.000,184
5553957443,2016-04-26 21:00:00.000,204
5553957443,2016-04-26 22:00:00.000,691
5553957443,2016-04-26 23:00:00.000,65
5553957443,2016-04-27 00:00:00.000,0
5553957443,2016-04-27 01:00:00.000,0
5553957443,2016-04-27 02:00:00.000,8
5553957443,2016-04-27 03:00:00.000,0
5553957443,2016-04-27 04:00:00.000,4
5553957443,2016-04-27 05:00:00.000,7
5553957443,2016-04-27 06:00:00.000,942
5553957443,2016-04-27 07:00:00.000,1267
5553957443,2016-04-27 08:00:00.000,466
5553957443,2016-04-27 09:00:00.000,177
5553957443,2016-04-27 10:00:00.000,142
5553957443,2016-04-27 11:00:00.000,423
5553957443,2016-04-27 12:00:00.000,480
5553957443,2016-04-27 13:00:00.000,395
5553957443,2016-04-27 14:00:00.000,106
5553957443,2016-04-27 15:00:00.000,542
5553957443,2016-04-27 16:00:00.000,95
5553957443,2016-04-27 17:00:00.000,3605
5553957443,2016-04-27 18:00:00.000,1341
5553957443,2016-04-27 19:00:00.000,4
5553957443,2016-04-27 20:00:00.000,276
5553957443,2016-04-27 21:00:00.000,258
5553957443,2016-04-27 22:00:00.000,0
5553957443,2016-04-27 23:00:00.000,0
5553957443,2016-04-28 00:00:00.000,0
5553957443,2016-04-28 01:00:00.000,0
5553957443,2016-04-28 02:00:00.000,9
5553957443,2016-04-28 03:00:00.000,15
5553957443,2016-04-28 04:00:00.000,0
5553957443,2016-04-28 05:00:00.000,0
5553957443,2016-04-28 06:00:00.000,107
5553957443,2016-04-28 07:00:00.000,2046
5553957443,2016-04-28 08:00:00.000,861
5553957443,2016-04-28 09:00:00.000,170
5553957443,2016-04-28 10:00:00.000,164
5553957443,2016-04-28 11:00:00.000,80
5553957443,2016-04-28 12:00:00.000,118
5553957443,2016-04-28 13:00:00.000,456
5553957443,2016-04-28 14:00:00.000,3729
5553957443,2016-04-28 15:00:00.000,42
5553957443,2016-04-28 16:00:00.000,1999
5553957443,2016-04-28 17:00:00.000,1157
5553957443,2016-04-28 18:00:00.000,31
5553957443,2016-04-28 19:00:00.000,96
5553957443,2016-04-28 20:00:00.000,95
5553957443,2016-04-28 21:00:00.000,210
5553957443,2016-04-28 22:00:00.000,0
5553957443,2016-04-28 23:00:00.000,8
5553957443,2016-04-29 00:00:00.000,0
5553957443,2016-04-29 01:00:00.000,0
5553957443,2016-04-29 02:00:00.000,8
5553957443,2016-04-29 03:00:00.000,60
5553957443,2016-04-29 04:00:00.000,13
5553957443,2016-04-29 05:00:00.000,0
5553957443,2016-04-29 06:00:00.000,687
5553957443,2016-04-29 07:00:00.000,2761
5553957443,2016-04-29 08:00:00.000,179
5553957443,2016-04-29 09:00:00.000,0
5553957443,2016-04-29 10:00:00.000,305
5553957443,2016-04-29 11:00:00.000,2456
5553957443,2016-04-29 12:00:00.000,469
5553957443,2016-04-29 13:00:00.000,359
5553957443,2016-04-29 14:00:00.000,73
5553957443,2016-04-29 15:00:00.000,247
5553957443,2016-04-29 16:00:00.000,2887
5553957443,2016-04-29 17:00:00.000,803
5553957443,2016-04-29 18:00:00.000,662
5553957443,2016-04-29 19:00:00.000,157
5553957443,2016-04-29 20:00:00.000,139
5553957443,2016-04-29 21:00:00.000,165
5553957443,2016-04-29 22:00:00.000,7
5553957443,2016-04-29 23:00:00.000,327
5553957443,2016-04-30 00:00:00.000,0
5553957443,2016-04-30 01:00:00.000,0
5553957443,2016-04-30 02:00:00.000,0
5553957443,2016-04-30 03:00:00.000,0
5553957443,2016-04-30 04:00:00.000,0
5553957443,2016-04-30 05:00:00.000,9
5553957443,2016-04-30 06:00:00.000,32
5553957443,2016-04-30 07:00:00.000,0
5553957443,2016-04-30 08:00:00.000,0
5553957443,2016-04-30 09:00:00.000,0
5553957443,2016-04-30 10:00:00.000,8
5553957443,2016-04-30 11:00:00.000,127
5553957443,2016-04-30 12:00:00.000,143
5553957443,2016-04-30 13:00:00.000,0
5553957443,2016-04-30 14:00:00.000,41
5553957443,2016-04-30 15:00:00.000,38
5553957443,2016-04-30 16:00:00.000,13
5553957443,2016-04-30 17:00:00.000,22
5553957443,2016-04-30 18:00:00.000,61
5553957443,2016-04-30 19:00:00.000,297
5553957443,2016-04-30 20:00:00.000,49
5553957443,2016-04-30 21:00:00.000,113
5553957443,2016-04-30 22:00:00.000,179
5553957443,2016-04-30 23:00:00.000,70
5553957443,2016-01-05 00:00:00.000,0
5553957443,2016-01-05 01:00:00.000,0
5553957443,2016-01-05 02:00:00.000,0
5553957443,2016-01-05 03:00:00.000,0
5553957443,2016-01-05 04:00:00.000,0
5553957443,2016-01-05 05:00:00.000,53
5553957443,2016-01-05 06:00:00.000,5
5553957443,2016-01-05 07:00:00.000,0
5553957443,2016-01-05 08:00:00.000,13
5553957443,2016-01-05 09:00:00.000,174
5553957443,2016-01-05 10:00:00.000,702
5553957443,2016-01-05 11:00:00.000,418
5553957443,2016-01-05 12:00:00.000,1171
5553957443,2016-01-05 13:00:00.000,605
5553957443,2016-01-05 14:00:00.000,225
5553957443,2016-01-05 15:00:00.000,0
5553957443,2016-01-05 16:00:00.000,105
5553957443,2016-01-05 17:00:00.000,332
5553957443,2016-01-05 18:00:00.000,384
5553957443,2016-01-05 19:00:00.000,504
5553957443,2016-01-05 20:00:00.000,322
5553957443,2016-01-05 21:00:00.000,68
5553957443,2016-01-05 22:00:00.000,83
5553957443,2016-01-05 23:00:00.000,0
5553957443,2016-02-05 00:00:00.000,0
5553957443,2016-02-05 01:00:00.000,0
5553957443,2016-02-05 02:00:00.000,8
5553957443,2016-02-05 03:00:00.000,0
5553957443,2016-02-05 04:00:00.000,0
5553957443,2016-02-05 05:00:00.000,24
5553957443,2016-02-05 06:00:00.000,831
5553957443,2016-02-05 07:00:00.000,1649
5553957443,2016-02-05 08:00:00.000,345
5553957443,2016-02-05 09:00:00.000,338
5553957443,2016-02-05 10:00:00.000,332
5553957443,2016-02-05 11:00:00.000,384
5553957443,2016-02-05 12:00:00.000,143
5553957443,2016-02-05 13:00:00.000,82
5553957443,2016-02-05 14:00:00.000,103
5553957443,2016-02-05 15:00:00.000,108
5553957443,2016-02-05 16:00:00.000,2457
5553957443,2016-02-05 17:00:00.000,1386
5553957443,2016-02-05 18:00:00.000,1181
5553957443,2016-02-05 19:00:00.000,102
5553957443,2016-02-05 20:00:00.000,140
5553957443,2016-02-05 21:00:00.000,126
5553957443,2016-02-05 22:00:00.000,30
5553957443,2016-02-05 23:00:00.000,0
5553957443,2016-03-05 00:00:00.000,24
5553957443,2016-03-05 01:00:00.000,8
5553957443,2016-03-05 02:00:00.000,12
5553957443,2016-03-05 03:00:00.000,5
5553957443,2016-03-05 04:00:00.000,0
5553957443,2016-03-05 05:00:00.000,201
5553957443,2016-03-05 06:00:00.000,1528
5553957443,2016-03-05 07:00:00.000,833
5553957443,2016-03-05 08:00:00.000,0
5553957443,2016-03-05 09:00:00.000,106
5553957443,2016-03-05 10:00:00.000,204
5553957443,2016-03-05 11:00:00.000,70
5553957443,2016-03-05 12:00:00.000,612
5553957443,2016-03-05 13:00:00.000,68
5553957443,2016-03-05 14:00:00.000,0
5553957443,2016-03-05 15:00:00.000,25
5553957443,2016-03-05 16:00:00.000,1613
5553957443,2016-03-05 17:00:00.000,2518
5553957443,2016-03-05 18:00:00.000,797
5553957443,2016-03-05 19:00:00.000,1502
5553957443,2016-03-05 20:00:00.000,1362
5553957443,2016-03-05 21:00:00.000,84
5553957443,2016-03-05 22:00:00.000,986
5553957443,2016-03-05 23:00:00.000,263
5553957443,2016-04-05 00:00:00.000,244
5553957443,2016-04-05 01:00:00.000,0
5553957443,2016-04-05 02:00:00.000,10
5553957443,2016-04-05 03:00:00.000,0
5553957443,2016-04-05 04:00:00.000,0
5553957443,2016-04-05 05:00:00.000,0
5553957443,2016-04-05 06:00:00.000,66
5553957443,2016-04-05 07:00:00.000,0
5553957443,2016-04-05 08:00:00.000,61
5553957443,2016-04-05 09:00:00.000,61
5553957443,2016-04-05 10:00:00.000,83
5553957443,2016-04-05 11:00:00.000,23
5553957443,2016-04-05 12:00:00.000,116
5553957443,2016-04-05 13:00:00.000,118
5553957443,2016-04-05 14:00:00.000,321
5553957443,2016-04-05 15:00:00.000,578
5553957443,2016-04-05 16:00:00.000,454
5553957443,2016-04-05 17:00:00.000,432
5553957443,2016-04-05 18:00:00.000,557
5553957443,2016-04-05 19:00:00.000,566
5553957443,2016-04-05 20:00:00.000,111
5553957443,2016-04-05 21:00:00.000,345
5553957443,2016-04-05 22:00:00.000,103
5553957443,2016-04-05 23:00:00.000,0
5553957443,2016-05-05 00:00:00.000,0
5553957443,2016-05-05 01:00:00.000,10
5553957443,2016-05-05 02:00:00.000,0
5553957443,2016-05-05 03:00:00.000,0
5553957443,2016-05-05 04:00:00.000,0
5553957443,2016-05-05 05:00:00.000,5
5553957443,2016-05-05 06:00:00.000,262
5553957443,2016-05-05 07:00:00.000,1366
5553957443,2016-05-05 08:00:00.000,1683
5553957443,2016-05-05 09:00:00.000,376
5553957443,2016-05-05 10:00:00.000,42
5553957443,2016-05-05 11:00:00.000,51
5553957443,2016-05-05 12:00:00.000,262
5553957443,2016-05-05 13:00:00.000,203
5553957443,2016-05-05 14:00:00.000,585
5553957443,2016-05-05 15:00:00.000,90
5553957443,2016-05-05 16:00:00.000,2951
5553957443,2016-05-05 17:00:00.000,3133
5553957443,2016-05-05 18:00:00.000,874
5553957443,2016-05-05 19:00:00.000,744
5553957443,2016-05-05 20:00:00.000,1061
5553957443,2016-05-05 21:00:00.000,271
5553957443,2016-05-05 22:00:00.000,348
5553957443,2016-05-05 23:00:00.000,14
5553957443,2016-06-05 00:00:00.000,0
5553957443,2016-06-05 01:00:00.000,0
5553957443,2016-06-05 02:00:00.000,0
5553957443,2016-06-05 03:00:00.000,13
5553957443,2016-06-05 04:00:00.000,86
5553957443,2016-06-05 05:00:00.000,7
5553957443,2016-06-05 06:00:00.000,225
5553957443,2016-06-05 07:00:00.000,1506
5553957443,2016-06-05 08:00:00.000,2054
5553957443,2016-06-05 09:00:00.000,21
5553957443,2016-06-05 10:00:00.000,4
5553957443,2016-06-05 11:00:00.000,68
5553957443,2016-06-05 12:00:00.000,280
5553957443,2016-06-05 13:00:00.000,52
5553957443,2016-06-05 14:00:00.000,339
5553957443,2016-06-05 15:00:00.000,75
5553957443,2016-06-05 16:00:00.000,0
5553957443,2016-06-05 17:00:00.000,2042
5553957443,2016-06-05 18:00:00.000,897
5553957443,2016-06-05 19:00:00.000,1142
5553957443,2016-06-05 20:00:00.000,293
5553957443,2016-06-05 21:00:00.000,31
5553957443,2016-06-05 22:00:00.000,497
5553957443,2016-06-05 23:00:00.000,0
5553957443,2016-07-05 00:00:00.000,0
5553957443,2016-07-05 01:00:00.000,7
5553957443,2016-07-05 02:00:00.000,0
5553957443,2016-07-05 03:00:00.000,0
5553957443,2016-07-05 04:00:00.000,0
5553957443,2016-07-05 05:00:00.000,0
5553957443,2016-07-05 06:00:00.000,0
5553957443,2016-07-05 07:00:00.000,102
5553957443,2016-07-05 08:00:00.000,0
5553957443,2016-07-05 09:00:00.000,0
5553957443,2016-07-05 10:00:00.000,0
5553957443,2016-07-05 11:00:00.000,0
5553957443,2016-07-05 12:00:00.000,0
5553957443,2016-07-05 13:00:00.000,0
5553957443,2016-07-05 14:00:00.000,80
5553957443,2016-07-05 15:00:00.000,0
5553957443,2016-07-05 16:00:00.000,0
5553957443,2016-07-05 17:00:00.000,98
5553957443,2016-07-05 18:00:00.000,550
5553957443,2016-07-05 19:00:00.000,144
5553957443,2016-07-05 20:00:00.000,56
5553957443,2016-07-05 21:00:00.000,294
5553957443,2016-07-05 22:00:00.000,336
5553957443,2016-07-05 23:00:00.000,201
5553957443,2016-08-05 00:00:00.000,0
5553957443,2016-08-05 01:00:00.000,0
5553957443,2016-08-05 02:00:00.000,0
5553957443,2016-08-05 03:00:00.000,0
5553957443,2016-08-05 04:00:00.000,42
5553957443,2016-08-05 05:00:00.000,9
5553957443,2016-08-05 06:00:00.000,7
5553957443,2016-08-05 07:00:00.000,0
5553957443,2016-08-05 08:00:00.000,0
5553957443,2016-08-05 09:00:00.000,123
5553957443,2016-08-05 10:00:00.000,350
5553957443,2016-08-05 11:00:00.000,9
5553957443,2016-08-05 12:00:00.000,1969
5553957443,2016-08-05 13:00:00.000,870
5553957443,2016-08-05 14:00:00.000,52
5553957443,2016-08-05 15:00:00.000,111
5553957443,2016-08-05 16:00:00.000,287
5553957443,2016-08-05 17:00:00.000,269
5553957443,2016-08-05 18:00:00.000,638
5553957443,2016-08-05 19:00:00.000,767
5553957443,2016-08-05 20:00:00.000,247
5553957443,2016-08-05 21:00:00.000,324
5553957443,2016-08-05 22:00:00.000,9
5553957443,2016-08-05 23:00:00.000,0
5553957443,2016-09-05 00:00:00.000,43
5553957443,2016-09-05 01:00:00.000,5
5553957443,2016-09-05 02:00:00.000,0
5553957443,2016-09-05 03:00:00.000,8
5553957443,2016-09-05 04:00:00.000,0
5553957443,2016-09-05 05:00:00.000,0
5553957443,2016-09-05 06:00:00.000,539
5553957443,2016-09-05 07:00:00.000,1782
5553957443,2016-09-05 08:00:00.000,1470
5553957443,2016-09-05 09:00:00.000,20
5553957443,2016-09-05 10:00:00.000,232
5553957443,2016-09-05 11:00:00.000,153
5553957443,2016-09-05 12:00:00.000,125
5553957443,2016-09-05 13:00:00.000,17
5553957443,2016-09-05 14:00:00.000,4
5553957443,2016-09-05 15:00:00.000,0
5553957443,2016-09-05 16:00:00.000,1736
5553957443,2016-09-05 17:00:00.000,722
5553957443,2016-09-05 18:00:00.000,2661
5553957443,2016-09-05 19:00:00.000,1283
5553957443,2016-09-05 20:00:00.000,443
5553957443,2016-09-05 21:00:00.000,261
5553957443,2016-09-05 22:00:00.000,107
5553957443,2016-09-05 23:00:00.000,0
5553957443,2016-10-05 00:00:00.000,0
5553957443,2016-10-05 01:00:00.000,0
5553957443,2016-10-05 02:00:00.000,0
5553957443,2016-10-05 03:00:00.000,61
5553957443,2016-10-05 04:00:00.000,0
5553957443,2016-10-05 05:00:00.000,0
5553957443,2016-10-05 06:00:00.000,737
5553957443,2016-10-05 07:00:00.000,2830
5553957443,2016-10-05 08:00:00.000,15
5553957443,2016-10-05 09:00:00.000,0
5553957443,2016-10-05 10:00:00.000,7
5553957443,2016-10-05 11:00:00.000,2690
5553957443,2016-10-05 12:00:00.000,3160
5553957443,2016-10-05 13:00:00.000,97
5553957443,2016-10-05 14:00:00.000,0
5553957443,2016-10-05 15:00:00.000,38
5553957443,2016-10-05 16:00:00.000,152
5553957443,2016-10-05 17:00:00.000,2245
5553957443,2016-10-05 18:00:00.000,969
5553957443,2016-10-05 19:00:00.000,309
5553957443,2016-10-05 20:00:00.000,497
5553957443,2016-10-05 21:00:00.000,1098
5553957443,2016-10-05 22:00:00.000,971
5553957443,2016-10-05 23:00:00.000,439
5553957443,2016-11-05 00:00:00.000,109
5553957443,2016-11-05 01:00:00.000,0
5553957443,2016-11-05 02:00:00.000,6
5553957443,2016-11-05 03:00:00.000,0
5553957443,2016-11-05 04:00:00.000,0
5553957443,2016-11-05 05:00:00.000,0
5553957443,2016-11-05 06:00:00.000,5
5553957443,2016-11-05 07:00:00.000,0
5553957443,2016-11-05 08:00:00.000,407
5553957443,2016-11-05 09:00:00.000,79
5553957443,2016-11-05 10:00:00.000,455
5553957443,2016-11-05 11:00:00.000,69
5553957443,2016-11-05 12:00:00.000,392
5553957443,2016-11-05 13:00:00.000,9
5553957443,2016-11-05 14:00:00.000,532
5553957443,2016-11-05 15:00:00.000,523
5553957443,2016-11-05 16:00:00.000,302
5553957443,2016-11-05 17:00:00.000,10
5553957443,2016-11-05 18:00:00.000,469
5553957443,2016-11-05 19:00:00.000,745
5553957443,2016-11-05 20:00:00.000,441
5553957443,2016-11-05 21:00:00.000,344
5553957443,2016-11-05 22:00:00.000,0
5553957443,2016-11-05 23:00:00.000,29
5553957443,2016-12-05 00:00:00.000,11
5553957443,2016-12-05 01:00:00.000,9
5553957443,2016-12-05 02:00:00.000,24
5553957443,2016-12-05 03:00:00.000,0
5553957443,2016-12-05 04:00:00.000,0
5553957443,2016-12-05 05:00:00.000,55
5553957443,2016-12-05 06:00:00.000,312
5553957443,2016-12-05 07:00:00.000,2710
5553957443,2016-12-05 08:00:00.000,0
5553957443,2016-12-05 09:00:00.000,0
5577150313,2016-12-04 00:00:00.000,0
5577150313,2016-12-04 01:00:00.000,0
5577150313,2016-12-04 02:00:00.000,0
5577150313,2016-12-04 03:00:00.000,0
5577150313,2016-12-04 04:00:00.000,0
5577150313,2016-12-04 05:00:00.000,31
5577150313,2016-12-04 06:00:00.000,2073
5577150313,2016-12-04 07:00:00.000,112
5577150313,2016-12-04 08:00:00.000,339
5577150313,2016-12-04 09:00:00.000,120
5577150313,2016-12-04 10:00:00.000,276
5577150313,2016-12-04 11:00:00.000,1434
5577150313,2016-12-04 12:00:00.000,58
5577150313,2016-12-04 13:00:00.000,142
5577150313,2016-12-04 14:00:00.000,14
5577150313,2016-12-04 15:00:00.000,200
5577150313,2016-12-04 16:00:00.000,1653
5577150313,2016-12-04 17:00:00.000,229
5577150313,2016-12-04 18:00:00.000,222
5577150313,2016-12-04 19:00:00.000,875
5577150313,2016-12-04 20:00:00.000,216
5577150313,2016-12-04 21:00:00.000,105
5577150313,2016-12-04 22:00:00.000,36
5577150313,2016-12-04 23:00:00.000,0
5577150313,2016-04-13 00:00:00.000,0
5577150313,2016-04-13 01:00:00.000,0
5577150313,2016-04-13 02:00:00.000,6
5577150313,2016-04-13 03:00:00.000,8
5577150313,2016-04-13 04:00:00.000,64
5577150313,2016-04-13 05:00:00.000,32
5577150313,2016-04-13 06:00:00.000,1908
5577150313,2016-04-13 07:00:00.000,219
5577150313,2016-04-13 08:00:00.000,366
5577150313,2016-04-13 09:00:00.000,71
5577150313,2016-04-13 10:00:00.000,285
5577150313,2016-04-13 11:00:00.000,467
5577150313,2016-04-13 12:00:00.000,0
5577150313,2016-04-13 13:00:00.000,0
5577150313,2016-04-13 14:00:00.000,0
5577150313,2016-04-13 15:00:00.000,0
5577150313,2016-04-13 16:00:00.000,0
5577150313,2016-04-13 17:00:00.000,420
5577150313,2016-04-13 18:00:00.000,0
5577150313,2016-04-13 19:00:00.000,339
5577150313,2016-04-13 20:00:00.000,869
5577150313,2016-04-13 21:00:00.000,23
5577150313,2016-04-13 22:00:00.000,0
5577150313,2016-04-13 23:00:00.000,0
5577150313,2016-04-14 00:00:00.000,72
5577150313,2016-04-14 01:00:00.000,0
5577150313,2016-04-14 02:00:00.000,0
5577150313,2016-04-14 03:00:00.000,0
5577150313,2016-04-14 04:00:00.000,6
5577150313,2016-04-14 05:00:00.000,158
5577150313,2016-04-14 06:00:00.000,1410
5577150313,2016-04-14 07:00:00.000,430
5577150313,2016-04-14 08:00:00.000,98
5577150313,2016-04-14 09:00:00.000,124
5577150313,2016-04-14 10:00:00.000,0
5577150313,2016-04-14 11:00:00.000,1444
5577150313,2016-04-14 12:00:00.000,267
5577150313,2016-04-14 13:00:00.000,169
5577150313,2016-04-14 14:00:00.000,1489
5577150313,2016-04-14 15:00:00.000,870
5577150313,2016-04-14 16:00:00.000,582
5577150313,2016-04-14 17:00:00.000,205
5577150313,2016-04-14 18:00:00.000,119
5577150313,2016-04-14 19:00:00.000,688
5577150313,2016-04-14 20:00:00.000,351
5577150313,2016-04-14 21:00:00.000,100
5577150313,2016-04-14 22:00:00.000,14
5577150313,2016-04-14 23:00:00.000,0
5577150313,2016-04-15 00:00:00.000,48
5577150313,2016-04-15 01:00:00.000,0
5577150313,2016-04-15 02:00:00.000,5
5577150313,2016-04-15 03:00:00.000,6
5577150313,2016-04-15 04:00:00.000,9
5577150313,2016-04-15 05:00:00.000,787
5577150313,2016-04-15 06:00:00.000,1822
5577150313,2016-04-15 07:00:00.000,239
5577150313,2016-04-15 08:00:00.000,215
5577150313,2016-04-15 09:00:00.000,199
5577150313,2016-04-15 10:00:00.000,291
5577150313,2016-04-15 11:00:00.000,1295
5577150313,2016-04-15 12:00:00.000,255
5577150313,2016-04-15 13:00:00.000,581
5577150313,2016-04-15 14:00:00.000,634
5577150313,2016-04-15 15:00:00.000,1940
5577150313,2016-04-15 16:00:00.000,288
5577150313,2016-04-15 17:00:00.000,106
5577150313,2016-04-15 18:00:00.000,785
5577150313,2016-04-15 19:00:00.000,1431
5577150313,2016-04-15 20:00:00.000,1102
5577150313,2016-04-15 21:00:00.000,4
5577150313,2016-04-15 22:00:00.000,45
5577150313,2016-04-15 23:00:00.000,0
5577150313,2016-04-16 00:00:00.000,68
5577150313,2016-04-16 01:00:00.000,4
5577150313,2016-04-16 02:00:00.000,62
5577150313,2016-04-16 03:00:00.000,5
5577150313,2016-04-16 04:00:00.000,0
5577150313,2016-04-16 05:00:00.000,0
5577150313,2016-04-16 06:00:00.000,2088
5577150313,2016-04-16 07:00:00.000,1525
5577150313,2016-04-16 08:00:00.000,85
5577150313,2016-04-16 09:00:00.000,4
5577150313,2016-04-16 10:00:00.000,1526
5577150313,2016-04-16 11:00:00.000,964
5577150313,2016-04-16 12:00:00.000,316
5577150313,2016-04-16 13:00:00.000,1173
5577150313,2016-04-16 14:00:00.000,3729
5577150313,2016-04-16 15:00:00.000,457
5577150313,2016-04-16 16:00:00.000,173
5577150313,2016-04-16 17:00:00.000,471
5577150313,2016-04-16 18:00:00.000,715
5577150313,2016-04-16 19:00:00.000,648
5577150313,2016-04-16 20:00:00.000,241
5577150313,2016-04-16 21:00:00.000,0
5577150313,2016-04-16 22:00:00.000,7
5577150313,2016-04-16 23:00:00.000,0
5577150313,2016-04-17 00:00:00.000,8
5577150313,2016-04-17 01:00:00.000,0
5577150313,2016-04-17 02:00:00.000,62
5577150313,2016-04-17 03:00:00.000,0
5577150313,2016-04-17 04:00:00.000,7
5577150313,2016-04-17 05:00:00.000,8
5577150313,2016-04-17 06:00:00.000,569
5577150313,2016-04-17 07:00:00.000,2249
5577150313,2016-04-17 08:00:00.000,312
5577150313,2016-04-17 09:00:00.000,807
5577150313,2016-04-17 10:00:00.000,1034
5577150313,2016-04-17 11:00:00.000,1091
5577150313,2016-04-17 12:00:00.000,2035
5577150313,2016-04-17 13:00:00.000,1695
5577150313,2016-04-17 14:00:00.000,401
5577150313,2016-04-17 15:00:00.000,222
5577150313,2016-04-17 16:00:00.000,23
5577150313,2016-04-17 17:00:00.000,6
5577150313,2016-04-17 18:00:00.000,401
5577150313,2016-04-17 19:00:00.000,186
5577150313,2016-04-17 20:00:00.000,382
5577150313,2016-04-17 21:00:00.000,719
5577150313,2016-04-17 22:00:00.000,14
5577150313,2016-04-17 23:00:00.000,0
5577150313,2016-04-18 00:00:00.000,0
5577150313,2016-04-18 01:00:00.000,0
5577150313,2016-04-18 02:00:00.000,0
5577150313,2016-04-18 03:00:00.000,0
5577150313,2016-04-18 04:00:00.000,0
5577150313,2016-04-18 05:00:00.000,11
5577150313,2016-04-18 06:00:00.000,0
5577150313,2016-04-18 07:00:00.000,223
5577150313,2016-04-18 08:00:00.000,41
5577150313,2016-04-18 09:00:00.000,4181
5577150313,2016-04-18 10:00:00.000,2539
5577150313,2016-04-18 11:00:00.000,11
5577150313,2016-04-18 12:00:00.000,53
5577150313,2016-04-18 13:00:00.000,7
5577150313,2016-04-18 14:00:00.000,631
5577150313,2016-04-18 15:00:00.000,56
5577150313,2016-04-18 16:00:00.000,419
5577150313,2016-04-18 17:00:00.000,134
5577150313,2016-04-18 18:00:00.000,866
5577150313,2016-04-18 19:00:00.000,362
5577150313,2016-04-18 20:00:00.000,96
5577150313,2016-04-18 21:00:00.000,248
5577150313,2016-04-18 22:00:00.000,0
5577150313,2016-04-18 23:00:00.000,15
5577150313,2016-04-19 00:00:00.000,0
5577150313,2016-04-19 01:00:00.000,0
5577150313,2016-04-19 02:00:00.000,0
5577150313,2016-04-19 03:00:00.000,0
5577150313,2016-04-19 04:00:00.000,0
5577150313,2016-04-19 05:00:00.000,0
5577150313,2016-04-19 06:00:00.000,38
5577150313,2016-04-19 07:00:00.000,3910
5577150313,2016-04-19 08:00:00.000,1704
5577150313,2016-04-19 09:00:00.000,9
5577150313,2016-04-19 10:00:00.000,176
5577150313,2016-04-19 11:00:00.000,69
5577150313,2016-04-19 12:00:00.000,929
5577150313,2016-04-19 13:00:00.000,257
5577150313,2016-04-19 14:00:00.000,2181
5577150313,2016-04-19 15:00:00.000,393
5577150313,2016-04-19 16:00:00.000,249
5577150313,2016-04-19 17:00:00.000,0
5577150313,2016-04-19 18:00:00.000,142
5577150313,2016-04-19 19:00:00.000,114
5577150313,2016-04-19 20:00:00.000,2303
5577150313,2016-04-19 21:00:00.000,74
5577150313,2016-04-19 22:00:00.000,14
5577150313,2016-04-19 23:00:00.000,12
5577150313,2016-04-20 00:00:00.000,0
5577150313,2016-04-20 01:00:00.000,0
5577150313,2016-04-20 02:00:00.000,6
5577150313,2016-04-20 03:00:00.000,4
5577150313,2016-04-20 04:00:00.000,9
5577150313,2016-04-20 05:00:00.000,0
5577150313,2016-04-20 06:00:00.000,0
5577150313,2016-04-20 07:00:00.000,0
5577150313,2016-04-20 08:00:00.000,4000
5577150313,2016-04-20 09:00:00.000,702
5577150313,2016-04-20 10:00:00.000,536
5577150313,2016-04-20 11:00:00.000,307
5577150313,2016-04-20 12:00:00.000,283
5577150313,2016-04-20 13:00:00.000,499
5577150313,2016-04-20 14:00:00.000,343
5577150313,2016-04-20 15:00:00.000,5
5577150313,2016-04-20 16:00:00.000,353
5577150313,2016-04-20 17:00:00.000,60
5577150313,2016-04-20 18:00:00.000,342
5577150313,2016-04-20 19:00:00.000,435
5577150313,2016-04-20 20:00:00.000,281
5577150313,2016-04-20 21:00:00.000,27
5577150313,2016-04-20 22:00:00.000,83
5577150313,2016-04-20 23:00:00.000,55
5577150313,2016-04-21 00:00:00.000,0
5577150313,2016-04-21 01:00:00.000,0
5577150313,2016-04-21 02:00:00.000,5
5577150313,2016-04-21 03:00:00.000,6
5577150313,2016-04-21 04:00:00.000,0
5577150313,2016-04-21 05:00:00.000,5
5577150313,2016-04-21 06:00:00.000,2017
5577150313,2016-04-21 07:00:00.000,326
5577150313,2016-04-21 08:00:00.000,382
5577150313,2016-04-21 09:00:00.000,230
5577150313,2016-04-21 10:00:00.000,0
5577150313,2016-04-21 11:00:00.000,1738
5577150313,2016-04-21 12:00:00.000,64
5577150313,2016-04-21 13:00:00.000,236
5577150313,2016-04-21 14:00:00.000,1409
5577150313,2016-04-21 15:00:00.000,2020
5577150313,2016-04-21 16:00:00.000,477
5577150313,2016-04-21 17:00:00.000,640
5577150313,2016-04-21 18:00:00.000,101
5577150313,2016-04-21 19:00:00.000,788
5577150313,2016-04-21 20:00:00.000,239
5577150313,2016-04-21 21:00:00.000,8
5577150313,2016-04-21 22:00:00.000,139
5577150313,2016-04-21 23:00:00.000,0
5577150313,2016-04-22 00:00:00.000,9
5577150313,2016-04-22 01:00:00.000,0
5577150313,2016-04-22 02:00:00.000,0
5577150313,2016-04-22 03:00:00.000,206
5577150313,2016-04-22 04:00:00.000,0
5577150313,2016-04-22 05:00:00.000,608
5577150313,2016-04-22 06:00:00.000,2196
5577150313,2016-04-22 07:00:00.000,432
5577150313,2016-04-22 08:00:00.000,315
5577150313,2016-04-22 09:00:00.000,293
5577150313,2016-04-22 10:00:00.000,271
5577150313,2016-04-22 11:00:00.000,335
5577150313,2016-04-22 12:00:00.000,540
5577150313,2016-04-22 13:00:00.000,49
5577150313,2016-04-22 14:00:00.000,37
5577150313,2016-04-22 15:00:00.000,9
5577150313,2016-04-22 16:00:00.000,88
5577150313,2016-04-22 17:00:00.000,316
5577150313,2016-04-22 18:00:00.000,663
5577150313,2016-04-22 19:00:00.000,714
5577150313,2016-04-22 20:00:00.000,874
5577150313,2016-04-22 21:00:00.000,92
5577150313,2016-04-22 22:00:00.000,536
5577150313,2016-04-22 23:00:00.000,117
5577150313,2016-04-23 00:00:00.000,6
5577150313,2016-04-23 01:00:00.000,0
5577150313,2016-04-23 02:00:00.000,9
5577150313,2016-04-23 03:00:00.000,0
5577150313,2016-04-23 04:00:00.000,41
5577150313,2016-04-23 05:00:00.000,0
5577150313,2016-04-23 06:00:00.000,193
5577150313,2016-04-23 07:00:00.000,325
5577150313,2016-04-23 08:00:00.000,56
5577150313,2016-04-23 09:00:00.000,346
5577150313,2016-04-23 10:00:00.000,973
5577150313,2016-04-23 11:00:00.000,550
5577150313,2016-04-23 12:00:00.000,376
5577150313,2016-04-23 13:00:00.000,407
5577150313,2016-04-23 14:00:00.000,63
5577150313,2016-04-23 15:00:00.000,1764
5577150313,2016-04-23 16:00:00.000,175
5577150313,2016-04-23 17:00:00.000,854
5577150313,2016-04-23 18:00:00.000,628
5577150313,2016-04-23 19:00:00.000,267
5577150313,2016-04-23 20:00:00.000,556
5577150313,2016-04-23 21:00:00.000,31
5577150313,2016-04-23 22:00:00.000,7
5577150313,2016-04-23 23:00:00.000,11
5577150313,2016-04-24 00:00:00.000,0
5577150313,2016-04-24 01:00:00.000,44
5577150313,2016-04-24 02:00:00.000,58
5577150313,2016-04-24 03:00:00.000,0
5577150313,2016-04-24 04:00:00.000,0
5577150313,2016-04-24 05:00:00.000,0
5577150313,2016-04-24 06:00:00.000,10
5577150313,2016-04-24 07:00:00.000,206
5577150313,2016-04-24 08:00:00.000,175
5577150313,2016-04-24 09:00:00.000,329
5577150313,2016-04-24 10:00:00.000,2833
5577150313,2016-04-24 11:00:00.000,3857
5577150313,2016-04-24 12:00:00.000,191
5577150313,2016-04-24 13:00:00.000,280
5577150313,2016-04-24 14:00:00.000,399
5577150313,2016-04-24 15:00:00.000,3393
5577150313,2016-04-24 16:00:00.000,1512
5577150313,2016-04-24 17:00:00.000,1154
5577150313,2016-04-24 18:00:00.000,399
5577150313,2016-04-24 19:00:00.000,629
5577150313,2016-04-24 20:00:00.000,138
5577150313,2016-04-24 21:00:00.000,108
5577150313,2016-04-24 22:00:00.000,17
5577150313,2016-04-24 23:00:00.000,32
5577150313,2016-04-25 00:00:00.000,7
5577150313,2016-04-25 01:00:00.000,0
5577150313,2016-04-25 02:00:00.000,0
5577150313,2016-04-25 03:00:00.000,7
5577150313,2016-04-25 04:00:00.000,11
5577150313,2016-04-25 05:00:00.000,99
5577150313,2016-04-25 06:00:00.000,1597
5577150313,2016-04-25 07:00:00.000,657
5577150313,2016-04-25 08:00:00.000,304
5577150313,2016-04-25 09:00:00.000,83
5577150313,2016-04-25 10:00:00.000,253
5577150313,2016-04-25 11:00:00.000,568
5577150313,2016-04-25 12:00:00.000,236
5577150313,2016-04-25 13:00:00.000,202
5577150313,2016-04-25 14:00:00.000,211
5577150313,2016-04-25 15:00:00.000,190
5577150313,2016-04-25 16:00:00.000,365
5577150313,2016-04-25 17:00:00.000,449
5577150313,2016-04-25 18:00:00.000,86
5577150313,2016-04-25 19:00:00.000,734
5577150313,2016-04-25 20:00:00.000,229
5577150313,2016-04-25 21:00:00.000,95
5577150313,2016-04-25 22:00:00.000,10
5577150313,2016-04-25 23:00:00.000,0
5577150313,2016-04-26 00:00:00.000,42
5577150313,2016-04-26 01:00:00.000,0
5577150313,2016-04-26 02:00:00.000,0
5577150313,2016-04-26 03:00:00.000,0
5577150313,2016-04-26 04:00:00.000,20
5577150313,2016-04-26 05:00:00.000,884
5577150313,2016-04-26 06:00:00.000,1128
5577150313,2016-04-26 07:00:00.000,212
5577150313,2016-04-26 08:00:00.000,129
5577150313,2016-04-26 09:00:00.000,10
5577150313,2016-04-26 10:00:00.000,168
5577150313,2016-04-26 11:00:00.000,280
5577150313,2016-04-26 12:00:00.000,596
5577150313,2016-04-26 13:00:00.000,125
5577150313,2016-04-26 14:00:00.000,265
5577150313,2016-04-26 15:00:00.000,117
5577150313,2016-04-26 16:00:00.000,205
5577150313,2016-04-26 17:00:00.000,0
5577150313,2016-04-26 18:00:00.000,298
5577150313,2016-04-26 19:00:00.000,368
5577150313,2016-04-26 20:00:00.000,370
5577150313,2016-04-26 21:00:00.000,77
5577150313,2016-04-26 22:00:00.000,0
5577150313,2016-04-26 23:00:00.000,31
5577150313,2016-04-27 00:00:00.000,0
5577150313,2016-04-27 01:00:00.000,5
5577150313,2016-04-27 02:00:00.000,0
5577150313,2016-04-27 03:00:00.000,0
5577150313,2016-04-27 04:00:00.000,0
5577150313,2016-04-27 05:00:00.000,313
5577150313,2016-04-27 06:00:00.000,2153
5577150313,2016-04-27 07:00:00.000,286
5577150313,2016-04-27 08:00:00.000,290
5577150313,2016-04-27 09:00:00.000,429
5577150313,2016-04-27 10:00:00.000,92
5577150313,2016-04-27 11:00:00.000,207
5577150313,2016-04-27 12:00:00.000,168
5577150313,2016-04-27 13:00:00.000,117
5577150313,2016-04-27 14:00:00.000,15
5577150313,2016-04-27 15:00:00.000,382
5577150313,2016-04-27 16:00:00.000,350
5577150313,2016-04-27 17:00:00.000,252
5577150313,2016-04-27 18:00:00.000,418
5577150313,2016-04-27 19:00:00.000,939
5577150313,2016-04-27 20:00:00.000,61
5577150313,2016-04-27 21:00:00.000,203
5577150313,2016-04-27 22:00:00.000,118
5577150313,2016-04-27 23:00:00.000,7
5577150313,2016-04-28 00:00:00.000,10
5577150313,2016-04-28 01:00:00.000,0
5577150313,2016-04-28 02:00:00.000,4
5577150313,2016-04-28 03:00:00.000,0
5577150313,2016-04-28 04:00:00.000,0
5577150313,2016-04-28 05:00:00.000,1064
5577150313,2016-04-28 06:00:00.000,1556
5577150313,2016-04-28 07:00:00.000,356
5577150313,2016-04-28 08:00:00.000,238
5577150313,2016-04-28 09:00:00.000,117
5577150313,2016-04-28 10:00:00.000,100
5577150313,2016-04-28 11:00:00.000,1635
5577150313,2016-04-28 12:00:00.000,0
5577150313,2016-04-28 13:00:00.000,1001
5577150313,2016-04-28 14:00:00.000,1076
5577150313,2016-04-28 15:00:00.000,511
5577150313,2016-04-28 16:00:00.000,106
5577150313,2016-04-28 17:00:00.000,526
5577150313,2016-04-28 18:00:00.000,153
5577150313,2016-04-28 19:00:00.000,1035
5577150313,2016-04-28 20:00:00.000,241
5577150313,2016-04-28 21:00:00.000,112
5577150313,2016-04-28 22:00:00.000,0
5577150313,2016-04-28 23:00:00.000,0
5577150313,2016-04-29 00:00:00.000,0
5577150313,2016-04-29 01:00:00.000,58
5577150313,2016-04-29 02:00:00.000,0
5577150313,2016-04-29 03:00:00.000,0
5577150313,2016-04-29 04:00:00.000,0
5577150313,2016-04-29 05:00:00.000,31
5577150313,2016-04-29 06:00:00.000,1744
5577150313,2016-04-29 07:00:00.000,562
5577150313,2016-04-29 08:00:00.000,148
5577150313,2016-04-29 09:00:00.000,383
5577150313,2016-04-29 10:00:00.000,158
5577150313,2016-04-29 11:00:00.000,252
5577150313,2016-04-29 12:00:00.000,353
5577150313,2016-04-29 13:00:00.000,86
5577150313,2016-04-29 14:00:00.000,68
5577150313,2016-04-29 15:00:00.000,80
5577150313,2016-04-29 16:00:00.000,119
5577150313,2016-04-29 17:00:00.000,143
5577150313,2016-04-29 18:00:00.000,413
5577150313,2016-04-29 19:00:00.000,1014
5577150313,2016-04-29 20:00:00.000,2206
5577150313,2016-04-29 21:00:00.000,28
5577150313,2016-04-29 22:00:00.000,78
5577150313,2016-04-29 23:00:00.000,0
5577150313,2016-04-30 00:00:00.000,0
5577150313,2016-04-30 01:00:00.000,0
5577150313,2016-04-30 02:00:00.000,0
5577150313,2016-04-30 03:00:00.000,0
5577150313,2016-04-30 04:00:00.000,0
5577150313,2016-04-30 05:00:00.000,9
5577150313,2016-04-30 06:00:00.000,86
5577150313,2016-04-30 07:00:00.000,199
5577150313,2016-04-30 08:00:00.000,256
5577150313,2016-04-30 09:00:00.000,72
5577150313,2016-04-30 10:00:00.000,1228
5577150313,2016-04-30 11:00:00.000,2444
5577150313,2016-04-30 12:00:00.000,952
5577150313,2016-04-30 13:00:00.000,1031
5577150313,2016-04-30 14:00:00.000,621
5577150313,2016-04-30 15:00:00.000,240
5577150313,2016-04-30 16:00:00.000,36
5577150313,2016-04-30 17:00:00.000,390
5577150313,2016-04-30 18:00:00.000,2249
5577150313,2016-04-30 19:00:00.000,1832
5577150313,2016-04-30 20:00:00.000,278
5577150313,2016-04-30 21:00:00.000,259
5577150313,2016-04-30 22:00:00.000,125
5577150313,2016-04-30 23:00:00.000,56
5577150313,2016-01-05 00:00:00.000,0
5577150313,2016-01-05 01:00:00.000,8
5577150313,2016-01-05 02:00:00.000,11
5577150313,2016-01-05 03:00:00.000,0
5577150313,2016-01-05 04:00:00.000,0
5577150313,2016-01-05 05:00:00.000,0
5577150313,2016-01-05 06:00:00.000,133
5577150313,2016-01-05 07:00:00.000,21
5577150313,2016-01-05 08:00:00.000,1404
5577150313,2016-01-05 09:00:00.000,2010
5577150313,2016-01-05 10:00:00.000,2161
5577150313,2016-01-05 11:00:00.000,2110
5577150313,2016-01-05 12:00:00.000,230
5577150313,2016-01-05 13:00:00.000,369
5577150313,2016-01-05 14:00:00.000,643
5577150313,2016-01-05 15:00:00.000,281
5577150313,2016-01-05 16:00:00.000,1028
5577150313,2016-01-05 17:00:00.000,288
5577150313,2016-01-05 18:00:00.000,1098
5577150313,2016-01-05 19:00:00.000,1388
5577150313,2016-01-05 20:00:00.000,108
5577150313,2016-01-05 21:00:00.000,71
5577150313,2016-01-05 22:00:00.000,0
5577150313,2016-01-05 23:00:00.000,6
5577150313,2016-02-05 00:00:00.000,0
5577150313,2016-02-05 01:00:00.000,0
5577150313,2016-02-05 02:00:00.000,67
5577150313,2016-02-05 03:00:00.000,0
5577150313,2016-02-05 04:00:00.000,0
5577150313,2016-02-05 05:00:00.000,8
5577150313,2016-02-05 06:00:00.000,1856
5577150313,2016-02-05 07:00:00.000,556
5577150313,2016-02-05 08:00:00.000,210
5577150313,2016-02-05 09:00:00.000,74
5577150313,2016-02-05 10:00:00.000,448
5577150313,2016-02-05 11:00:00.000,391
5577150313,2016-02-05 12:00:00.000,259
5577150313,2016-02-05 13:00:00.000,610
5577150313,2016-02-05 14:00:00.000,564
5577150313,2016-02-05 15:00:00.000,495
5577150313,2016-02-05 16:00:00.000,297
5577150313,2016-02-05 17:00:00.000,146
5577150313,2016-02-05 18:00:00.000,345
5577150313,2016-02-05 19:00:00.000,255
5577150313,2016-02-05 20:00:00.000,695
5577150313,2016-02-05 21:00:00.000,63
5577150313,2016-02-05 22:00:00.000,43
5577150313,2016-02-05 23:00:00.000,32
5577150313,2016-03-05 00:00:00.000,582
5577150313,2016-03-05 01:00:00.000,1719
5577150313,2016-03-05 02:00:00.000,203
5577150313,2016-03-05 03:00:00.000,101
5577150313,2016-03-05 04:00:00.000,1036
5577150313,2016-03-05 05:00:00.000,717
5577150313,2016-03-05 06:00:00.000,419
5577150313,2016-03-05 07:00:00.000,520
5577150313,2016-03-05 08:00:00.000,271
5577150313,2016-03-05 09:00:00.000,1775
5577150313,2016-03-05 10:00:00.000,2557
5577150313,2016-03-05 11:00:00.000,129
5577150313,2016-03-05 12:00:00.000,10
5577150313,2016-03-05 13:00:00.000,10
5577150313,2016-03-05 14:00:00.000,0
5577150313,2016-03-05 15:00:00.000,12
5577150313,2016-03-05 16:00:00.000,0
5577150313,2016-03-05 17:00:00.000,0
5577150313,2016-03-05 18:00:00.000,0
5577150313,2016-03-05 19:00:00.000,9
5577150313,2016-03-05 20:00:00.000,21
5577150313,2016-03-05 21:00:00.000,394
5577150313,2016-03-05 22:00:00.000,540
5577150313,2016-03-05 23:00:00.000,20
5577150313,2016-04-05 00:00:00.000,342
5577150313,2016-04-05 01:00:00.000,36
5577150313,2016-04-05 02:00:00.000,316
5577150313,2016-04-05 03:00:00.000,40
5577150313,2016-04-05 04:00:00.000,390
5577150313,2016-04-05 05:00:00.000,287
5577150313,2016-04-05 06:00:00.000,77
5577150313,2016-04-05 07:00:00.000,354
5577150313,2016-04-05 08:00:00.000,450
5577150313,2016-04-05 09:00:00.000,1673
5577150313,2016-04-05 10:00:00.000,476
5577150313,2016-04-05 11:00:00.000,0
5577150313,2016-04-05 12:00:00.000,9
5577150313,2016-04-05 13:00:00.000,0
5577150313,2016-04-05 14:00:00.000,0
5577150313,2016-04-05 15:00:00.000,0
5577150313,2016-04-05 16:00:00.000,0
5577150313,2016-04-05 17:00:00.000,0
5577150313,2016-04-05 18:00:00.000,0
5577150313,2016-04-05 19:00:00.000,0
5577150313,2016-04-05 20:00:00.000,6
5577150313,2016-04-05 21:00:00.000,110
5577150313,2016-04-05 22:00:00.000,616
5577150313,2016-04-05 23:00:00.000,24
5577150313,2016-05-05 00:00:00.000,297
5577150313,2016-05-05 01:00:00.000,0
5577150313,2016-05-05 02:00:00.000,0
5577150313,2016-05-05 03:00:00.000,0
5577150313,2016-05-05 04:00:00.000,0
5577150313,2016-05-05 05:00:00.000,0
5577150313,2016-05-05 06:00:00.000,0
5577150313,2016-05-05 07:00:00.000,0
5577150313,2016-05-05 08:00:00.000,0
5577150313,2016-05-05 09:00:00.000,0
5577150313,2016-05-05 10:00:00.000,243
5577150313,2016-05-05 11:00:00.000,828
5577150313,2016-05-05 12:00:00.000,2089
5577150313,2016-05-05 13:00:00.000,7
5577150313,2016-05-05 14:00:00.000,523
5577150313,2016-05-05 15:00:00.000,12
5577150313,2016-05-05 16:00:00.000,57
5577150313,2016-05-05 17:00:00.000,668
5577150313,2016-05-05 18:00:00.000,145
5577150313,2016-05-05 19:00:00.000,1142
5577150313,2016-05-05 20:00:00.000,226
5577150313,2016-05-05 21:00:00.000,1313
5577150313,2016-05-05 22:00:00.000,0
5577150313,2016-05-05 23:00:00.000,0
5577150313,2016-06-05 00:00:00.000,0
5577150313,2016-06-05 01:00:00.000,0
5577150313,2016-06-05 02:00:00.000,0
5577150313,2016-06-05 03:00:00.000,0
5577150313,2016-06-05 04:00:00.000,0
5577150313,2016-06-05 05:00:00.000,0
5577150313,2016-06-05 06:00:00.000,5
5577150313,2016-06-05 07:00:00.000,923
5577150313,2016-06-05 08:00:00.000,798
5577150313,2016-06-05 09:00:00.000,4
5577150313,2016-06-05 10:00:00.000,770
5577150313,2016-06-05 11:00:00.000,1537
5577150313,2016-06-05 12:00:00.000,511
5577150313,2016-06-05 13:00:00.000,69
5577150313,2016-06-05 14:00:00.000,180
5577150313,2016-06-05 15:00:00.000,0
5577150313,2016-06-05 16:00:00.000,153
5577150313,2016-06-05 17:00:00.000,0
5577150313,2016-06-05 18:00:00.000,0
5577150313,2016-06-05 19:00:00.000,0
5577150313,2016-06-05 20:00:00.000,0
5577150313,2016-06-05 21:00:00.000,0
5577150313,2016-06-05 22:00:00.000,0
5577150313,2016-06-05 23:00:00.000,0
5577150313,2016-07-05 00:00:00.000,0
5577150313,2016-07-05 01:00:00.000,0
5577150313,2016-07-05 02:00:00.000,0
5577150313,2016-07-05 03:00:00.000,0
5577150313,2016-07-05 04:00:00.000,0
5577150313,2016-07-05 05:00:00.000,0
5577150313,2016-07-05 06:00:00.000,0
5577150313,2016-07-05 07:00:00.000,0
5577150313,2016-07-05 08:00:00.000,0
5577150313,2016-07-05 09:00:00.000,0
5577150313,2016-07-05 10:00:00.000,0
5577150313,2016-07-05 11:00:00.000,0
5577150313,2016-07-05 12:00:00.000,0
5577150313,2016-07-05 13:00:00.000,0
5577150313,2016-07-05 14:00:00.000,0
5577150313,2016-07-05 15:00:00.000,0
5577150313,2016-07-05 16:00:00.000,0
5577150313,2016-07-05 17:00:00.000,0
5577150313,2016-07-05 18:00:00.000,0
5577150313,2016-07-05 19:00:00.000,0
5577150313,2016-07-05 20:00:00.000,0
5577150313,2016-07-05 21:00:00.000,0
5577150313,2016-07-05 22:00:00.000,0
5577150313,2016-07-05 23:00:00.000,0
5577150313,2016-08-05 00:00:00.000,0
5577150313,2016-08-05 01:00:00.000,0
5577150313,2016-08-05 02:00:00.000,0
5577150313,2016-08-05 03:00:00.000,0
5577150313,2016-08-05 04:00:00.000,0
5577150313,2016-08-05 05:00:00.000,0
5577150313,2016-08-05 06:00:00.000,0
5577150313,2016-08-05 07:00:00.000,0
5577150313,2016-08-05 08:00:00.000,0
5577150313,2016-08-05 09:00:00.000,0
5577150313,2016-08-05 10:00:00.000,0
5577150313,2016-08-05 11:00:00.000,0
5577150313,2016-08-05 12:00:00.000,0
5577150313,2016-08-05 13:00:00.000,0
5577150313,2016-08-05 14:00:00.000,0
5577150313,2016-08-05 15:00:00.000,0
5577150313,2016-08-05 16:00:00.000,0
5577150313,2016-08-05 17:00:00.000,0
5577150313,2016-08-05 18:00:00.000,0
5577150313,2016-08-05 19:00:00.000,0
5577150313,2016-08-05 20:00:00.000,0
5577150313,2016-08-05 21:00:00.000,0
5577150313,2016-08-05 22:00:00.000,0
5577150313,2016-08-05 23:00:00.000,0
5577150313,2016-09-05 00:00:00.000,0
5577150313,2016-09-05 01:00:00.000,0
5577150313,2016-09-05 02:00:00.000,0
5577150313,2016-09-05 03:00:00.000,0
5577150313,2016-09-05 04:00:00.000,0
5577150313,2016-09-05 05:00:00.000,0
5577150313,2016-09-05 06:00:00.000,0
5577150313,2016-09-05 07:00:00.000,0
5577150313,2016-09-05 08:00:00.000,0
5577150313,2016-09-05 09:00:00.000,0
5577150313,2016-09-05 10:00:00.000,0
5577150313,2016-09-05 11:00:00.000,57
5577150313,2016-09-05 12:00:00.000,1305
5577150313,2016-09-05 13:00:00.000,166
5577150313,2016-09-05 14:00:00.000,217
5577150313,2016-09-05 15:00:00.000,250
5577150313,2016-09-05 16:00:00.000,82
5577150313,2016-09-05 17:00:00.000,252
5577150313,2016-09-05 18:00:00.000,175
5577150313,2016-09-05 19:00:00.000,652
5577150313,2016-09-05 20:00:00.000,144
5577150313,2016-09-05 21:00:00.000,68
5577150313,2016-09-05 22:00:00.000,0
5577150313,2016-09-05 23:00:00.000,53
5577150313,2016-10-05 00:00:00.000,8
5577150313,2016-10-05 01:00:00.000,0
5577150313,2016-10-05 02:00:00.000,4
5577150313,2016-10-05 03:00:00.000,0
5577150313,2016-10-05 04:00:00.000,0
5577150313,2016-10-05 05:00:00.000,182
5577150313,2016-10-05 06:00:00.000,1559
5577150313,2016-10-05 07:00:00.000,163
5577150313,2016-10-05 08:00:00.000,183
5577150313,2016-10-05 09:00:00.000,578
5577150313,2016-10-05 10:00:00.000,119
5577150313,2016-10-05 11:00:00.000,1572
5577150313,2016-10-05 12:00:00.000,61
5577150313,2016-10-05 13:00:00.000,319
5577150313,2016-10-05 14:00:00.000,1911
5577150313,2016-10-05 15:00:00.000,241
5577150313,2016-10-05 16:00:00.000,268
5577150313,2016-10-05 17:00:00.000,460
5577150313,2016-10-05 18:00:00.000,148
5577150313,2016-10-05 19:00:00.000,848
5577150313,2016-10-05 20:00:00.000,102
5577150313,2016-10-05 21:00:00.000,82
5577150313,2016-10-05 22:00:00.000,4
5577150313,2016-10-05 23:00:00.000,57
5577150313,2016-11-05 00:00:00.000,0
5577150313,2016-11-05 01:00:00.000,0
5577150313,2016-11-05 02:00:00.000,14
5577150313,2016-11-05 03:00:00.000,0
5577150313,2016-11-05 04:00:00.000,14
5577150313,2016-11-05 05:00:00.000,42
5577150313,2016-11-05 06:00:00.000,1589
5577150313,2016-11-05 07:00:00.000,187
5577150313,2016-11-05 08:00:00.000,248
5577150313,2016-11-05 09:00:00.000,255
5577150313,2016-11-05 10:00:00.000,304
5577150313,2016-11-05 11:00:00.000,1276
6117666160,2016-12-04 00:00:00.000,0
6117666160,2016-12-04 01:00:00.000,0
6117666160,2016-12-04 02:00:00.000,0
6117666160,2016-12-04 03:00:00.000,0
6117666160,2016-12-04 04:00:00.000,0
6117666160,2016-12-04 05:00:00.000,0
6117666160,2016-12-04 06:00:00.000,0
6117666160,2016-12-04 07:00:00.000,0
6117666160,2016-12-04 08:00:00.000,0
6117666160,2016-12-04 09:00:00.000,0
6117666160,2016-12-04 10:00:00.000,0
6117666160,2016-12-04 11:00:00.000,0
6117666160,2016-12-04 12:00:00.000,0
6117666160,2016-12-04 13:00:00.000,0
6117666160,2016-12-04 14:00:00.000,0
6117666160,2016-12-04 15:00:00.000,0
6117666160,2016-12-04 16:00:00.000,0
6117666160,2016-12-04 17:00:00.000,0
6117666160,2016-12-04 18:00:00.000,0
6117666160,2016-12-04 19:00:00.000,0
6117666160,2016-12-04 20:00:00.000,0
6117666160,2016-12-04 21:00:00.000,0
6117666160,2016-12-04 22:00:00.000,0
6117666160,2016-12-04 23:00:00.000,0
6117666160,2016-04-13 00:00:00.000,0
6117666160,2016-04-13 01:00:00.000,0
6117666160,2016-04-13 02:00:00.000,0
6117666160,2016-04-13 03:00:00.000,0
6117666160,2016-04-13 04:00:00.000,0
6117666160,2016-04-13 05:00:00.000,0
6117666160,2016-04-13 06:00:00.000,0
6117666160,2016-04-13 07:00:00.000,0
6117666160,2016-04-13 08:00:00.000,0
6117666160,2016-04-13 09:00:00.000,0
6117666160,2016-04-13 10:00:00.000,0
6117666160,2016-04-13 11:00:00.000,0
6117666160,2016-04-13 12:00:00.000,0
6117666160,2016-04-13 13:00:00.000,0
6117666160,2016-04-13 14:00:00.000,0
6117666160,2016-04-13 15:00:00.000,0
6117666160,2016-04-13 16:00:00.000,0
6117666160,2016-04-13 17:00:00.000,0
6117666160,2016-04-13 18:00:00.000,0
6117666160,2016-04-13 19:00:00.000,0
6117666160,2016-04-13 20:00:00.000,0
6117666160,2016-04-13 21:00:00.000,0
6117666160,2016-04-13 22:00:00.000,0
6117666160,2016-04-13 23:00:00.000,0
6117666160,2016-04-14 00:00:00.000,0
6117666160,2016-04-14 01:00:00.000,0
6117666160,2016-04-14 02:00:00.000,0
6117666160,2016-04-14 03:00:00.000,0
6117666160,2016-04-14 04:00:00.000,0
6117666160,2016-04-14 05:00:00.000,0
6117666160,2016-04-14 06:00:00.000,0
6117666160,2016-04-14 07:00:00.000,0
6117666160,2016-04-14 08:00:00.000,0
6117666160,2016-04-14 09:00:00.000,0
6117666160,2016-04-14 10:00:00.000,0
6117666160,2016-04-14 11:00:00.000,0
6117666160,2016-04-14 12:00:00.000,0
6117666160,2016-04-14 13:00:00.000,0
6117666160,2016-04-14 14:00:00.000,0
6117666160,2016-04-14 15:00:00.000,0
6117666160,2016-04-14 16:00:00.000,0
6117666160,2016-04-14 17:00:00.000,0
6117666160,2016-04-14 18:00:00.000,0
6117666160,2016-04-14 19:00:00.000,0
6117666160,2016-04-14 20:00:00.000,0
6117666160,2016-04-14 21:00:00.000,0
6117666160,2016-04-14 22:00:00.000,0
6117666160,2016-04-14 23:00:00.000,0
6117666160,2016-04-15 00:00:00.000,0
6117666160,2016-04-15 01:00:00.000,0
6117666160,2016-04-15 02:00:00.000,0
6117666160,2016-04-15 03:00:00.000,0
6117666160,2016-04-15 04:00:00.000,0
6117666160,2016-04-15 05:00:00.000,0
6117666160,2016-04-15 06:00:00.000,0
6117666160,2016-04-15 07:00:00.000,0
6117666160,2016-04-15 08:00:00.000,0
6117666160,2016-04-15 09:00:00.000,0
6117666160,2016-04-15 10:00:00.000,0
6117666160,2016-04-15 11:00:00.000,1201
6117666160,2016-04-15 12:00:00.000,2175
6117666160,2016-04-15 13:00:00.000,1020
6117666160,2016-04-15 14:00:00.000,1000
6117666160,2016-04-15 15:00:00.000,831
6117666160,2016-04-15 16:00:00.000,1427
6117666160,2016-04-15 17:00:00.000,1313
6117666160,2016-04-15 18:00:00.000,1195
6117666160,2016-04-15 19:00:00.000,1277
6117666160,2016-04-15 20:00:00.000,1523
6117666160,2016-04-15 21:00:00.000,550
6117666160,2016-04-15 22:00:00.000,190
6117666160,2016-04-15 23:00:00.000,317
6117666160,2016-04-16 00:00:00.000,131
6117666160,2016-04-16 01:00:00.000,0
6117666160,2016-04-16 02:00:00.000,9
6117666160,2016-04-16 03:00:00.000,15
6117666160,2016-04-16 04:00:00.000,0
6117666160,2016-04-16 05:00:00.000,0
6117666160,2016-04-16 06:00:00.000,0
6117666160,2016-04-16 07:00:00.000,268
6117666160,2016-04-16 08:00:00.000,1274
6117666160,2016-04-16 09:00:00.000,982
6117666160,2016-04-16 10:00:00.000,1549
6117666160,2016-04-16 11:00:00.000,1019
6117666160,2016-04-16 12:00:00.000,1297
6117666160,2016-04-16 13:00:00.000,1196
6117666160,2016-04-16 14:00:00.000,740
6117666160,2016-04-16 15:00:00.000,1030
6117666160,2016-04-16 16:00:00.000,548
6117666160,2016-04-16 17:00:00.000,570
6117666160,2016-04-16 18:00:00.000,491
6117666160,2016-04-16 19:00:00.000,370
6117666160,2016-04-16 20:00:00.000,1513
6117666160,2016-04-16 21:00:00.000,62
6117666160,2016-04-16 22:00:00.000,893
6117666160,2016-04-16 23:00:00.000,493
6117666160,2016-04-17 00:00:00.000,169
6117666160,2016-04-17 01:00:00.000,671
6117666160,2016-04-17 02:00:00.000,19
6117666160,2016-04-17 03:00:00.000,182
6117666160,2016-04-17 04:00:00.000,0
6117666160,2016-04-17 05:00:00.000,7
6117666160,2016-04-17 06:00:00.000,0
6117666160,2016-04-17 07:00:00.000,0
6117666160,2016-04-17 08:00:00.000,167
6117666160,2016-04-17 09:00:00.000,178
6117666160,2016-04-17 10:00:00.000,80
6117666160,2016-04-17 11:00:00.000,271
6117666160,2016-04-17 12:00:00.000,172
6117666160,2016-04-17 13:00:00.000,1772
6117666160,2016-04-17 14:00:00.000,434
6117666160,2016-04-17 15:00:00.000,366
6117666160,2016-04-17 16:00:00.000,0
6117666160,2016-04-17 17:00:00.000,911
6117666160,2016-04-17 18:00:00.000,499
6117666160,2016-04-17 19:00:00.000,30
6117666160,2016-04-17 20:00:00.000,5
6117666160,2016-04-17 21:00:00.000,723
6117666160,2016-04-17 22:00:00.000,494
6117666160,2016-04-17 23:00:00.000,0
6117666160,2016-04-18 00:00:00.000,317
6117666160,2016-04-18 01:00:00.000,7
6117666160,2016-04-18 02:00:00.000,4
6117666160,2016-04-18 03:00:00.000,0
6117666160,2016-04-18 04:00:00.000,0
6117666160,2016-04-18 05:00:00.000,0
6117666160,2016-04-18 06:00:00.000,0
6117666160,2016-04-18 07:00:00.000,391
6117666160,2016-04-18 08:00:00.000,561
6117666160,2016-04-18 09:00:00.000,235
6117666160,2016-04-18 10:00:00.000,0
6117666160,2016-04-18 11:00:00.000,0
6117666160,2016-04-18 12:00:00.000,0
6117666160,2016-04-18 13:00:00.000,631
6117666160,2016-04-18 14:00:00.000,36
6117666160,2016-04-18 15:00:00.000,237
6117666160,2016-04-18 16:00:00.000,299
6117666160,2016-04-18 17:00:00.000,643
6117666160,2016-04-18 18:00:00.000,333
6117666160,2016-04-18 19:00:00.000,927
6117666160,2016-04-18 20:00:00.000,133
6117666160,2016-04-18 21:00:00.000,0
6117666160,2016-04-18 22:00:00.000,212
6117666160,2016-04-18 23:00:00.000,187
6117666160,2016-04-19 00:00:00.000,0
6117666160,2016-04-19 01:00:00.000,4
6117666160,2016-04-19 02:00:00.000,0
6117666160,2016-04-19 03:00:00.000,7
6117666160,2016-04-19 04:00:00.000,0
6117666160,2016-04-19 05:00:00.000,0
6117666160,2016-04-19 06:00:00.000,0
6117666160,2016-04-19 07:00:00.000,0
6117666160,2016-04-19 08:00:00.000,521
6117666160,2016-04-19 09:00:00.000,361
6117666160,2016-04-19 10:00:00.000,933
6117666160,2016-04-19 11:00:00.000,908
6117666160,2016-04-19 12:00:00.000,316
6117666160,2016-04-19 13:00:00.000,615
6117666160,2016-04-19 14:00:00.000,902
6117666160,2016-04-19 15:00:00.000,800
6117666160,2016-04-19 16:00:00.000,1148
6117666160,2016-04-19 17:00:00.000,1202
6117666160,2016-04-19 18:00:00.000,841
6117666160,2016-04-19 19:00:00.000,1063
6117666160,2016-04-19 20:00:00.000,739
6117666160,2016-04-19 21:00:00.000,264
6117666160,2016-04-19 22:00:00.000,174
6117666160,2016-04-19 23:00:00.000,337
6117666160,2016-04-20 00:00:00.000,0
6117666160,2016-04-20 01:00:00.000,0
6117666160,2016-04-20 02:00:00.000,8
6117666160,2016-04-20 03:00:00.000,0
6117666160,2016-04-20 04:00:00.000,8
6117666160,2016-04-20 05:00:00.000,0
6117666160,2016-04-20 06:00:00.000,0
6117666160,2016-04-20 07:00:00.000,327
6117666160,2016-04-20 08:00:00.000,458
6117666160,2016-04-20 09:00:00.000,686
6117666160,2016-04-20 10:00:00.000,624
6117666160,2016-04-20 11:00:00.000,567
6117666160,2016-04-20 12:00:00.000,741
6117666160,2016-04-20 13:00:00.000,627
6117666160,2016-04-20 14:00:00.000,984
6117666160,2016-04-20 15:00:00.000,1850
6117666160,2016-04-20 16:00:00.000,2448
6117666160,2016-04-20 17:00:00.000,366
6117666160,2016-04-20 18:00:00.000,6
6117666160,2016-04-20 19:00:00.000,295
6117666160,2016-04-20 20:00:00.000,274
6117666160,2016-04-20 21:00:00.000,24
6117666160,2016-04-20 22:00:00.000,0
6117666160,2016-04-20 23:00:00.000,156
6117666160,2016-04-21 00:00:00.000,0
6117666160,2016-04-21 01:00:00.000,10
6117666160,2016-04-21 02:00:00.000,0
6117666160,2016-04-21 03:00:00.000,0
6117666160,2016-04-21 04:00:00.000,0
6117666160,2016-04-21 05:00:00.000,0
6117666160,2016-04-21 06:00:00.000,0
6117666160,2016-04-21 07:00:00.000,23
6117666160,2016-04-21 08:00:00.000,15
6117666160,2016-04-21 09:00:00.000,550
6117666160,2016-04-21 10:00:00.000,1798
6117666160,2016-04-21 11:00:00.000,0
6117666160,2016-04-21 12:00:00.000,1122
6117666160,2016-04-21 13:00:00.000,1240
6117666160,2016-04-21 14:00:00.000,999
6117666160,2016-04-21 15:00:00.000,807
6117666160,2016-04-21 16:00:00.000,149
6117666160,2016-04-21 17:00:00.000,100
6117666160,2016-04-21 18:00:00.000,824
6117666160,2016-04-21 19:00:00.000,744
6117666160,2016-04-21 20:00:00.000,49
6117666160,2016-04-21 21:00:00.000,411
6117666160,2016-04-21 22:00:00.000,152
6117666160,2016-04-21 23:00:00.000,100
6117666160,2016-04-22 00:00:00.000,80
6117666160,2016-04-22 01:00:00.000,0
6117666160,2016-04-22 02:00:00.000,0
6117666160,2016-04-22 03:00:00.000,4
6117666160,2016-04-22 04:00:00.000,0
6117666160,2016-04-22 05:00:00.000,0
6117666160,2016-04-22 06:00:00.000,26
6117666160,2016-04-22 07:00:00.000,126
6117666160,2016-04-22 08:00:00.000,0
6117666160,2016-04-22 09:00:00.000,284
6117666160,2016-04-22 10:00:00.000,275
6117666160,2016-04-22 11:00:00.000,336
6117666160,2016-04-22 12:00:00.000,551
6117666160,2016-04-22 13:00:00.000,526
6117666160,2016-04-22 14:00:00.000,542
6117666160,2016-04-22 15:00:00.000,646
6117666160,2016-04-22 16:00:00.000,707
6117666160,2016-04-22 17:00:00.000,890
6117666160,2016-04-22 18:00:00.000,617
6117666160,2016-04-22 19:00:00.000,678
6117666160,2016-04-22 20:00:00.000,976
6117666160,2016-04-22 21:00:00.000,557
6117666160,2016-04-22 22:00:00.000,323
6117666160,2016-04-22 23:00:00.000,62
6117666160,2016-04-23 00:00:00.000,7
6117666160,2016-04-23 01:00:00.000,0
6117666160,2016-04-23 02:00:00.000,166
6117666160,2016-04-23 03:00:00.000,8
6117666160,2016-04-23 04:00:00.000,0
6117666160,2016-04-23 05:00:00.000,0
6117666160,2016-04-23 06:00:00.000,0
6117666160,2016-04-23 07:00:00.000,143
6117666160,2016-04-23 08:00:00.000,542
6117666160,2016-04-23 09:00:00.000,1023
6117666160,2016-04-23 10:00:00.000,839
6117666160,2016-04-23 11:00:00.000,1042
6117666160,2016-04-23 12:00:00.000,877
6117666160,2016-04-23 13:00:00.000,957
6117666160,2016-04-23 14:00:00.000,820
6117666160,2016-04-23 15:00:00.000,1048
6117666160,2016-04-23 16:00:00.000,977
6117666160,2016-04-23 17:00:00.000,1211
6117666160,2016-04-23 18:00:00.000,662
6117666160,2016-04-23 19:00:00.000,77
6117666160,2016-04-23 20:00:00.000,478
6117666160,2016-04-23 21:00:00.000,26
6117666160,2016-04-23 22:00:00.000,39
6117666160,2016-04-23 23:00:00.000,553
6117666160,2016-04-24 00:00:00.000,162
6117666160,2016-04-24 01:00:00.000,234
6117666160,2016-04-24 02:00:00.000,8
6117666160,2016-04-24 03:00:00.000,0
6117666160,2016-04-24 04:00:00.000,10
6117666160,2016-04-24 05:00:00.000,0
6117666160,2016-04-24 06:00:00.000,0
6117666160,2016-04-24 07:00:00.000,0
6117666160,2016-04-24 08:00:00.000,262
6117666160,2016-04-24 09:00:00.000,775
6117666160,2016-04-24 10:00:00.000,1147
6117666160,2016-04-24 11:00:00.000,518
6117666160,2016-04-24 12:00:00.000,1069
6117666160,2016-04-24 13:00:00.000,1249
6117666160,2016-04-24 14:00:00.000,700
6117666160,2016-04-24 15:00:00.000,737
6117666160,2016-04-24 16:00:00.000,301
6117666160,2016-04-24 17:00:00.000,383
6117666160,2016-04-24 18:00:00.000,68
6117666160,2016-04-24 19:00:00.000,0
6117666160,2016-04-24 20:00:00.000,0
6117666160,2016-04-24 21:00:00.000,0
6117666160,2016-04-24 22:00:00.000,0
6117666160,2016-04-24 23:00:00.000,0
6117666160,2016-04-25 00:00:00.000,0
6117666160,2016-04-25 01:00:00.000,0
6117666160,2016-04-25 02:00:00.000,0
6117666160,2016-04-25 03:00:00.000,0
6117666160,2016-04-25 04:00:00.000,0
6117666160,2016-04-25 05:00:00.000,0
6117666160,2016-04-25 06:00:00.000,0
6117666160,2016-04-25 07:00:00.000,0
6117666160,2016-04-25 08:00:00.000,0
6117666160,2016-04-25 09:00:00.000,0
6117666160,2016-04-25 10:00:00.000,0
6117666160,2016-04-25 11:00:00.000,0
6117666160,2016-04-25 12:00:00.000,0
6117666160,2016-04-25 13:00:00.000,0
6117666160,2016-04-25 14:00:00.000,0
6117666160,2016-04-25 15:00:00.000,0
6117666160,2016-04-25 16:00:00.000,0
6117666160,2016-04-25 17:00:00.000,0
6117666160,2016-04-25 18:00:00.000,0
6117666160,2016-04-25 19:00:00.000,0
6117666160,2016-04-25 20:00:00.000,0
6117666160,2016-04-25 21:00:00.000,0
6117666160,2016-04-25 22:00:00.000,0
6117666160,2016-04-25 23:00:00.000,0
6117666160,2016-04-26 00:00:00.000,0
6117666160,2016-04-26 01:00:00.000,0
6117666160,2016-04-26 02:00:00.000,0
6117666160,2016-04-26 03:00:00.000,0
6117666160,2016-04-26 04:00:00.000,0
6117666160,2016-04-26 05:00:00.000,0
6117666160,2016-04-26 06:00:00.000,0
6117666160,2016-04-26 07:00:00.000,51
6117666160,2016-04-26 08:00:00.000,428
6117666160,2016-04-26 09:00:00.000,241
6117666160,2016-04-26 10:00:00.000,9
6117666160,2016-04-26 11:00:00.000,559
6117666160,2016-04-26 12:00:00.000,972
6117666160,2016-04-26 13:00:00.000,572
6117666160,2016-04-26 14:00:00.000,174
6117666160,2016-04-26 15:00:00.000,867
6117666160,2016-04-26 16:00:00.000,715
6117666160,2016-04-26 17:00:00.000,1049
6117666160,2016-04-26 18:00:00.000,1070
6117666160,2016-04-26 19:00:00.000,1098
6117666160,2016-04-26 20:00:00.000,1078
6117666160,2016-04-26 21:00:00.000,195
6117666160,2016-04-26 22:00:00.000,195
6117666160,2016-04-26 23:00:00.000,270
6117666160,2016-04-27 00:00:00.000,8
6117666160,2016-04-27 01:00:00.000,0
6117666160,2016-04-27 02:00:00.000,0
6117666160,2016-04-27 03:00:00.000,0
6117666160,2016-04-27 04:00:00.000,5
6117666160,2016-04-27 05:00:00.000,0
6117666160,2016-04-27 06:00:00.000,0
6117666160,2016-04-27 07:00:00.000,0
6117666160,2016-04-27 08:00:00.000,0
6117666160,2016-04-27 09:00:00.000,219
6117666160,2016-04-27 10:00:00.000,0
6117666160,2016-04-27 11:00:00.000,779
6117666160,2016-04-27 12:00:00.000,715
6117666160,2016-04-27 13:00:00.000,1072
6117666160,2016-04-27 14:00:00.000,720
6117666160,2016-04-27 15:00:00.000,1076
6117666160,2016-04-27 16:00:00.000,934
6117666160,2016-04-27 17:00:00.000,978
6117666160,2016-04-27 18:00:00.000,670
6117666160,2016-04-27 19:00:00.000,635
6117666160,2016-04-27 20:00:00.000,663
6117666160,2016-04-27 21:00:00.000,373
6117666160,2016-04-27 22:00:00.000,306
6117666160,2016-04-27 23:00:00.000,258
6117666160,2016-04-28 00:00:00.000,0
6117666160,2016-04-28 01:00:00.000,0
6117666160,2016-04-28 02:00:00.000,0
6117666160,2016-04-28 03:00:00.000,19
6117666160,2016-04-28 04:00:00.000,0
6117666160,2016-04-28 05:00:00.000,0
6117666160,2016-04-28 06:00:00.000,6
6117666160,2016-04-28 07:00:00.000,16
6117666160,2016-04-28 08:00:00.000,315
6117666160,2016-04-28 09:00:00.000,130
6117666160,2016-04-28 10:00:00.000,818
6117666160,2016-04-28 11:00:00.000,0
6117666160,2016-04-28 12:00:00.000,0
6117666160,2016-04-28 13:00:00.000,212
6117666160,2016-04-28 14:00:00.000,0
6117666160,2016-04-28 15:00:00.000,0
6117666160,2016-04-28 16:00:00.000,719
6117666160,2016-04-28 17:00:00.000,811
6117666160,2016-04-28 18:00:00.000,56
6117666160,2016-04-28 19:00:00.000,206
6117666160,2016-04-28 20:00:00.000,6
6117666160,2016-04-28 21:00:00.000,89
6117666160,2016-04-28 22:00:00.000,0
6117666160,2016-04-28 23:00:00.000,0
6117666160,2016-04-29 00:00:00.000,0
6117666160,2016-04-29 01:00:00.000,0
6117666160,2016-04-29 02:00:00.000,0
6117666160,2016-04-29 03:00:00.000,0
6117666160,2016-04-29 04:00:00.000,0
6117666160,2016-04-29 05:00:00.000,0
6117666160,2016-04-29 06:00:00.000,0
6117666160,2016-04-29 07:00:00.000,0
6117666160,2016-04-29 08:00:00.000,190
6117666160,2016-04-29 09:00:00.000,71
6117666160,2016-04-29 10:00:00.000,386
6117666160,2016-04-29 11:00:00.000,369
6117666160,2016-04-29 12:00:00.000,1147
6117666160,2016-04-29 13:00:00.000,1062
6117666160,2016-04-29 14:00:00.000,1134
6117666160,2016-04-29 15:00:00.000,774
6117666160,2016-04-29 16:00:00.000,1065
6117666160,2016-04-29 17:00:00.000,653
6117666160,2016-04-29 18:00:00.000,660
6117666160,2016-04-29 19:00:00.000,1029
6117666160,2016-04-29 20:00:00.000,592
6117666160,2016-04-29 21:00:00.000,116
6117666160,2016-04-29 22:00:00.000,235
6117666160,2016-04-29 23:00:00.000,109
6117666160,2016-04-30 00:00:00.000,13
6117666160,2016-04-30 01:00:00.000,0
6117666160,2016-04-30 02:00:00.000,0
6117666160,2016-04-30 03:00:00.000,0
6117666160,2016-04-30 04:00:00.000,0
6117666160,2016-04-30 05:00:00.000,0
6117666160,2016-04-30 06:00:00.000,0
6117666160,2016-04-30 07:00:00.000,0
6117666160,2016-04-30 08:00:00.000,0
6117666160,2016-04-30 09:00:00.000,0
6117666160,2016-04-30 10:00:00.000,432
6117666160,2016-04-30 11:00:00.000,418
6117666160,2016-04-30 12:00:00.000,542
6117666160,2016-04-30 13:00:00.000,712
6117666160,2016-04-30 14:00:00.000,468
6117666160,2016-04-30 15:00:00.000,1104
6117666160,2016-04-30 16:00:00.000,550
6117666160,2016-04-30 17:00:00.000,547
6117666160,2016-04-30 18:00:00.000,501
6117666160,2016-04-30 19:00:00.000,521
6117666160,2016-04-30 20:00:00.000,613
6117666160,2016-04-30 21:00:00.000,295
6117666160,2016-04-30 22:00:00.000,271
6117666160,2016-04-30 23:00:00.000,0
6117666160,2016-01-05 00:00:00.000,0
6117666160,2016-01-05 01:00:00.000,7
6117666160,2016-01-05 02:00:00.000,378
6117666160,2016-01-05 03:00:00.000,5
6117666160,2016-01-05 04:00:00.000,0
6117666160,2016-01-05 05:00:00.000,0
6117666160,2016-01-05 06:00:00.000,0
6117666160,2016-01-05 07:00:00.000,0
6117666160,2016-01-05 08:00:00.000,0
6117666160,2016-01-05 09:00:00.000,633
6117666160,2016-01-05 10:00:00.000,864
6117666160,2016-01-05 11:00:00.000,1252
6117666160,2016-01-05 12:00:00.000,683
6117666160,2016-01-05 13:00:00.000,947
6117666160,2016-01-05 14:00:00.000,851
6117666160,2016-01-05 15:00:00.000,426
6117666160,2016-01-05 16:00:00.000,419
6117666160,2016-01-05 17:00:00.000,707
6117666160,2016-01-05 18:00:00.000,1203
6117666160,2016-01-05 19:00:00.000,450
6117666160,2016-01-05 20:00:00.000,90
6117666160,2016-01-05 21:00:00.000,0
6117666160,2016-01-05 22:00:00.000,0
6117666160,2016-01-05 23:00:00.000,0
6117666160,2016-02-05 00:00:00.000,0
6117666160,2016-02-05 01:00:00.000,0
6117666160,2016-02-05 02:00:00.000,0
6117666160,2016-02-05 03:00:00.000,332
6117666160,2016-02-05 04:00:00.000,801
6117666160,2016-02-05 05:00:00.000,870
6117666160,2016-02-05 06:00:00.000,778
6117666160,2016-02-05 07:00:00.000,854
6117666160,2016-02-05 08:00:00.000,903
6117666160,2016-02-05 09:00:00.000,389
6117666160,2016-02-05 10:00:00.000,0
6117666160,2016-02-05 11:00:00.000,0
6117666160,2016-02-05 12:00:00.000,0
6117666160,2016-02-05 13:00:00.000,0
6117666160,2016-02-05 14:00:00.000,0
6117666160,2016-02-05 15:00:00.000,0
6117666160,2016-02-05 16:00:00.000,0
6117666160,2016-02-05 17:00:00.000,0
6117666160,2016-02-05 18:00:00.000,0
6117666160,2016-02-05 19:00:00.000,0
6117666160,2016-02-05 20:00:00.000,0
6117666160,2016-02-05 21:00:00.000,0
6117666160,2016-02-05 22:00:00.000,0
6117666160,2016-02-05 23:00:00.000,0
6117666160,2016-03-05 00:00:00.000,0
6117666160,2016-03-05 01:00:00.000,0
6117666160,2016-03-05 02:00:00.000,0
6117666160,2016-03-05 03:00:00.000,0
6117666160,2016-03-05 04:00:00.000,0
6117666160,2016-03-05 05:00:00.000,0
6117666160,2016-03-05 06:00:00.000,0
6117666160,2016-03-05 07:00:00.000,0
6117666160,2016-03-05 08:00:00.000,0
6117666160,2016-03-05 09:00:00.000,0
6117666160,2016-03-05 10:00:00.000,0
6117666160,2016-03-05 11:00:00.000,0
6117666160,2016-03-05 12:00:00.000,0
6117666160,2016-03-05 13:00:00.000,0
6117666160,2016-03-05 14:00:00.000,0
6117666160,2016-03-05 15:00:00.000,0
6117666160,2016-03-05 16:00:00.000,0
6117666160,2016-03-05 17:00:00.000,0
6117666160,2016-03-05 18:00:00.000,0
6117666160,2016-03-05 19:00:00.000,0
6117666160,2016-03-05 20:00:00.000,0
6117666160,2016-03-05 21:00:00.000,0
6117666160,2016-03-05 22:00:00.000,0
6117666160,2016-03-05 23:00:00.000,0
6117666160,2016-04-05 00:00:00.000,0
6117666160,2016-04-05 01:00:00.000,0
6117666160,2016-04-05 02:00:00.000,0
6117666160,2016-04-05 03:00:00.000,0
6117666160,2016-04-05 04:00:00.000,0
6117666160,2016-04-05 05:00:00.000,0
6117666160,2016-04-05 06:00:00.000,0
6117666160,2016-04-05 07:00:00.000,0
6117666160,2016-04-05 08:00:00.000,0
6117666160,2016-04-05 09:00:00.000,0
6117666160,2016-04-05 10:00:00.000,0
6117666160,2016-04-05 11:00:00.000,0
6117666160,2016-04-05 12:00:00.000,0
6117666160,2016-04-05 13:00:00.000,0
6117666160,2016-04-05 14:00:00.000,0
6117666160,2016-04-05 15:00:00.000,0
6117666160,2016-04-05 16:00:00.000,0
6117666160,2016-04-05 17:00:00.000,0
6117666160,2016-04-05 18:00:00.000,620
6117666160,2016-04-05 19:00:00.000,907
6117666160,2016-04-05 20:00:00.000,720
6117666160,2016-04-05 21:00:00.000,384
6117666160,2016-04-05 22:00:00.000,13
6117666160,2016-04-05 23:00:00.000,353
6117666160,2016-05-05 00:00:00.000,0
6117666160,2016-05-05 01:00:00.000,0
6117666160,2016-05-05 02:00:00.000,0
6117666160,2016-05-05 03:00:00.000,6
6117666160,2016-05-05 04:00:00.000,0
6117666160,2016-05-05 05:00:00.000,0
6117666160,2016-05-05 06:00:00.000,6
6117666160,2016-05-05 07:00:00.000,516
6117666160,2016-05-05 08:00:00.000,395
6117666160,2016-05-05 09:00:00.000,836
6117666160,2016-05-05 10:00:00.000,880
6117666160,2016-05-05 11:00:00.000,688
6117666160,2016-05-05 12:00:00.000,750
6117666160,2016-05-05 13:00:00.000,733
6117666160,2016-05-05 14:00:00.000,795
6117666160,2016-05-05 15:00:00.000,796
6117666160,2016-05-05 16:00:00.000,772
6117666160,2016-05-05 17:00:00.000,441
6117666160,2016-05-05 18:00:00.000,634
6117666160,2016-05-05 19:00:00.000,451
6117666160,2016-05-05 20:00:00.000,443
6117666160,2016-05-05 21:00:00.000,27
6117666160,2016-05-05 22:00:00.000,630
6117666160,2016-05-05 23:00:00.000,0
6117666160,2016-06-05 00:00:00.000,0
6117666160,2016-06-05 01:00:00.000,0
6117666160,2016-06-05 02:00:00.000,0
6117666160,2016-06-05 03:00:00.000,0
6117666160,2016-06-05 04:00:00.000,0
6117666160,2016-06-05 05:00:00.000,0
6117666160,2016-06-05 06:00:00.000,11
6117666160,2016-06-05 07:00:00.000,0
6117666160,2016-06-05 08:00:00.000,0
6117666160,2016-06-05 09:00:00.000,353
6117666160,2016-06-05 10:00:00.000,200
6117666160,2016-06-05 11:00:00.000,0
6117666160,2016-06-05 12:00:00.000,103
6117666160,2016-06-05 13:00:00.000,0
6117666160,2016-06-05 14:00:00.000,0
6117666160,2016-06-05 15:00:00.000,765
6117666160,2016-06-05 16:00:00.000,1149
6117666160,2016-06-05 17:00:00.000,0
6117666160,2016-06-05 18:00:00.000,421
6117666160,2016-06-05 19:00:00.000,146
6117666160,2016-06-05 20:00:00.000,32
6117666160,2016-06-05 21:00:00.000,127
6117666160,2016-06-05 22:00:00.000,58
6117666160,2016-06-05 23:00:00.000,0
6117666160,2016-07-05 00:00:00.000,447
6117666160,2016-07-05 01:00:00.000,0
6117666160,2016-07-05 02:00:00.000,0
6117666160,2016-07-05 03:00:00.000,0
6117666160,2016-07-05 04:00:00.000,0
6117666160,2016-07-05 05:00:00.000,0
6117666160,2016-07-05 06:00:00.000,0
6117666160,2016-07-05 07:00:00.000,126
6117666160,2016-07-05 08:00:00.000,462
6117666160,2016-07-05 09:00:00.000,557
6117666160,2016-07-05 10:00:00.000,642
6117666160,2016-07-05 11:00:00.000,754
6117666160,2016-07-05 12:00:00.000,399
6117666160,2016-07-05 13:00:00.000,694
6117666160,2016-07-05 14:00:00.000,878
6117666160,2016-07-05 15:00:00.000,558
6117666160,2016-07-05 16:00:00.000,548
6117666160,2016-07-05 17:00:00.000,522
6117666160,2016-07-05 18:00:00.000,296
6117666160,2016-07-05 19:00:00.000,187
6117666160,2016-07-05 20:00:00.000,15
6117666160,2016-07-05 21:00:00.000,247
6117666160,2016-07-05 22:00:00.000,4
6117666160,2016-07-05 23:00:00.000,0
6117666160,2016-08-05 00:00:00.000,149
6117666160,2016-08-05 01:00:00.000,0
6117666160,2016-08-05 02:00:00.000,0
6117666160,2016-08-05 03:00:00.000,0
6117666160,2016-08-05 04:00:00.000,12
6117666160,2016-08-05 05:00:00.000,0
6117666160,2016-08-05 06:00:00.000,0
6117666160,2016-08-05 07:00:00.000,0
6117666160,2016-08-05 08:00:00.000,0
6117666160,2016-08-05 09:00:00.000,543
6117666160,2016-08-05 10:00:00.000,373
6117666160,2016-08-05 11:00:00.000,375
6117666160,2016-08-05 12:00:00.000,362
6117666160,2016-08-05 13:00:00.000,419
6117666160,2016-08-05 14:00:00.000,267
6117666160,2016-08-05 15:00:00.000,868
6117666160,2016-08-05 16:00:00.000,651
6117666160,2016-08-05 17:00:00.000,1197
6117666160,2016-08-05 18:00:00.000,1569
6117666160,2016-08-05 19:00:00.000,240
6117666160,2016-08-05 20:00:00.000,4
6117666160,2016-08-05 21:00:00.000,9
6117666160,2016-08-05 22:00:00.000,290
6117666160,2016-08-05 23:00:00.000,0
6117666160,2016-09-05 00:00:00.000,0
6117666160,2016-09-05 01:00:00.000,0
6117666160,2016-09-05 02:00:00.000,7
6117666160,2016-09-05 03:00:00.000,0
6117666160,2016-09-05 04:00:00.000,0
6117666160,2016-09-05 05:00:00.000,4
6117666160,2016-09-05 06:00:00.000,17
6117666160,2016-09-05 07:00:00.000,408
6117666160,2016-09-05 08:00:00.000,615
6117666160,2016-09-05 09:00:00.000,729
6117666160,2016-09-05 10:00:00.000,860
6117666160,2016-09-05 11:00:00.000,657
6290855005,2016-12-04 00:00:00.000,0
6290855005,2016-12-04 01:00:00.000,0
6290855005,2016-12-04 02:00:00.000,0
6290855005,2016-12-04 03:00:00.000,0
6290855005,2016-12-04 04:00:00.000,0
6290855005,2016-12-04 05:00:00.000,0
6290855005,2016-12-04 06:00:00.000,54
6290855005,2016-12-04 07:00:00.000,517
6290855005,2016-12-04 08:00:00.000,371
6290855005,2016-12-04 09:00:00.000,410
6290855005,2016-12-04 10:00:00.000,1002
6290855005,2016-12-04 11:00:00.000,520
6290855005,2016-12-04 12:00:00.000,215
6290855005,2016-12-04 13:00:00.000,633
6290855005,2016-12-04 14:00:00.000,248
6290855005,2016-12-04 15:00:00.000,502
6290855005,2016-12-04 16:00:00.000,90
6290855005,2016-12-04 17:00:00.000,0
6290855005,2016-12-04 18:00:00.000,0
6290855005,2016-12-04 19:00:00.000,0
6290855005,2016-12-04 20:00:00.000,0
6290855005,2016-12-04 21:00:00.000,0
6290855005,2016-12-04 22:00:00.000,0
6290855005,2016-12-04 23:00:00.000,0
6290855005,2016-04-13 00:00:00.000,0
6290855005,2016-04-13 01:00:00.000,0
6290855005,2016-04-13 02:00:00.000,0
6290855005,2016-04-13 03:00:00.000,0
6290855005,2016-04-13 04:00:00.000,0
6290855005,2016-04-13 05:00:00.000,0
6290855005,2016-04-13 06:00:00.000,161
6290855005,2016-04-13 07:00:00.000,564
6290855005,2016-04-13 08:00:00.000,686
6290855005,2016-04-13 09:00:00.000,1061
6290855005,2016-04-13 10:00:00.000,469
6290855005,2016-04-13 11:00:00.000,355
6290855005,2016-04-13 12:00:00.000,417
6290855005,2016-04-13 13:00:00.000,649
6290855005,2016-04-13 14:00:00.000,618
6290855005,2016-04-13 15:00:00.000,313
6290855005,2016-04-13 16:00:00.000,874
6290855005,2016-04-13 17:00:00.000,126
6290855005,2016-04-13 18:00:00.000,685
6290855005,2016-04-13 19:00:00.000,120
6290855005,2016-04-13 20:00:00.000,44
6290855005,2016-04-13 21:00:00.000,0
6290855005,2016-04-13 22:00:00.000,0
6290855005,2016-04-13 23:00:00.000,0
6290855005,2016-04-14 00:00:00.000,0
6290855005,2016-04-14 01:00:00.000,0
6290855005,2016-04-14 02:00:00.000,0
6290855005,2016-04-14 03:00:00.000,0
6290855005,2016-04-14 04:00:00.000,0
6290855005,2016-04-14 05:00:00.000,0
6290855005,2016-04-14 06:00:00.000,159
6290855005,2016-04-14 07:00:00.000,570
6290855005,2016-04-14 08:00:00.000,262
6290855005,2016-04-14 09:00:00.000,548
6290855005,2016-04-14 10:00:00.000,261
6290855005,2016-04-14 11:00:00.000,582
6290855005,2016-04-14 12:00:00.000,807
6290855005,2016-04-14 13:00:00.000,111
6290855005,2016-04-14 14:00:00.000,271
6290855005,2016-04-14 15:00:00.000,563
6290855005,2016-04-14 16:00:00.000,0
6290855005,2016-04-14 17:00:00.000,851
6290855005,2016-04-14 18:00:00.000,739
6290855005,2016-04-14 19:00:00.000,293
6290855005,2016-04-14 20:00:00.000,349
6290855005,2016-04-14 21:00:00.000,740
6290855005,2016-04-14 22:00:00.000,560
6290855005,2016-04-14 23:00:00.000,5
6290855005,2016-04-15 00:00:00.000,0
6290855005,2016-04-15 01:00:00.000,0
6290855005,2016-04-15 02:00:00.000,0
6290855005,2016-04-15 03:00:00.000,0
6290855005,2016-04-15 04:00:00.000,0
6290855005,2016-04-15 05:00:00.000,0
6290855005,2016-04-15 06:00:00.000,0
6290855005,2016-04-15 07:00:00.000,468
6290855005,2016-04-15 08:00:00.000,195
6290855005,2016-04-15 09:00:00.000,330
6290855005,2016-04-15 10:00:00.000,791
6290855005,2016-04-15 11:00:00.000,786
6290855005,2016-04-15 12:00:00.000,382
6290855005,2016-04-15 13:00:00.000,926
6290855005,2016-04-15 14:00:00.000,390
6290855005,2016-04-15 15:00:00.000,106
6290855005,2016-04-15 16:00:00.000,796
6290855005,2016-04-15 17:00:00.000,540
6290855005,2016-04-15 18:00:00.000,936
6290855005,2016-04-15 19:00:00.000,859
6290855005,2016-04-15 20:00:00.000,81
6290855005,2016-04-15 21:00:00.000,652
6290855005,2016-04-15 22:00:00.000,629
6290855005,2016-04-15 23:00:00.000,634
6290855005,2016-04-16 00:00:00.000,0
6290855005,2016-04-16 01:00:00.000,0
6290855005,2016-04-16 02:00:00.000,0
6290855005,2016-04-16 03:00:00.000,0
6290855005,2016-04-16 04:00:00.000,0
6290855005,2016-04-16 05:00:00.000,0
6290855005,2016-04-16 06:00:00.000,0
6290855005,2016-04-16 07:00:00.000,0
6290855005,2016-04-16 08:00:00.000,1727
6290855005,2016-04-16 09:00:00.000,1841
6290855005,2016-04-16 10:00:00.000,568
6290855005,2016-04-16 11:00:00.000,1092
6290855005,2016-04-16 12:00:00.000,7
6290855005,2016-04-16 13:00:00.000,1583
6290855005,2016-04-16 14:00:00.000,839
6290855005,2016-04-16 15:00:00.000,139
6290855005,2016-04-16 16:00:00.000,164
6290855005,2016-04-16 17:00:00.000,219
6290855005,2016-04-16 18:00:00.000,103
6290855005,2016-04-16 19:00:00.000,19
6290855005,2016-04-16 20:00:00.000,0
6290855005,2016-04-16 21:00:00.000,0
6290855005,2016-04-16 22:00:00.000,0
6290855005,2016-04-16 23:00:00.000,0
6290855005,2016-04-17 00:00:00.000,0
6290855005,2016-04-17 01:00:00.000,0
6290855005,2016-04-17 02:00:00.000,0
6290855005,2016-04-17 03:00:00.000,0
6290855005,2016-04-17 04:00:00.000,0
6290855005,2016-04-17 05:00:00.000,0
6290855005,2016-04-17 06:00:00.000,0
6290855005,2016-04-17 07:00:00.000,59
6290855005,2016-04-17 08:00:00.000,40
6290855005,2016-04-17 09:00:00.000,956
6290855005,2016-04-17 10:00:00.000,584
6290855005,2016-04-17 11:00:00.000,76
6290855005,2016-04-17 12:00:00.000,1558
6290855005,2016-04-17 13:00:00.000,2033
6290855005,2016-04-17 14:00:00.000,1608
6290855005,2016-04-17 15:00:00.000,132
6290855005,2016-04-17 16:00:00.000,224
6290855005,2016-04-17 17:00:00.000,314
6290855005,2016-04-17 18:00:00.000,154
6290855005,2016-04-17 19:00:00.000,113
6290855005,2016-04-17 20:00:00.000,0
6290855005,2016-04-17 21:00:00.000,0
6290855005,2016-04-17 22:00:00.000,0
6290855005,2016-04-17 23:00:00.000,0
6290855005,2016-04-18 00:00:00.000,0
6290855005,2016-04-18 01:00:00.000,0
6290855005,2016-04-18 02:00:00.000,0
6290855005,2016-04-18 03:00:00.000,0
6290855005,2016-04-18 04:00:00.000,0
6290855005,2016-04-18 05:00:00.000,0
6290855005,2016-04-18 06:00:00.000,312
6290855005,2016-04-18 07:00:00.000,595
6290855005,2016-04-18 08:00:00.000,599
6290855005,2016-04-18 09:00:00.000,1051
6290855005,2016-04-18 10:00:00.000,895
6290855005,2016-04-18 11:00:00.000,291
6290855005,2016-04-18 12:00:00.000,644
6290855005,2016-04-18 13:00:00.000,903
6290855005,2016-04-18 14:00:00.000,432
6290855005,2016-04-18 15:00:00.000,868
6290855005,2016-04-18 16:00:00.000,205
6290855005,2016-04-18 17:00:00.000,90
6290855005,2016-04-18 18:00:00.000,0
6290855005,2016-04-18 19:00:00.000,0
6290855005,2016-04-18 20:00:00.000,0
6290855005,2016-04-18 21:00:00.000,0
6290855005,2016-04-18 22:00:00.000,0
6290855005,2016-04-18 23:00:00.000,0
6290855005,2016-04-19 00:00:00.000,0
6290855005,2016-04-19 01:00:00.000,0
6290855005,2016-04-19 02:00:00.000,0
6290855005,2016-04-19 03:00:00.000,0
6290855005,2016-04-19 04:00:00.000,0
6290855005,2016-04-19 05:00:00.000,0
6290855005,2016-04-19 06:00:00.000,273
6290855005,2016-04-19 07:00:00.000,584
6290855005,2016-04-19 08:00:00.000,549
6290855005,2016-04-19 09:00:00.000,525
6290855005,2016-04-19 10:00:00.000,548
6290855005,2016-04-19 11:00:00.000,850
6290855005,2016-04-19 12:00:00.000,966
6290855005,2016-04-19 13:00:00.000,490
6290855005,2016-04-19 14:00:00.000,759
6290855005,2016-04-19 15:00:00.000,764
6290855005,2016-04-19 16:00:00.000,561
6290855005,2016-04-19 17:00:00.000,99
6290855005,2016-04-19 18:00:00.000,13
6290855005,2016-04-19 19:00:00.000,95
6290855005,2016-04-19 20:00:00.000,66
6290855005,2016-04-19 21:00:00.000,0
6290855005,2016-04-19 22:00:00.000,0
6290855005,2016-04-19 23:00:00.000,0
6290855005,2016-04-20 00:00:00.000,0
6290855005,2016-04-20 01:00:00.000,0
6290855005,2016-04-20 02:00:00.000,0
6290855005,2016-04-20 03:00:00.000,0
6290855005,2016-04-20 04:00:00.000,0
6290855005,2016-04-20 05:00:00.000,0
6290855005,2016-04-20 06:00:00.000,254
6290855005,2016-04-20 07:00:00.000,903
6290855005,2016-04-20 08:00:00.000,626
6290855005,2016-04-20 09:00:00.000,322
6290855005,2016-04-20 10:00:00.000,567
6290855005,2016-04-20 11:00:00.000,314
6290855005,2016-04-20 12:00:00.000,549
6290855005,2016-04-20 13:00:00.000,1030
6290855005,2016-04-20 14:00:00.000,605
6290855005,2016-04-20 15:00:00.000,843
6290855005,2016-04-20 16:00:00.000,228
6290855005,2016-04-20 17:00:00.000,120
6290855005,2016-04-20 18:00:00.000,0
6290855005,2016-04-20 19:00:00.000,0
6290855005,2016-04-20 20:00:00.000,0
6290855005,2016-04-20 21:00:00.000,0
6290855005,2016-04-20 22:00:00.000,0
6290855005,2016-04-20 23:00:00.000,0
6290855005,2016-04-21 00:00:00.000,0
6290855005,2016-04-21 01:00:00.000,0
6290855005,2016-04-21 02:00:00.000,0
6290855005,2016-04-21 03:00:00.000,0
6290855005,2016-04-21 04:00:00.000,0
6290855005,2016-04-21 05:00:00.000,0
6290855005,2016-04-21 06:00:00.000,0
6290855005,2016-04-21 07:00:00.000,0
6290855005,2016-04-21 08:00:00.000,0
6290855005,2016-04-21 09:00:00.000,0
6290855005,2016-04-21 10:00:00.000,0
6290855005,2016-04-21 11:00:00.000,0
6290855005,2016-04-21 12:00:00.000,0
6290855005,2016-04-21 13:00:00.000,0
6290855005,2016-04-21 14:00:00.000,0
6290855005,2016-04-21 15:00:00.000,0
6290855005,2016-04-21 16:00:00.000,0
6290855005,2016-04-21 17:00:00.000,0
6290855005,2016-04-21 18:00:00.000,0
6290855005,2016-04-21 19:00:00.000,0
6290855005,2016-04-21 20:00:00.000,0
6290855005,2016-04-21 21:00:00.000,0
6290855005,2016-04-21 22:00:00.000,0
6290855005,2016-04-21 23:00:00.000,0
6290855005,2016-04-22 00:00:00.000,0
6290855005,2016-04-22 01:00:00.000,0
6290855005,2016-04-22 02:00:00.000,0
6290855005,2016-04-22 03:00:00.000,0
6290855005,2016-04-22 04:00:00.000,0
6290855005,2016-04-22 05:00:00.000,0
6290855005,2016-04-22 06:00:00.000,202
6290855005,2016-04-22 07:00:00.000,757
6290855005,2016-04-22 08:00:00.000,419
6290855005,2016-04-22 09:00:00.000,715
6290855005,2016-04-22 10:00:00.000,264
6290855005,2016-04-22 11:00:00.000,688
6290855005,2016-04-22 12:00:00.000,636
6290855005,2016-04-22 13:00:00.000,218
6290855005,2016-04-22 14:00:00.000,1071
6290855005,2016-04-22 15:00:00.000,56
6290855005,2016-04-22 16:00:00.000,875
6290855005,2016-04-22 17:00:00.000,330
6290855005,2016-04-22 18:00:00.000,7
6290855005,2016-04-22 19:00:00.000,0
6290855005,2016-04-22 20:00:00.000,0
6290855005,2016-04-22 21:00:00.000,0
6290855005,2016-04-22 22:00:00.000,0
6290855005,2016-04-22 23:00:00.000,0
6290855005,2016-04-23 00:00:00.000,0
6290855005,2016-04-23 01:00:00.000,0
6290855005,2016-04-23 02:00:00.000,0
6290855005,2016-04-23 03:00:00.000,0
6290855005,2016-04-23 04:00:00.000,0
6290855005,2016-04-23 05:00:00.000,0
6290855005,2016-04-23 06:00:00.000,0
6290855005,2016-04-23 07:00:00.000,0
6290855005,2016-04-23 08:00:00.000,0
6290855005,2016-04-23 09:00:00.000,0
6290855005,2016-04-23 10:00:00.000,0
6290855005,2016-04-23 11:00:00.000,0
6290855005,2016-04-23 12:00:00.000,0
6290855005,2016-04-23 13:00:00.000,0
6290855005,2016-04-23 14:00:00.000,0
6290855005,2016-04-23 15:00:00.000,0
6290855005,2016-04-23 16:00:00.000,0
6290855005,2016-04-23 17:00:00.000,0
6290855005,2016-04-23 18:00:00.000,0
6290855005,2016-04-23 19:00:00.000,0
6290855005,2016-04-23 20:00:00.000,0
6290855005,2016-04-23 21:00:00.000,0
6290855005,2016-04-23 22:00:00.000,0
6290855005,2016-04-23 23:00:00.000,0
6290855005,2016-04-24 00:00:00.000,0
6290855005,2016-04-24 01:00:00.000,0
6290855005,2016-04-24 02:00:00.000,0
6290855005,2016-04-24 03:00:00.000,0
6290855005,2016-04-24 04:00:00.000,0
6290855005,2016-04-24 05:00:00.000,0
6290855005,2016-04-24 06:00:00.000,0
6290855005,2016-04-24 07:00:00.000,0
6290855005,2016-04-24 08:00:00.000,0
6290855005,2016-04-24 09:00:00.000,207
6290855005,2016-04-24 10:00:00.000,2029
6290855005,2016-04-24 11:00:00.000,415
6290855005,2016-04-24 12:00:00.000,1125
6290855005,2016-04-24 13:00:00.000,107
6290855005,2016-04-24 14:00:00.000,136
6290855005,2016-04-24 15:00:00.000,84
6290855005,2016-04-24 16:00:00.000,104
6290855005,2016-04-24 17:00:00.000,851
6290855005,2016-04-24 18:00:00.000,224
6290855005,2016-04-24 19:00:00.000,219
6290855005,2016-04-24 20:00:00.000,363
6290855005,2016-04-24 21:00:00.000,32
6290855005,2016-04-24 22:00:00.000,0
6290855005,2016-04-24 23:00:00.000,0
6290855005,2016-04-25 00:00:00.000,0
6290855005,2016-04-25 01:00:00.000,0
6290855005,2016-04-25 02:00:00.000,0
6290855005,2016-04-25 03:00:00.000,0
6290855005,2016-04-25 04:00:00.000,0
6290855005,2016-04-25 05:00:00.000,0
6290855005,2016-04-25 06:00:00.000,195
6290855005,2016-04-25 07:00:00.000,827
6290855005,2016-04-25 08:00:00.000,1935
6290855005,2016-04-25 09:00:00.000,752
6290855005,2016-04-25 10:00:00.000,587
6290855005,2016-04-25 11:00:00.000,591
6290855005,2016-04-25 12:00:00.000,244
6290855005,2016-04-25 13:00:00.000,618
6290855005,2016-04-25 14:00:00.000,667
6290855005,2016-04-25 15:00:00.000,492
6290855005,2016-04-25 16:00:00.000,838
6290855005,2016-04-25 17:00:00.000,56
6290855005,2016-04-25 18:00:00.000,0
6290855005,2016-04-25 19:00:00.000,0
6290855005,2016-04-25 20:00:00.000,0
6290855005,2016-04-25 21:00:00.000,0
6290855005,2016-04-25 22:00:00.000,0
6290855005,2016-04-25 23:00:00.000,0
6290855005,2016-04-26 00:00:00.000,0
6290855005,2016-04-26 01:00:00.000,0
6290855005,2016-04-26 02:00:00.000,0
6290855005,2016-04-26 03:00:00.000,0
6290855005,2016-04-26 04:00:00.000,0
6290855005,2016-04-26 05:00:00.000,0
6290855005,2016-04-26 06:00:00.000,0
6290855005,2016-04-26 07:00:00.000,0
6290855005,2016-04-26 08:00:00.000,0
6290855005,2016-04-26 09:00:00.000,0
6290855005,2016-04-26 10:00:00.000,0
6290855005,2016-04-26 11:00:00.000,0
6290855005,2016-04-26 12:00:00.000,0
6290855005,2016-04-26 13:00:00.000,0
6290855005,2016-04-26 14:00:00.000,0
6290855005,2016-04-26 15:00:00.000,0
6290855005,2016-04-26 16:00:00.000,0
6290855005,2016-04-26 17:00:00.000,0
6290855005,2016-04-26 18:00:00.000,0
6290855005,2016-04-26 19:00:00.000,0
6290855005,2016-04-26 20:00:00.000,0
6290855005,2016-04-26 21:00:00.000,0
6290855005,2016-04-26 22:00:00.000,0
6290855005,2016-04-26 23:00:00.000,0
6290855005,2016-04-27 00:00:00.000,0
6290855005,2016-04-27 01:00:00.000,0
6290855005,2016-04-27 02:00:00.000,0
6290855005,2016-04-27 03:00:00.000,0
6290855005,2016-04-27 04:00:00.000,0
6290855005,2016-04-27 05:00:00.000,0
6290855005,2016-04-27 06:00:00.000,136
6290855005,2016-04-27 07:00:00.000,795
6290855005,2016-04-27 08:00:00.000,934
6290855005,2016-04-27 09:00:00.000,236
6290855005,2016-04-27 10:00:00.000,154
6290855005,2016-04-27 11:00:00.000,634
6290855005,2016-04-27 12:00:00.000,164
6290855005,2016-04-27 13:00:00.000,675
6290855005,2016-04-27 14:00:00.000,388
6290855005,2016-04-27 15:00:00.000,277
6290855005,2016-04-27 16:00:00.000,885
6290855005,2016-04-27 17:00:00.000,164
6290855005,2016-04-27 18:00:00.000,123
6290855005,2016-04-27 19:00:00.000,0
6290855005,2016-04-27 20:00:00.000,0
6290855005,2016-04-27 21:00:00.000,0
6290855005,2016-04-27 22:00:00.000,0
6290855005,2016-04-27 23:00:00.000,0
6290855005,2016-04-28 00:00:00.000,0
6290855005,2016-04-28 01:00:00.000,0
6290855005,2016-04-28 02:00:00.000,0
6290855005,2016-04-28 03:00:00.000,0
6290855005,2016-04-28 04:00:00.000,0
6290855005,2016-04-28 05:00:00.000,0
6290855005,2016-04-28 06:00:00.000,87
6290855005,2016-04-28 07:00:00.000,779
6290855005,2016-04-28 08:00:00.000,154
6290855005,2016-04-28 09:00:00.000,230
6290855005,2016-04-28 10:00:00.000,33
6290855005,2016-04-28 11:00:00.000,768
6290855005,2016-04-28 12:00:00.000,1121
6290855005,2016-04-28 13:00:00.000,97
6290855005,2016-04-28 14:00:00.000,815
6290855005,2016-04-28 15:00:00.000,756
6290855005,2016-04-28 16:00:00.000,812
6290855005,2016-04-28 17:00:00.000,79
6290855005,2016-04-28 18:00:00.000,0
6290855005,2016-04-28 19:00:00.000,0
6290855005,2016-04-28 20:00:00.000,0
6290855005,2016-04-28 21:00:00.000,0
6290855005,2016-04-28 22:00:00.000,0
6290855005,2016-04-28 23:00:00.000,0
6290855005,2016-04-29 00:00:00.000,0
6290855005,2016-04-29 01:00:00.000,0
6290855005,2016-04-29 02:00:00.000,0
6290855005,2016-04-29 03:00:00.000,0
6290855005,2016-04-29 04:00:00.000,0
6290855005,2016-04-29 05:00:00.000,0
6290855005,2016-04-29 06:00:00.000,0
6290855005,2016-04-29 07:00:00.000,0
6290855005,2016-04-29 08:00:00.000,0
6290855005,2016-04-29 09:00:00.000,0
6290855005,2016-04-29 10:00:00.000,0
6290855005,2016-04-29 11:00:00.000,0
6290855005,2016-04-29 12:00:00.000,0
6290855005,2016-04-29 13:00:00.000,0
6290855005,2016-04-29 14:00:00.000,0
6290855005,2016-04-29 15:00:00.000,0
6290855005,2016-04-29 16:00:00.000,0
6290855005,2016-04-29 17:00:00.000,0
6290855005,2016-04-29 18:00:00.000,0
6290855005,2016-04-29 19:00:00.000,0
6290855005,2016-04-29 20:00:00.000,0
6290855005,2016-04-29 21:00:00.000,0
6290855005,2016-04-29 22:00:00.000,0
6290855005,2016-04-29 23:00:00.000,0
6290855005,2016-04-30 00:00:00.000,0
6290855005,2016-04-30 01:00:00.000,0
6290855005,2016-04-30 02:00:00.000,0
6290855005,2016-04-30 03:00:00.000,0
6290855005,2016-04-30 04:00:00.000,0
6290855005,2016-04-30 05:00:00.000,0
6290855005,2016-04-30 06:00:00.000,0
6290855005,2016-04-30 07:00:00.000,70
6290855005,2016-04-30 08:00:00.000,111
6290855005,2016-04-30 09:00:00.000,899
6290855005,2016-04-30 10:00:00.000,944
6290855005,2016-04-30 11:00:00.000,1937
6290855005,2016-04-30 12:00:00.000,319
6290855005,2016-04-30 13:00:00.000,420
6290855005,2016-04-30 14:00:00.000,546
6290855005,2016-04-30 15:00:00.000,239
6290855005,2016-04-30 16:00:00.000,1259
6290855005,2016-04-30 17:00:00.000,0
6290855005,2016-04-30 18:00:00.000,0
6290855005,2016-04-30 19:00:00.000,0
6290855005,2016-04-30 20:00:00.000,0
6290855005,2016-04-30 21:00:00.000,0
6290855005,2016-04-30 22:00:00.000,0
6290855005,2016-04-30 23:00:00.000,0
6290855005,2016-01-05 00:00:00.000,0
6290855005,2016-01-05 01:00:00.000,0
6290855005,2016-01-05 02:00:00.000,0
6290855005,2016-01-05 03:00:00.000,0
6290855005,2016-01-05 04:00:00.000,0
6290855005,2016-01-05 05:00:00.000,0
6290855005,2016-01-05 06:00:00.000,0
6290855005,2016-01-05 07:00:00.000,0
6290855005,2016-01-05 08:00:00.000,0
6290855005,2016-01-05 09:00:00.000,3258
6290855005,2016-01-05 10:00:00.000,3251
6290855005,2016-01-05 11:00:00.000,387
6290855005,2016-01-05 12:00:00.000,781
6290855005,2016-01-05 13:00:00.000,497
6290855005,2016-01-05 14:00:00.000,557
6290855005,2016-01-05 15:00:00.000,427
6290855005,2016-01-05 16:00:00.000,8
6290855005,2016-01-05 17:00:00.000,172
6290855005,2016-01-05 18:00:00.000,250
6290855005,2016-01-05 19:00:00.000,170
6290855005,2016-01-05 20:00:00.000,79
6290855005,2016-01-05 21:00:00.000,0
6290855005,2016-01-05 22:00:00.000,0
6290855005,2016-01-05 23:00:00.000,0
6290855005,2016-02-05 00:00:00.000,0
6290855005,2016-02-05 01:00:00.000,0
6290855005,2016-02-05 02:00:00.000,0
6290855005,2016-02-05 03:00:00.000,0
6290855005,2016-02-05 04:00:00.000,0
6290855005,2016-02-05 05:00:00.000,0
6290855005,2016-02-05 06:00:00.000,206
6290855005,2016-02-05 07:00:00.000,788
6290855005,2016-02-05 08:00:00.000,183
6290855005,2016-02-05 09:00:00.000,783
6290855005,2016-02-05 10:00:00.000,578
6290855005,2016-02-05 11:00:00.000,372
6290855005,2016-02-05 12:00:00.000,543
6290855005,2016-02-05 13:00:00.000,789
6290855005,2016-02-05 14:00:00.000,574
6290855005,2016-02-05 15:00:00.000,1178
6290855005,2016-02-05 16:00:00.000,676
6290855005,2016-02-05 17:00:00.000,111
6290855005,2016-02-05 18:00:00.000,0
6290855005,2016-02-05 19:00:00.000,0
6290855005,2016-02-05 20:00:00.000,0
6290855005,2016-02-05 21:00:00.000,0
6290855005,2016-02-05 22:00:00.000,0
6290855005,2016-02-05 23:00:00.000,0
6290855005,2016-03-05 00:00:00.000,0
6290855005,2016-03-05 01:00:00.000,0
6290855005,2016-03-05 02:00:00.000,0
6290855005,2016-03-05 03:00:00.000,0
6290855005,2016-03-05 04:00:00.000,0
6290855005,2016-03-05 05:00:00.000,0
6290855005,2016-03-05 06:00:00.000,393
6290855005,2016-03-05 07:00:00.000,663
6290855005,2016-03-05 08:00:00.000,341
6290855005,2016-03-05 09:00:00.000,630
6290855005,2016-03-05 10:00:00.000,582
6290855005,2016-03-05 11:00:00.000,405
6290855005,2016-03-05 12:00:00.000,400
6290855005,2016-03-05 13:00:00.000,1014
6290855005,2016-03-05 14:00:00.000,259
6290855005,2016-03-05 15:00:00.000,770
6290855005,2016-03-05 16:00:00.000,273
6290855005,2016-03-05 17:00:00.000,317
6290855005,2016-03-05 18:00:00.000,0
6290855005,2016-03-05 19:00:00.000,0
6290855005,2016-03-05 20:00:00.000,0
6290855005,2016-03-05 21:00:00.000,0
6290855005,2016-03-05 22:00:00.000,0
6290855005,2016-03-05 23:00:00.000,0
6290855005,2016-04-05 00:00:00.000,0
6290855005,2016-04-05 01:00:00.000,0
6290855005,2016-04-05 02:00:00.000,0
6290855005,2016-04-05 03:00:00.000,0
6290855005,2016-04-05 04:00:00.000,0
6290855005,2016-04-05 05:00:00.000,0
6290855005,2016-04-05 06:00:00.000,152
6290855005,2016-04-05 07:00:00.000,735
6290855005,2016-04-05 08:00:00.000,281
6290855005,2016-04-05 09:00:00.000,945
6290855005,2016-04-05 10:00:00.000,356
6290855005,2016-04-05 11:00:00.000,743
6290855005,2016-04-05 12:00:00.000,347
6290855005,2016-04-05 13:00:00.000,427
6290855005,2016-04-05 14:00:00.000,416
6290855005,2016-04-05 15:00:00.000,603
6290855005,2016-04-05 16:00:00.000,241
6290855005,2016-04-05 17:00:00.000,258
6290855005,2016-04-05 18:00:00.000,169
6290855005,2016-04-05 19:00:00.000,159
6290855005,2016-04-05 20:00:00.000,0
6290855005,2016-04-05 21:00:00.000,0
6290855005,2016-04-05 22:00:00.000,0
6290855005,2016-04-05 23:00:00.000,0
6290855005,2016-05-05 00:00:00.000,0
6290855005,2016-05-05 01:00:00.000,0
6290855005,2016-05-05 02:00:00.000,0
6290855005,2016-05-05 03:00:00.000,0
6290855005,2016-05-05 04:00:00.000,0
6290855005,2016-05-05 05:00:00.000,72
6290855005,2016-05-05 06:00:00.000,136
6290855005,2016-05-05 07:00:00.000,786
6290855005,2016-05-05 08:00:00.000,478
6290855005,2016-05-05 09:00:00.000,543
6290855005,2016-05-05 10:00:00.000,366
6290855005,2016-05-05 11:00:00.000,421
6290855005,2016-05-05 12:00:00.000,886
6290855005,2016-05-05 13:00:00.000,102
6290855005,2016-05-05 14:00:00.000,1189
6290855005,2016-05-05 15:00:00.000,1070
6290855005,2016-05-05 16:00:00.000,4
6290855005,2016-05-05 17:00:00.000,253
6290855005,2016-05-05 18:00:00.000,33
6290855005,2016-05-05 19:00:00.000,0
6290855005,2016-05-05 20:00:00.000,0
6290855005,2016-05-05 21:00:00.000,0
6290855005,2016-05-05 22:00:00.000,0
6290855005,2016-05-05 23:00:00.000,0
6290855005,2016-06-05 00:00:00.000,0
6290855005,2016-06-05 01:00:00.000,0
6290855005,2016-06-05 02:00:00.000,0
6290855005,2016-06-05 03:00:00.000,0
6290855005,2016-06-05 04:00:00.000,0
6290855005,2016-06-05 05:00:00.000,21
6290855005,2016-06-05 06:00:00.000,134
6290855005,2016-06-05 07:00:00.000,1200
6290855005,2016-06-05 08:00:00.000,374
6290855005,2016-06-05 09:00:00.000,357
6290855005,2016-06-05 10:00:00.000,125
6290855005,2016-06-05 11:00:00.000,716
6290855005,2016-06-05 12:00:00.000,374
6290855005,2016-06-05 13:00:00.000,325
6290855005,2016-06-05 14:00:00.000,281
6290855005,2016-06-05 15:00:00.000,421
6290855005,2016-06-05 16:00:00.000,604
6290855005,2016-06-05 17:00:00.000,916
6290855005,2016-06-05 18:00:00.000,29
6290855005,2016-06-05 19:00:00.000,34
6290855005,2016-06-05 20:00:00.000,205
6290855005,2016-06-05 21:00:00.000,0
6290855005,2016-06-05 22:00:00.000,0
6290855005,2016-06-05 23:00:00.000,0
6290855005,2016-07-05 00:00:00.000,0
6290855005,2016-07-05 01:00:00.000,0
6290855005,2016-07-05 02:00:00.000,0
6290855005,2016-07-05 03:00:00.000,0
6290855005,2016-07-05 04:00:00.000,0
6290855005,2016-07-05 05:00:00.000,0
6290855005,2016-07-05 06:00:00.000,0
6290855005,2016-07-05 07:00:00.000,0
6290855005,2016-07-05 08:00:00.000,0
6290855005,2016-07-05 09:00:00.000,0
6290855005,2016-07-05 10:00:00.000,283
6290855005,2016-07-05 11:00:00.000,361
6290855005,2016-07-05 12:00:00.000,1242
6290855005,2016-07-05 13:00:00.000,682
6290855005,2016-07-05 14:00:00.000,496
6290855005,2016-07-05 15:00:00.000,1259
6290855005,2016-07-05 16:00:00.000,492
6290855005,2016-07-05 17:00:00.000,129
6290855005,2016-07-05 18:00:00.000,417
6290855005,2016-07-05 19:00:00.000,149
6290855005,2016-07-05 20:00:00.000,0
6290855005,2016-07-05 21:00:00.000,0
6290855005,2016-07-05 22:00:00.000,0
6290855005,2016-07-05 23:00:00.000,0
6290855005,2016-08-05 00:00:00.000,0
6290855005,2016-08-05 01:00:00.000,0
6290855005,2016-08-05 02:00:00.000,0
6290855005,2016-08-05 03:00:00.000,0
6290855005,2016-08-05 04:00:00.000,0
6290855005,2016-08-05 05:00:00.000,0
6290855005,2016-08-05 06:00:00.000,0
6290855005,2016-08-05 07:00:00.000,0
6290855005,2016-08-05 08:00:00.000,0
6290855005,2016-08-05 09:00:00.000,308
6290855005,2016-08-05 10:00:00.000,2117
6290855005,2016-08-05 11:00:00.000,1937
6290855005,2016-08-05 12:00:00.000,368
6290855005,2016-08-05 13:00:00.000,889
6290855005,2016-08-05 14:00:00.000,1218
6290855005,2016-08-05 15:00:00.000,247
6290855005,2016-08-05 16:00:00.000,57
6290855005,2016-08-05 17:00:00.000,368
6290855005,2016-08-05 18:00:00.000,87
6290855005,2016-08-05 19:00:00.000,110
6290855005,2016-08-05 20:00:00.000,0
6290855005,2016-08-05 21:00:00.000,0
6290855005,2016-08-05 22:00:00.000,0
6290855005,2016-08-05 23:00:00.000,0
6290855005,2016-09-05 00:00:00.000,0
6290855005,2016-09-05 01:00:00.000,0
6290855005,2016-09-05 02:00:00.000,0
6290855005,2016-09-05 03:00:00.000,0
6290855005,2016-09-05 04:00:00.000,0
6290855005,2016-09-05 05:00:00.000,0
6290855005,2016-09-05 06:00:00.000,296
6290855005,2016-09-05 07:00:00.000,650
6290855005,2016-09-05 08:00:00.000,812
6290855005,2016-09-05 09:00:00.000,686
6290855005,2016-09-05 10:00:00.000,194
6290855005,2016-09-05 11:00:00.000,235
6290855005,2016-09-05 12:00:00.000,358
6290855005,2016-09-05 13:00:00.000,1255
6290855005,2016-09-05 14:00:00.000,343
6290855005,2016-09-05 15:00:00.000,922
6290855005,2016-09-05 16:00:00.000,367
6775888955,2016-12-04 00:00:00.000,0
6775888955,2016-12-04 01:00:00.000,0
6775888955,2016-12-04 02:00:00.000,0
6775888955,2016-12-04 03:00:00.000,0
6775888955,2016-12-04 04:00:00.000,0
6775888955,2016-12-04 05:00:00.000,0
6775888955,2016-12-04 06:00:00.000,0
6775888955,2016-12-04 07:00:00.000,0
6775888955,2016-12-04 08:00:00.000,0
6775888955,2016-12-04 09:00:00.000,0
6775888955,2016-12-04 10:00:00.000,0
6775888955,2016-12-04 11:00:00.000,0
6775888955,2016-12-04 12:00:00.000,0
6775888955,2016-12-04 13:00:00.000,0
6775888955,2016-12-04 14:00:00.000,0
6775888955,2016-12-04 15:00:00.000,0
6775888955,2016-12-04 16:00:00.000,0
6775888955,2016-12-04 17:00:00.000,0
6775888955,2016-12-04 18:00:00.000,0
6775888955,2016-12-04 19:00:00.000,0
6775888955,2016-12-04 20:00:00.000,0
6775888955,2016-12-04 21:00:00.000,0
6775888955,2016-12-04 22:00:00.000,0
6775888955,2016-12-04 23:00:00.000,0
6775888955,2016-04-13 00:00:00.000,0
6775888955,2016-04-13 01:00:00.000,0
6775888955,2016-04-13 02:00:00.000,147
6775888955,2016-04-13 03:00:00.000,0
6775888955,2016-04-13 04:00:00.000,32
6775888955,2016-04-13 05:00:00.000,0
6775888955,2016-04-13 06:00:00.000,10
6775888955,2016-04-13 07:00:00.000,268
6775888955,2016-04-13 08:00:00.000,395
6775888955,2016-04-13 09:00:00.000,74
6775888955,2016-04-13 10:00:00.000,21
6775888955,2016-04-13 11:00:00.000,0
6775888955,2016-04-13 12:00:00.000,0
6775888955,2016-04-13 13:00:00.000,0
6775888955,2016-04-13 14:00:00.000,0
6775888955,2016-04-13 15:00:00.000,0
6775888955,2016-04-13 16:00:00.000,0
6775888955,2016-04-13 17:00:00.000,0
6775888955,2016-04-13 18:00:00.000,0
6775888955,2016-04-13 19:00:00.000,183
6775888955,2016-04-13 20:00:00.000,1131
6775888955,2016-04-13 21:00:00.000,119
6775888955,2016-04-13 22:00:00.000,1200
6775888955,2016-04-13 23:00:00.000,473
6775888955,2016-04-14 00:00:00.000,0
6775888955,2016-04-14 01:00:00.000,0
6775888955,2016-04-14 02:00:00.000,7
6775888955,2016-04-14 03:00:00.000,0
6775888955,2016-04-14 04:00:00.000,8
6775888955,2016-04-14 05:00:00.000,0
6775888955,2016-04-14 06:00:00.000,0
6775888955,2016-04-14 07:00:00.000,277
6775888955,2016-04-14 08:00:00.000,1196
6775888955,2016-04-14 09:00:00.000,55
6775888955,2016-04-14 10:00:00.000,241
6775888955,2016-04-14 11:00:00.000,44
6775888955,2016-04-14 12:00:00.000,650
6775888955,2016-04-14 13:00:00.000,0
6775888955,2016-04-14 14:00:00.000,0
6775888955,2016-04-14 15:00:00.000,0
6775888955,2016-04-14 16:00:00.000,0
6775888955,2016-04-14 17:00:00.000,0
6775888955,2016-04-14 18:00:00.000,0
6775888955,2016-04-14 19:00:00.000,0
6775888955,2016-04-14 20:00:00.000,1112
6775888955,2016-04-14 21:00:00.000,998
6775888955,2016-04-14 22:00:00.000,259
6775888955,2016-04-14 23:00:00.000,315
6775888955,2016-04-15 00:00:00.000,37
6775888955,2016-04-15 01:00:00.000,9
6775888955,2016-04-15 02:00:00.000,0
6775888955,2016-04-15 03:00:00.000,0
6775888955,2016-04-15 04:00:00.000,0
6775888955,2016-04-15 05:00:00.000,0
6775888955,2016-04-15 06:00:00.000,20
6775888955,2016-04-15 07:00:00.000,648
6775888955,2016-04-15 08:00:00.000,480
6775888955,2016-04-15 09:00:00.000,88
6775888955,2016-04-15 10:00:00.000,0
6775888955,2016-04-15 11:00:00.000,0
6775888955,2016-04-15 12:00:00.000,0
6775888955,2016-04-15 13:00:00.000,0
6775888955,2016-04-15 14:00:00.000,0
6775888955,2016-04-15 15:00:00.000,0
6775888955,2016-04-15 16:00:00.000,0
6775888955,2016-04-15 17:00:00.000,0
6775888955,2016-04-15 18:00:00.000,0
6775888955,2016-04-15 19:00:00.000,0
6775888955,2016-04-15 20:00:00.000,0
6775888955,2016-04-15 21:00:00.000,0
6775888955,2016-04-15 22:00:00.000,0
6775888955,2016-04-15 23:00:00.000,0
6775888955,2016-04-16 00:00:00.000,0
6775888955,2016-04-16 01:00:00.000,0
6775888955,2016-04-16 02:00:00.000,0
6775888955,2016-04-16 03:00:00.000,0
6775888955,2016-04-16 04:00:00.000,0
6775888955,2016-04-16 05:00:00.000,0
6775888955,2016-04-16 06:00:00.000,0
6775888955,2016-04-16 07:00:00.000,0
6775888955,2016-04-16 08:00:00.000,0
6775888955,2016-04-16 09:00:00.000,0
6775888955,2016-04-16 10:00:00.000,0
6775888955,2016-04-16 11:00:00.000,0
6775888955,2016-04-16 12:00:00.000,0
6775888955,2016-04-16 13:00:00.000,0
6775888955,2016-04-16 14:00:00.000,0
6775888955,2016-04-16 15:00:00.000,0
6775888955,2016-04-16 16:00:00.000,0
6775888955,2016-04-16 17:00:00.000,0
6775888955,2016-04-16 18:00:00.000,3629
6775888955,2016-04-16 19:00:00.000,1103
6775888955,2016-04-16 20:00:00.000,0
6775888955,2016-04-16 21:00:00.000,0
6775888955,2016-04-16 22:00:00.000,0
6775888955,2016-04-16 23:00:00.000,0
6775888955,2016-04-17 00:00:00.000,0
6775888955,2016-04-17 01:00:00.000,0
6775888955,2016-04-17 02:00:00.000,0
6775888955,2016-04-17 03:00:00.000,0
6775888955,2016-04-17 04:00:00.000,0
6775888955,2016-04-17 05:00:00.000,0
6775888955,2016-04-17 06:00:00.000,0
6775888955,2016-04-17 07:00:00.000,0
6775888955,2016-04-17 08:00:00.000,2303
6775888955,2016-04-17 09:00:00.000,194
6775888955,2016-04-17 10:00:00.000,0
6775888955,2016-04-17 11:00:00.000,0
6775888955,2016-04-17 12:00:00.000,0
6775888955,2016-04-17 13:00:00.000,0
6775888955,2016-04-17 14:00:00.000,0
6775888955,2016-04-17 15:00:00.000,0
6775888955,2016-04-17 16:00:00.000,0
6775888955,2016-04-17 17:00:00.000,0
6775888955,2016-04-17 18:00:00.000,0
6775888955,2016-04-17 19:00:00.000,0
6775888955,2016-04-17 20:00:00.000,0
6775888955,2016-04-17 21:00:00.000,0
6775888955,2016-04-17 22:00:00.000,0
6775888955,2016-04-17 23:00:00.000,0
6775888955,2016-04-18 00:00:00.000,0
6775888955,2016-04-18 01:00:00.000,0
6775888955,2016-04-18 02:00:00.000,0
6775888955,2016-04-18 03:00:00.000,0
6775888955,2016-04-18 04:00:00.000,0
6775888955,2016-04-18 05:00:00.000,0
6775888955,2016-04-18 06:00:00.000,0
6775888955,2016-04-18 07:00:00.000,0
6775888955,2016-04-18 08:00:00.000,0
6775888955,2016-04-18 09:00:00.000,9
6775888955,2016-04-18 10:00:00.000,311
6775888955,2016-04-18 11:00:00.000,1369
6775888955,2016-04-18 12:00:00.000,2492
6775888955,2016-04-18 13:00:00.000,1687
6775888955,2016-04-18 14:00:00.000,1652
6775888955,2016-04-18 15:00:00.000,774
6775888955,2016-04-18 16:00:00.000,0
6775888955,2016-04-18 17:00:00.000,0
6775888955,2016-04-18 18:00:00.000,0
6775888955,2016-04-18 19:00:00.000,0
6775888955,2016-04-18 20:00:00.000,0
6775888955,2016-04-18 21:00:00.000,0
6775888955,2016-04-18 22:00:00.000,0
6775888955,2016-04-18 23:00:00.000,0
6775888955,2016-04-19 00:00:00.000,0
6775888955,2016-04-19 01:00:00.000,0
6775888955,2016-04-19 02:00:00.000,0
6775888955,2016-04-19 03:00:00.000,0
6775888955,2016-04-19 04:00:00.000,0
6775888955,2016-04-19 05:00:00.000,0
6775888955,2016-04-19 06:00:00.000,0
6775888955,2016-04-19 07:00:00.000,0
6775888955,2016-04-19 08:00:00.000,0
6775888955,2016-04-19 09:00:00.000,0
6775888955,2016-04-19 10:00:00.000,0
6775888955,2016-04-19 11:00:00.000,0
6775888955,2016-04-19 12:00:00.000,0
6775888955,2016-04-19 13:00:00.000,0
6775888955,2016-04-19 14:00:00.000,0
6775888955,2016-04-19 15:00:00.000,0
6775888955,2016-04-19 16:00:00.000,0
6775888955,2016-04-19 17:00:00.000,0
6775888955,2016-04-19 18:00:00.000,0
6775888955,2016-04-19 19:00:00.000,0
6775888955,2016-04-19 20:00:00.000,0
6775888955,2016-04-19 21:00:00.000,0
6775888955,2016-04-19 22:00:00.000,0
6775888955,2016-04-19 23:00:00.000,0
6775888955,2016-04-20 00:00:00.000,0
6775888955,2016-04-20 01:00:00.000,0
6775888955,2016-04-20 02:00:00.000,0
6775888955,2016-04-20 03:00:00.000,0
6775888955,2016-04-20 04:00:00.000,0
6775888955,2016-04-20 05:00:00.000,0
6775888955,2016-04-20 06:00:00.000,858
6775888955,2016-04-20 07:00:00.000,1012
6775888955,2016-04-20 08:00:00.000,806
6775888955,2016-04-20 09:00:00.000,410
6775888955,2016-04-20 10:00:00.000,711
6775888955,2016-04-20 11:00:00.000,1135
6775888955,2016-04-20 12:00:00.000,1008
6775888955,2016-04-20 13:00:00.000,1334
6775888955,2016-04-20 14:00:00.000,990
6775888955,2016-04-20 15:00:00.000,392
6775888955,2016-04-20 16:00:00.000,1707
6775888955,2016-04-20 17:00:00.000,222
6775888955,2016-04-20 18:00:00.000,186
6775888955,2016-04-20 19:00:00.000,0
6775888955,2016-04-20 20:00:00.000,0
6775888955,2016-04-20 21:00:00.000,0
6775888955,2016-04-20 22:00:00.000,0
6775888955,2016-04-20 23:00:00.000,0
6775888955,2016-04-21 00:00:00.000,0
6775888955,2016-04-21 01:00:00.000,0
6775888955,2016-04-21 02:00:00.000,0
6775888955,2016-04-21 03:00:00.000,0
6775888955,2016-04-21 04:00:00.000,0
6775888955,2016-04-21 05:00:00.000,0
6775888955,2016-04-21 06:00:00.000,0
6775888955,2016-04-21 07:00:00.000,0
6775888955,2016-04-21 08:00:00.000,0
6775888955,2016-04-21 09:00:00.000,0
6775888955,2016-04-21 10:00:00.000,0
6775888955,2016-04-21 11:00:00.000,0
6775888955,2016-04-21 12:00:00.000,0
6775888955,2016-04-21 13:00:00.000,0
6775888955,2016-04-21 14:00:00.000,0
6775888955,2016-04-21 15:00:00.000,0
6775888955,2016-04-21 16:00:00.000,0
6775888955,2016-04-21 17:00:00.000,0
6775888955,2016-04-21 18:00:00.000,0
6775888955,2016-04-21 19:00:00.000,0
6775888955,2016-04-21 20:00:00.000,0
6775888955,2016-04-21 21:00:00.000,0
6775888955,2016-04-21 22:00:00.000,0
6775888955,2016-04-21 23:00:00.000,0
6775888955,2016-04-22 00:00:00.000,0
6775888955,2016-04-22 01:00:00.000,0
6775888955,2016-04-22 02:00:00.000,0
6775888955,2016-04-22 03:00:00.000,0
6775888955,2016-04-22 04:00:00.000,0
6775888955,2016-04-22 05:00:00.000,0
6775888955,2016-04-22 06:00:00.000,0
6775888955,2016-04-22 07:00:00.000,43
6775888955,2016-04-22 08:00:00.000,594
6775888955,2016-04-22 09:00:00.000,0
6775888955,2016-04-22 10:00:00.000,0
6775888955,2016-04-22 11:00:00.000,0
6775888955,2016-04-22 12:00:00.000,0
6775888955,2016-04-22 13:00:00.000,0
6775888955,2016-04-22 14:00:00.000,0
6775888955,2016-04-22 15:00:00.000,0
6775888955,2016-04-22 16:00:00.000,0
6775888955,2016-04-22 17:00:00.000,0
6775888955,2016-04-22 18:00:00.000,0
6775888955,2016-04-22 19:00:00.000,0
6775888955,2016-04-22 20:00:00.000,0
6775888955,2016-04-22 21:00:00.000,0
6775888955,2016-04-22 22:00:00.000,0
6775888955,2016-04-22 23:00:00.000,0
6775888955,2016-04-23 00:00:00.000,0
6775888955,2016-04-23 01:00:00.000,0
6775888955,2016-04-23 02:00:00.000,0
6775888955,2016-04-23 03:00:00.000,0
6775888955,2016-04-23 04:00:00.000,0
6775888955,2016-04-23 05:00:00.000,0
6775888955,2016-04-23 06:00:00.000,0
6775888955,2016-04-23 07:00:00.000,0
6775888955,2016-04-23 08:00:00.000,0
6775888955,2016-04-23 09:00:00.000,0
6775888955,2016-04-23 10:00:00.000,0
6775888955,2016-04-23 11:00:00.000,0
6775888955,2016-04-23 12:00:00.000,0
6775888955,2016-04-23 13:00:00.000,0
6775888955,2016-04-23 14:00:00.000,0
6775888955,2016-04-23 15:00:00.000,0
6775888955,2016-04-23 16:00:00.000,0
6775888955,2016-04-23 17:00:00.000,0
6775888955,2016-04-23 18:00:00.000,0
6775888955,2016-04-23 19:00:00.000,0
6775888955,2016-04-23 20:00:00.000,0
6775888955,2016-04-23 21:00:00.000,0
6775888955,2016-04-23 22:00:00.000,0
6775888955,2016-04-23 23:00:00.000,0
6775888955,2016-04-24 00:00:00.000,0
6775888955,2016-04-24 01:00:00.000,0
6775888955,2016-04-24 02:00:00.000,0
6775888955,2016-04-24 03:00:00.000,0
6775888955,2016-04-24 04:00:00.000,0
6775888955,2016-04-24 05:00:00.000,0
6775888955,2016-04-24 06:00:00.000,0
6775888955,2016-04-24 07:00:00.000,0
6775888955,2016-04-24 08:00:00.000,0
6775888955,2016-04-24 09:00:00.000,0
6775888955,2016-04-24 10:00:00.000,0
6775888955,2016-04-24 11:00:00.000,742
6775888955,2016-04-24 12:00:00.000,0
6775888955,2016-04-24 13:00:00.000,0
6775888955,2016-04-24 14:00:00.000,0
6775888955,2016-04-24 15:00:00.000,0
6775888955,2016-04-24 16:00:00.000,0
6775888955,2016-04-24 17:00:00.000,0
6775888955,2016-04-24 18:00:00.000,1411
6775888955,2016-04-24 19:00:00.000,0
6775888955,2016-04-24 20:00:00.000,0
6775888955,2016-04-24 21:00:00.000,0
6775888955,2016-04-24 22:00:00.000,0
6775888955,2016-04-24 23:00:00.000,0
6775888955,2016-04-25 00:00:00.000,0
6775888955,2016-04-25 01:00:00.000,0
6775888955,2016-04-25 02:00:00.000,0
6775888955,2016-04-25 03:00:00.000,0
6775888955,2016-04-25 04:00:00.000,0
6775888955,2016-04-25 05:00:00.000,0
6775888955,2016-04-25 06:00:00.000,0
6775888955,2016-04-25 07:00:00.000,0
6775888955,2016-04-25 08:00:00.000,0
6775888955,2016-04-25 09:00:00.000,1272
6775888955,2016-04-25 10:00:00.000,719
6775888955,2016-04-25 11:00:00.000,1008
6775888955,2016-04-25 12:00:00.000,2719
6775888955,2016-04-25 13:00:00.000,745
6775888955,2016-04-25 14:00:00.000,0
6775888955,2016-04-25 15:00:00.000,0
6775888955,2016-04-25 16:00:00.000,0
6775888955,2016-04-25 17:00:00.000,0
6775888955,2016-04-25 18:00:00.000,0
6775888955,2016-04-25 19:00:00.000,0
6775888955,2016-04-25 20:00:00.000,0
6775888955,2016-04-25 21:00:00.000,0
6775888955,2016-04-25 22:00:00.000,0
6775888955,2016-04-25 23:00:00.000,0
6775888955,2016-04-26 00:00:00.000,0
6775888955,2016-04-26 01:00:00.000,0
6775888955,2016-04-26 02:00:00.000,0
6775888955,2016-04-26 03:00:00.000,0
6775888955,2016-04-26 04:00:00.000,0
6775888955,2016-04-26 05:00:00.000,2127
6775888955,2016-04-26 06:00:00.000,3241
6775888955,2016-04-26 07:00:00.000,0
6775888955,2016-04-26 08:00:00.000,755
6775888955,2016-04-26 09:00:00.000,74
6775888955,2016-04-26 10:00:00.000,0
6775888955,2016-04-26 11:00:00.000,0
6775888955,2016-04-26 12:00:00.000,0
6775888955,2016-04-26 13:00:00.000,0
6775888955,2016-04-26 14:00:00.000,0
6775888955,2016-04-26 15:00:00.000,0
6775888955,2016-04-26 16:00:00.000,0
6775888955,2016-04-26 17:00:00.000,0
6775888955,2016-04-26 18:00:00.000,281
6775888955,2016-04-26 19:00:00.000,613
6775888955,2016-04-26 20:00:00.000,0
6775888955,2016-04-26 21:00:00.000,0
6775888955,2016-04-26 22:00:00.000,0
6775888955,2016-04-26 23:00:00.000,0
6775888955,2016-04-27 00:00:00.000,0
6775888955,2016-04-27 01:00:00.000,0
6775888955,2016-04-27 02:00:00.000,0
6775888955,2016-04-27 03:00:00.000,0
6775888955,2016-04-27 04:00:00.000,0
6775888955,2016-04-27 05:00:00.000,0
6775888955,2016-04-27 06:00:00.000,0
6775888955,2016-04-27 07:00:00.000,0
6775888955,2016-04-27 08:00:00.000,0
6775888955,2016-04-27 09:00:00.000,0
6775888955,2016-04-27 10:00:00.000,0
6775888955,2016-04-27 11:00:00.000,0
6775888955,2016-04-27 12:00:00.000,0
6775888955,2016-04-27 13:00:00.000,0
6775888955,2016-04-27 14:00:00.000,0
6775888955,2016-04-27 15:00:00.000,0
6775888955,2016-04-27 16:00:00.000,0
6775888955,2016-04-27 17:00:00.000,0
6775888955,2016-04-27 18:00:00.000,0
6775888955,2016-04-27 19:00:00.000,0
6775888955,2016-04-27 20:00:00.000,0
6775888955,2016-04-27 21:00:00.000,0
6775888955,2016-04-27 22:00:00.000,0
6775888955,2016-04-27 23:00:00.000,0
6775888955,2016-04-28 00:00:00.000,0
6775888955,2016-04-28 01:00:00.000,0
6775888955,2016-04-28 02:00:00.000,0
6775888955,2016-04-28 03:00:00.000,0
6775888955,2016-04-28 04:00:00.000,0
6775888955,2016-04-28 05:00:00.000,0
6775888955,2016-04-28 06:00:00.000,0
6775888955,2016-04-28 07:00:00.000,0
6775888955,2016-04-28 08:00:00.000,0
6775888955,2016-04-28 09:00:00.000,0
6775888955,2016-04-28 10:00:00.000,0
6775888955,2016-04-28 11:00:00.000,0
6775888955,2016-04-28 12:00:00.000,0
6775888955,2016-04-28 13:00:00.000,88
6775888955,2016-04-28 14:00:00.000,615
6775888955,2016-04-28 15:00:00.000,0
6775888955,2016-04-28 16:00:00.000,0
6775888955,2016-04-28 17:00:00.000,0
6775888955,2016-04-28 18:00:00.000,0
6775888955,2016-04-28 19:00:00.000,0
6775888955,2016-04-28 20:00:00.000,0
6775888955,2016-04-28 21:00:00.000,0
6775888955,2016-04-28 22:00:00.000,0
6775888955,2016-04-28 23:00:00.000,0
6775888955,2016-04-29 00:00:00.000,0
6775888955,2016-04-29 01:00:00.000,0
6775888955,2016-04-29 02:00:00.000,0
6775888955,2016-04-29 03:00:00.000,0
6775888955,2016-04-29 04:00:00.000,0
6775888955,2016-04-29 05:00:00.000,0
6775888955,2016-04-29 06:00:00.000,0
6775888955,2016-04-29 07:00:00.000,0
6775888955,2016-04-29 08:00:00.000,0
6775888955,2016-04-29 09:00:00.000,0
6775888955,2016-04-29 10:00:00.000,0
6775888955,2016-04-29 11:00:00.000,0
6775888955,2016-04-29 12:00:00.000,0
6775888955,2016-04-29 13:00:00.000,0
6775888955,2016-04-29 14:00:00.000,0
6775888955,2016-04-29 15:00:00.000,0
6775888955,2016-04-29 16:00:00.000,0
6775888955,2016-04-29 17:00:00.000,0
6775888955,2016-04-29 18:00:00.000,0
6775888955,2016-04-29 19:00:00.000,0
6775888955,2016-04-29 20:00:00.000,0
6775888955,2016-04-29 21:00:00.000,0
6775888955,2016-04-29 22:00:00.000,0
6775888955,2016-04-29 23:00:00.000,0
6775888955,2016-04-30 00:00:00.000,0
6775888955,2016-04-30 01:00:00.000,0
6775888955,2016-04-30 02:00:00.000,0
6775888955,2016-04-30 03:00:00.000,0
6775888955,2016-04-30 04:00:00.000,0
6775888955,2016-04-30 05:00:00.000,0
6775888955,2016-04-30 06:00:00.000,0
6775888955,2016-04-30 07:00:00.000,0
6775888955,2016-04-30 08:00:00.000,0
6775888955,2016-04-30 09:00:00.000,0
6775888955,2016-04-30 10:00:00.000,0
6775888955,2016-04-30 11:00:00.000,0
6775888955,2016-04-30 12:00:00.000,0
6775888955,2016-04-30 13:00:00.000,0
6775888955,2016-04-30 14:00:00.000,0
6775888955,2016-04-30 15:00:00.000,0
6775888955,2016-04-30 16:00:00.000,0
6775888955,2016-04-30 17:00:00.000,0
6775888955,2016-04-30 18:00:00.000,0
6775888955,2016-04-30 19:00:00.000,715
6775888955,2016-04-30 20:00:00.000,5
6775888955,2016-04-30 21:00:00.000,828
6775888955,2016-04-30 22:00:00.000,270
6775888955,2016-04-30 23:00:00.000,685
6775888955,2016-01-05 00:00:00.000,422
6775888955,2016-01-05 01:00:00.000,0
6775888955,2016-01-05 02:00:00.000,0
6775888955,2016-01-05 03:00:00.000,0
6775888955,2016-01-05 04:00:00.000,0
6775888955,2016-01-05 05:00:00.000,0
6775888955,2016-01-05 06:00:00.000,0
6775888955,2016-01-05 07:00:00.000,0
6775888955,2016-01-05 08:00:00.000,0
6775888955,2016-01-05 09:00:00.000,0
6775888955,2016-01-05 10:00:00.000,0
6775888955,2016-01-05 11:00:00.000,0
6775888955,2016-01-05 12:00:00.000,550
6775888955,2016-01-05 13:00:00.000,305
6775888955,2016-01-05 14:00:00.000,0
6775888955,2016-01-05 15:00:00.000,0
6775888955,2016-01-05 16:00:00.000,208
6775888955,2016-01-05 17:00:00.000,1002
6775888955,2016-01-05 18:00:00.000,0
6775888955,2016-01-05 19:00:00.000,0
6775888955,2016-01-05 20:00:00.000,0
6775888955,2016-01-05 21:00:00.000,0
6775888955,2016-01-05 22:00:00.000,0
6775888955,2016-01-05 23:00:00.000,0
6775888955,2016-02-05 00:00:00.000,0
6775888955,2016-02-05 01:00:00.000,0
6775888955,2016-02-05 02:00:00.000,0
6775888955,2016-02-05 03:00:00.000,0
6775888955,2016-02-05 04:00:00.000,0
6775888955,2016-02-05 05:00:00.000,0
6775888955,2016-02-05 06:00:00.000,0
6775888955,2016-02-05 07:00:00.000,0
6775888955,2016-02-05 08:00:00.000,0
6775888955,2016-02-05 09:00:00.000,0
6775888955,2016-02-05 10:00:00.000,0
6775888955,2016-02-05 11:00:00.000,0
6775888955,2016-02-05 12:00:00.000,0
6775888955,2016-02-05 13:00:00.000,0
6775888955,2016-02-05 14:00:00.000,0
6775888955,2016-02-05 15:00:00.000,0
6775888955,2016-02-05 16:00:00.000,0
6775888955,2016-02-05 17:00:00.000,0
6775888955,2016-02-05 18:00:00.000,0
6775888955,2016-02-05 19:00:00.000,0
6775888955,2016-02-05 20:00:00.000,0
6775888955,2016-02-05 21:00:00.000,0
6775888955,2016-02-05 22:00:00.000,0
6775888955,2016-02-05 23:00:00.000,0
6775888955,2016-03-05 00:00:00.000,0
6775888955,2016-03-05 01:00:00.000,0
6775888955,2016-03-05 02:00:00.000,0
6775888955,2016-03-05 03:00:00.000,0
6775888955,2016-03-05 04:00:00.000,0
6775888955,2016-03-05 05:00:00.000,0
6775888955,2016-03-05 06:00:00.000,0
6775888955,2016-03-05 07:00:00.000,0
6775888955,2016-03-05 08:00:00.000,0
6775888955,2016-03-05 09:00:00.000,0
6775888955,2016-03-05 10:00:00.000,0
6775888955,2016-03-05 11:00:00.000,0
6775888955,2016-03-05 12:00:00.000,0
6775888955,2016-03-05 13:00:00.000,0
6775888955,2016-03-05 14:00:00.000,0
6775888955,2016-03-05 15:00:00.000,0
6775888955,2016-03-05 16:00:00.000,0
6775888955,2016-03-05 17:00:00.000,0
6775888955,2016-03-05 18:00:00.000,0
6775888955,2016-03-05 19:00:00.000,0
6775888955,2016-03-05 20:00:00.000,0
6775888955,2016-03-05 21:00:00.000,0
6775888955,2016-03-05 22:00:00.000,9
6775888955,2016-03-05 23:00:00.000,0
6775888955,2016-04-05 00:00:00.000,0
6775888955,2016-04-05 01:00:00.000,0
6775888955,2016-04-05 02:00:00.000,0
6775888955,2016-04-05 03:00:00.000,0
6775888955,2016-04-05 04:00:00.000,0
6775888955,2016-04-05 05:00:00.000,0
6775888955,2016-04-05 06:00:00.000,0
6775888955,2016-04-05 07:00:00.000,0
6775888955,2016-04-05 08:00:00.000,0
6775888955,2016-04-05 09:00:00.000,0
6775888955,2016-04-05 10:00:00.000,0
6775888955,2016-04-05 11:00:00.000,0
6775888955,2016-04-05 12:00:00.000,0
6775888955,2016-04-05 13:00:00.000,0
6775888955,2016-04-05 14:00:00.000,0
6775888955,2016-04-05 15:00:00.000,0
6775888955,2016-04-05 16:00:00.000,0
6775888955,2016-04-05 17:00:00.000,0
6775888955,2016-04-05 18:00:00.000,0
6775888955,2016-04-05 19:00:00.000,0
6775888955,2016-04-05 20:00:00.000,0
6775888955,2016-04-05 21:00:00.000,0
6775888955,2016-04-05 22:00:00.000,0
6775888955,2016-04-05 23:00:00.000,0
6775888955,2016-05-05 00:00:00.000,0
6775888955,2016-05-05 01:00:00.000,0
6775888955,2016-05-05 02:00:00.000,0
6775888955,2016-05-05 03:00:00.000,0
6775888955,2016-05-05 04:00:00.000,0
6775888955,2016-05-05 05:00:00.000,0
6775888955,2016-05-05 06:00:00.000,0
6775888955,2016-05-05 07:00:00.000,0
6775888955,2016-05-05 08:00:00.000,0
6775888955,2016-05-05 09:00:00.000,0
6775888955,2016-05-05 10:00:00.000,0
6775888955,2016-05-05 11:00:00.000,0
6775888955,2016-05-05 12:00:00.000,0
6775888955,2016-05-05 13:00:00.000,0
6775888955,2016-05-05 14:00:00.000,0
6775888955,2016-05-05 15:00:00.000,0
6775888955,2016-05-05 16:00:00.000,0
6775888955,2016-05-05 17:00:00.000,0
6775888955,2016-05-05 18:00:00.000,0
6775888955,2016-05-05 19:00:00.000,0
6775888955,2016-05-05 20:00:00.000,0
6775888955,2016-05-05 21:00:00.000,0
6775888955,2016-05-05 22:00:00.000,0
6775888955,2016-05-05 23:00:00.000,0
6775888955,2016-06-05 00:00:00.000,0
6775888955,2016-06-05 01:00:00.000,0
6775888955,2016-06-05 02:00:00.000,0
6775888955,2016-06-05 03:00:00.000,0
6775888955,2016-06-05 04:00:00.000,0
6775888955,2016-06-05 05:00:00.000,0
6775888955,2016-06-05 06:00:00.000,0
6775888955,2016-06-05 07:00:00.000,0
6775888955,2016-06-05 08:00:00.000,0
6775888955,2016-06-05 09:00:00.000,0
6775888955,2016-06-05 10:00:00.000,0
6775888955,2016-06-05 11:00:00.000,0
6775888955,2016-06-05 12:00:00.000,0
6775888955,2016-06-05 13:00:00.000,0
6775888955,2016-06-05 14:00:00.000,0
6775888955,2016-06-05 15:00:00.000,0
6775888955,2016-06-05 16:00:00.000,0
6775888955,2016-06-05 17:00:00.000,0
6775888955,2016-06-05 18:00:00.000,614
6775888955,2016-06-05 19:00:00.000,338
6775888955,2016-06-05 20:00:00.000,596
6775888955,2016-06-05 21:00:00.000,1500
6775888955,2016-06-05 22:00:00.000,1021
6775888955,2016-06-05 23:00:00.000,573
6775888955,2016-07-05 00:00:00.000,557
6775888955,2016-07-05 01:00:00.000,0
6775888955,2016-07-05 02:00:00.000,0
6775888955,2016-07-05 03:00:00.000,0
6775888955,2016-07-05 04:00:00.000,0
6775888955,2016-07-05 05:00:00.000,0
6775888955,2016-07-05 06:00:00.000,0
6775888955,2016-07-05 07:00:00.000,585
6775888955,2016-07-05 08:00:00.000,738
6775888955,2016-07-05 09:00:00.000,12
6962181067,2016-12-04 00:00:00.000,32
6962181067,2016-12-04 01:00:00.000,0
6962181067,2016-12-04 02:00:00.000,0
6962181067,2016-12-04 03:00:00.000,0
6962181067,2016-12-04 04:00:00.000,0
6962181067,2016-12-04 05:00:00.000,0
6962181067,2016-12-04 06:00:00.000,21
6962181067,2016-12-04 07:00:00.000,412
6962181067,2016-12-04 08:00:00.000,156
6962181067,2016-12-04 09:00:00.000,2812
6962181067,2016-12-04 10:00:00.000,2477
6962181067,2016-12-04 11:00:00.000,431
6962181067,2016-12-04 12:00:00.000,128
6962181067,2016-12-04 13:00:00.000,26
6962181067,2016-12-04 14:00:00.000,76
6962181067,2016-12-04 15:00:00.000,214
6962181067,2016-12-04 16:00:00.000,382
6962181067,2016-12-04 17:00:00.000,333
6962181067,2016-12-04 18:00:00.000,936
6962181067,2016-12-04 19:00:00.000,1717
6962181067,2016-12-04 20:00:00.000,0
6962181067,2016-12-04 21:00:00.000,0
6962181067,2016-12-04 22:00:00.000,4
6962181067,2016-12-04 23:00:00.000,42
6962181067,2016-04-13 00:00:00.000,16
6962181067,2016-04-13 01:00:00.000,34
6962181067,2016-04-13 02:00:00.000,0
6962181067,2016-04-13 03:00:00.000,9
6962181067,2016-04-13 04:00:00.000,27
6962181067,2016-04-13 05:00:00.000,0
6962181067,2016-04-13 06:00:00.000,0
6962181067,2016-04-13 07:00:00.000,0
6962181067,2016-04-13 08:00:00.000,54
6962181067,2016-04-13 09:00:00.000,51
6962181067,2016-04-13 10:00:00.000,0
6962181067,2016-04-13 11:00:00.000,0
6962181067,2016-04-13 12:00:00.000,108
6962181067,2016-04-13 13:00:00.000,81
6962181067,2016-04-13 14:00:00.000,45
6962181067,2016-04-13 15:00:00.000,616
6962181067,2016-04-13 16:00:00.000,197
6962181067,2016-04-13 17:00:00.000,1754
6962181067,2016-04-13 18:00:00.000,1696
6962181067,2016-04-13 19:00:00.000,78
6962181067,2016-04-13 20:00:00.000,658
6962181067,2016-04-13 21:00:00.000,18
6962181067,2016-04-13 22:00:00.000,185
6962181067,2016-04-13 23:00:00.000,25
6962181067,2016-04-14 00:00:00.000,0
6962181067,2016-04-14 01:00:00.000,29
6962181067,2016-04-14 02:00:00.000,0
6962181067,2016-04-14 03:00:00.000,8
6962181067,2016-04-14 04:00:00.000,0
6962181067,2016-04-14 05:00:00.000,0
6962181067,2016-04-14 06:00:00.000,34
6962181067,2016-04-14 07:00:00.000,0
6962181067,2016-04-14 08:00:00.000,116
6962181067,2016-04-14 09:00:00.000,293
6962181067,2016-04-14 10:00:00.000,4
6962181067,2016-04-14 11:00:00.000,54
6962181067,2016-04-14 12:00:00.000,171
6962181067,2016-04-14 13:00:00.000,33
6962181067,2016-04-14 14:00:00.000,30
6962181067,2016-04-14 15:00:00.000,177
6962181067,2016-04-14 16:00:00.000,60
6962181067,2016-04-14 17:00:00.000,215
6962181067,2016-04-14 18:00:00.000,24
6962181067,2016-04-14 19:00:00.000,24
6962181067,2016-04-14 20:00:00.000,107
6962181067,2016-04-14 21:00:00.000,0
6962181067,2016-04-14 22:00:00.000,165
6962181067,2016-04-14 23:00:00.000,7
6962181067,2016-04-15 00:00:00.000,36
6962181067,2016-04-15 01:00:00.000,0
6962181067,2016-04-15 02:00:00.000,0
6962181067,2016-04-15 03:00:00.000,7
6962181067,2016-04-15 04:00:00.000,0
6962181067,2016-04-15 05:00:00.000,0
6962181067,2016-04-15 06:00:00.000,26
6962181067,2016-04-15 07:00:00.000,1158
6962181067,2016-04-15 08:00:00.000,551
6962181067,2016-04-15 09:00:00.000,1109
6962181067,2016-04-15 10:00:00.000,19
6962181067,2016-04-15 11:00:00.000,1151
6962181067,2016-04-15 12:00:00.000,444
6962181067,2016-04-15 13:00:00.000,0
6962181067,2016-04-15 14:00:00.000,207
6962181067,2016-04-15 15:00:00.000,43
6962181067,2016-04-15 16:00:00.000,0
6962181067,2016-04-15 17:00:00.000,82
6962181067,2016-04-15 18:00:00.000,557
6962181067,2016-04-15 19:00:00.000,41
6962181067,2016-04-15 20:00:00.000,61
6962181067,2016-04-15 21:00:00.000,0
6962181067,2016-04-15 22:00:00.000,47
6962181067,2016-04-15 23:00:00.000,24
6962181067,2016-04-16 00:00:00.000,6
6962181067,2016-04-16 01:00:00.000,22
6962181067,2016-04-16 02:00:00.000,0
6962181067,2016-04-16 03:00:00.000,6
6962181067,2016-04-16 04:00:00.000,0
6962181067,2016-04-16 05:00:00.000,0
6962181067,2016-04-16 06:00:00.000,0
6962181067,2016-04-16 07:00:00.000,79
6962181067,2016-04-16 08:00:00.000,902
6962181067,2016-04-16 09:00:00.000,5692
6962181067,2016-04-16 10:00:00.000,837
6962181067,2016-04-16 11:00:00.000,925
6962181067,2016-04-16 12:00:00.000,632
6962181067,2016-04-16 13:00:00.000,187
6962181067,2016-04-16 14:00:00.000,17
6962181067,2016-04-16 15:00:00.000,504
6962181067,2016-04-16 16:00:00.000,273
6962181067,2016-04-16 17:00:00.000,538
6962181067,2016-04-16 18:00:00.000,569
6962181067,2016-04-16 19:00:00.000,1274
6962181067,2016-04-16 20:00:00.000,635
6962181067,2016-04-16 21:00:00.000,0
6962181067,2016-04-16 22:00:00.000,72
6962181067,2016-04-16 23:00:00.000,47
6962181067,2016-04-17 00:00:00.000,5
6962181067,2016-04-17 01:00:00.000,0
6962181067,2016-04-17 02:00:00.000,30
6962181067,2016-04-17 03:00:00.000,0
6962181067,2016-04-17 04:00:00.000,0
6962181067,2016-04-17 05:00:00.000,0
6962181067,2016-04-17 06:00:00.000,0
6962181067,2016-04-17 07:00:00.000,201
6962181067,2016-04-17 08:00:00.000,1055
6962181067,2016-04-17 09:00:00.000,112
6962181067,2016-04-17 10:00:00.000,1095
6962181067,2016-04-17 11:00:00.000,353
6962181067,2016-04-17 12:00:00.000,1095
6962181067,2016-04-17 13:00:00.000,292
6962181067,2016-04-17 14:00:00.000,153
6962181067,2016-04-17 15:00:00.000,2012
6962181067,2016-04-17 16:00:00.000,1125
6962181067,2016-04-17 17:00:00.000,502
6962181067,2016-04-17 18:00:00.000,1035
6962181067,2016-04-17 19:00:00.000,1038
6962181067,2016-04-17 20:00:00.000,0
6962181067,2016-04-17 21:00:00.000,0
6962181067,2016-04-17 22:00:00.000,42
6962181067,2016-04-17 23:00:00.000,0
6962181067,2016-04-18 00:00:00.000,0
6962181067,2016-04-18 01:00:00.000,0
6962181067,2016-04-18 02:00:00.000,0
6962181067,2016-04-18 03:00:00.000,22
6962181067,2016-04-18 04:00:00.000,0
6962181067,2016-04-18 05:00:00.000,0
6962181067,2016-04-18 06:00:00.000,12
6962181067,2016-04-18 07:00:00.000,586
6962181067,2016-04-18 08:00:00.000,456
6962181067,2016-04-18 09:00:00.000,215
6962181067,2016-04-18 10:00:00.000,304
6962181067,2016-04-18 11:00:00.000,4988
6962181067,2016-04-18 12:00:00.000,1276
6962181067,2016-04-18 13:00:00.000,67
6962181067,2016-04-18 14:00:00.000,0
6962181067,2016-04-18 15:00:00.000,687
6962181067,2016-04-18 16:00:00.000,1162
6962181067,2016-04-18 17:00:00.000,696
6962181067,2016-04-18 18:00:00.000,278
6962181067,2016-04-18 19:00:00.000,602
6962181067,2016-04-18 20:00:00.000,0
6962181067,2016-04-18 21:00:00.000,0
6962181067,2016-04-18 22:00:00.000,48
6962181067,2016-04-18 23:00:00.000,5
6962181067,2016-04-19 00:00:00.000,6
6962181067,2016-04-19 01:00:00.000,0
6962181067,2016-04-19 02:00:00.000,23
6962181067,2016-04-19 03:00:00.000,0
6962181067,2016-04-19 04:00:00.000,0
6962181067,2016-04-19 05:00:00.000,0
6962181067,2016-04-19 06:00:00.000,0
6962181067,2016-04-19 07:00:00.000,0
6962181067,2016-04-19 08:00:00.000,659
6962181067,2016-04-19 09:00:00.000,1360
6962181067,2016-04-19 10:00:00.000,4083
6962181067,2016-04-19 11:00:00.000,94
6962181067,2016-04-19 12:00:00.000,45
6962181067,2016-04-19 13:00:00.000,258
6962181067,2016-04-19 14:00:00.000,40
6962181067,2016-04-19 15:00:00.000,921
6962181067,2016-04-19 16:00:00.000,1510
6962181067,2016-04-19 17:00:00.000,1284
6962181067,2016-04-19 18:00:00.000,170
6962181067,2016-04-19 19:00:00.000,143
6962181067,2016-04-19 20:00:00.000,87
6962181067,2016-04-19 21:00:00.000,22
6962181067,2016-04-19 22:00:00.000,6
6962181067,2016-04-19 23:00:00.000,31
6962181067,2016-04-20 00:00:00.000,0
6962181067,2016-04-20 01:00:00.000,0
6962181067,2016-04-20 02:00:00.000,0
6962181067,2016-04-20 03:00:00.000,0
6962181067,2016-04-20 04:00:00.000,0
6962181067,2016-04-20 05:00:00.000,0
6962181067,2016-04-20 06:00:00.000,0
6962181067,2016-04-20 07:00:00.000,625
6962181067,2016-04-20 08:00:00.000,735
6962181067,2016-04-20 09:00:00.000,3837
6962181067,2016-04-20 10:00:00.000,3089
6962181067,2016-04-20 11:00:00.000,693
6962181067,2016-04-20 12:00:00.000,2022
6962181067,2016-04-20 13:00:00.000,0
6962181067,2016-04-20 14:00:00.000,194
6962181067,2016-04-20 15:00:00.000,1397
6962181067,2016-04-20 16:00:00.000,4
6962181067,2016-04-20 17:00:00.000,254
6962181067,2016-04-20 18:00:00.000,411
6962181067,2016-04-20 19:00:00.000,65
6962181067,2016-04-20 20:00:00.000,525
6962181067,2016-04-20 21:00:00.000,14
6962181067,2016-04-20 22:00:00.000,51
6962181067,2016-04-20 23:00:00.000,12
6962181067,2016-04-21 00:00:00.000,0
6962181067,2016-04-21 01:00:00.000,0
6962181067,2016-04-21 02:00:00.000,0
6962181067,2016-04-21 03:00:00.000,0
6962181067,2016-04-21 04:00:00.000,0
6962181067,2016-04-21 05:00:00.000,4
6962181067,2016-04-21 06:00:00.000,0
6962181067,2016-04-21 07:00:00.000,815
6962181067,2016-04-21 08:00:00.000,240
6962181067,2016-04-21 09:00:00.000,1802
6962181067,2016-04-21 10:00:00.000,3120
6962181067,2016-04-21 11:00:00.000,667
6962181067,2016-04-21 12:00:00.000,3935
6962181067,2016-04-21 13:00:00.000,0
6962181067,2016-04-21 14:00:00.000,95
6962181067,2016-04-21 15:00:00.000,9
6962181067,2016-04-21 16:00:00.000,564
6962181067,2016-04-21 17:00:00.000,155
6962181067,2016-04-21 18:00:00.000,383
6962181067,2016-04-21 19:00:00.000,6
6962181067,2016-04-21 20:00:00.000,20
6962181067,2016-04-21 21:00:00.000,0
6962181067,2016-04-21 22:00:00.000,20
6962181067,2016-04-21 23:00:00.000,0
6962181067,2016-04-22 00:00:00.000,0
6962181067,2016-04-22 01:00:00.000,0
6962181067,2016-04-22 02:00:00.000,0
6962181067,2016-04-22 03:00:00.000,0
6962181067,2016-04-22 04:00:00.000,0
6962181067,2016-04-22 05:00:00.000,0
6962181067,2016-04-22 06:00:00.000,7
6962181067,2016-04-22 07:00:00.000,818
6962181067,2016-04-22 08:00:00.000,180
6962181067,2016-04-22 09:00:00.000,3301
6962181067,2016-04-22 10:00:00.000,755
6962181067,2016-04-22 11:00:00.000,788
6962181067,2016-04-22 12:00:00.000,2193
6962181067,2016-04-22 13:00:00.000,17
6962181067,2016-04-22 14:00:00.000,271
6962181067,2016-04-22 15:00:00.000,170
6962181067,2016-04-22 16:00:00.000,716
6962181067,2016-04-22 17:00:00.000,579
6962181067,2016-04-22 18:00:00.000,338
6962181067,2016-04-22 19:00:00.000,495
6962181067,2016-04-22 20:00:00.000,29
6962181067,2016-04-22 21:00:00.000,36
6962181067,2016-04-22 22:00:00.000,32
6962181067,2016-04-22 23:00:00.000,0
6962181067,2016-04-23 00:00:00.000,0
6962181067,2016-04-23 01:00:00.000,0
6962181067,2016-04-23 02:00:00.000,0
6962181067,2016-04-23 03:00:00.000,0
6962181067,2016-04-23 04:00:00.000,0
6962181067,2016-04-23 05:00:00.000,0
6962181067,2016-04-23 06:00:00.000,0
6962181067,2016-04-23 07:00:00.000,7
6962181067,2016-04-23 08:00:00.000,650
6962181067,2016-04-23 09:00:00.000,5890
6962181067,2016-04-23 10:00:00.000,292
6962181067,2016-04-23 11:00:00.000,189
6962181067,2016-04-23 12:00:00.000,445
6962181067,2016-04-23 13:00:00.000,250
6962181067,2016-04-23 14:00:00.000,1209
6962181067,2016-04-23 15:00:00.000,884
6962181067,2016-04-23 16:00:00.000,2124
6962181067,2016-04-23 17:00:00.000,3353
6962181067,2016-04-23 18:00:00.000,619
6962181067,2016-04-23 19:00:00.000,1858
6962181067,2016-04-23 20:00:00.000,790
6962181067,2016-04-23 21:00:00.000,713
6962181067,2016-04-23 22:00:00.000,87
6962181067,2016-04-23 23:00:00.000,671
6962181067,2016-04-24 00:00:00.000,0
6962181067,2016-04-24 01:00:00.000,0
6962181067,2016-04-24 02:00:00.000,0
6962181067,2016-04-24 03:00:00.000,0
6962181067,2016-04-24 04:00:00.000,0
6962181067,2016-04-24 05:00:00.000,0
6962181067,2016-04-24 06:00:00.000,0
6962181067,2016-04-24 07:00:00.000,9
6962181067,2016-04-24 08:00:00.000,22
6962181067,2016-04-24 09:00:00.000,572
6962181067,2016-04-24 10:00:00.000,614
6962181067,2016-04-24 11:00:00.000,372
6962181067,2016-04-24 12:00:00.000,546
6962181067,2016-04-24 13:00:00.000,135
6962181067,2016-04-24 14:00:00.000,42
6962181067,2016-04-24 15:00:00.000,4
6962181067,2016-04-24 16:00:00.000,869
6962181067,2016-04-24 17:00:00.000,621
6962181067,2016-04-24 18:00:00.000,378
6962181067,2016-04-24 19:00:00.000,225
6962181067,2016-04-24 20:00:00.000,300
6962181067,2016-04-24 21:00:00.000,219
6962181067,2016-04-24 22:00:00.000,101
6962181067,2016-04-24 23:00:00.000,0
6962181067,2016-04-25 00:00:00.000,0
6962181067,2016-04-25 01:00:00.000,0
6962181067,2016-04-25 02:00:00.000,0
6962181067,2016-04-25 03:00:00.000,0
6962181067,2016-04-25 04:00:00.000,11
6962181067,2016-04-25 05:00:00.000,0
6962181067,2016-04-25 06:00:00.000,0
6962181067,2016-04-25 07:00:00.000,1330
6962181067,2016-04-25 08:00:00.000,1225
6962181067,2016-04-25 09:00:00.000,868
6962181067,2016-04-25 10:00:00.000,3636
6962181067,2016-04-25 11:00:00.000,521
6962181067,2016-04-25 12:00:00.000,895
6962181067,2016-04-25 13:00:00.000,0
6962181067,2016-04-25 14:00:00.000,253
6962181067,2016-04-25 15:00:00.000,293
6962181067,2016-04-25 16:00:00.000,857
6962181067,2016-04-25 17:00:00.000,2818
6962181067,2016-04-25 18:00:00.000,285
6962181067,2016-04-25 19:00:00.000,130
6962181067,2016-04-25 20:00:00.000,14
6962181067,2016-04-25 21:00:00.000,8
6962181067,2016-04-25 22:00:00.000,95
6962181067,2016-04-25 23:00:00.000,0
6962181067,2016-04-26 00:00:00.000,0
6962181067,2016-04-26 01:00:00.000,7
6962181067,2016-04-26 02:00:00.000,0
6962181067,2016-04-26 03:00:00.000,0
6962181067,2016-04-26 04:00:00.000,0
6962181067,2016-04-26 05:00:00.000,0
6962181067,2016-04-26 06:00:00.000,188
6962181067,2016-04-26 07:00:00.000,514
6962181067,2016-04-26 08:00:00.000,429
6962181067,2016-04-26 09:00:00.000,501
6962181067,2016-04-26 10:00:00.000,665
6962181067,2016-04-26 11:00:00.000,832
6962181067,2016-04-26 12:00:00.000,5110
6962181067,2016-04-26 13:00:00.000,22
6962181067,2016-04-26 14:00:00.000,58
6962181067,2016-04-26 15:00:00.000,323
6962181067,2016-04-26 16:00:00.000,251
6962181067,2016-04-26 17:00:00.000,161
6962181067,2016-04-26 18:00:00.000,857
6962181067,2016-04-26 19:00:00.000,299
6962181067,2016-04-26 20:00:00.000,216
6962181067,2016-04-26 21:00:00.000,0
6962181067,2016-04-26 22:00:00.000,0
6962181067,2016-04-26 23:00:00.000,0
6962181067,2016-04-27 00:00:00.000,0
6962181067,2016-04-27 01:00:00.000,0
6962181067,2016-04-27 02:00:00.000,0
6962181067,2016-04-27 03:00:00.000,8
6962181067,2016-04-27 04:00:00.000,0
6962181067,2016-04-27 05:00:00.000,0
6962181067,2016-04-27 06:00:00.000,77
6962181067,2016-04-27 07:00:00.000,660
6962181067,2016-04-27 08:00:00.000,588
6962181067,2016-04-27 09:00:00.000,259
6962181067,2016-04-27 10:00:00.000,441
6962181067,2016-04-27 11:00:00.000,3081
6962181067,2016-04-27 12:00:00.000,371
6962181067,2016-04-27 13:00:00.000,23
6962181067,2016-04-27 14:00:00.000,71
6962181067,2016-04-27 15:00:00.000,0
6962181067,2016-04-27 16:00:00.000,816
6962181067,2016-04-27 17:00:00.000,620
6962181067,2016-04-27 18:00:00.000,799
6962181067,2016-04-27 19:00:00.000,1229
6962181067,2016-04-27 20:00:00.000,1106
6962181067,2016-04-27 21:00:00.000,50
6962181067,2016-04-27 22:00:00.000,6
6962181067,2016-04-27 23:00:00.000,115
6962181067,2016-04-28 00:00:00.000,0
6962181067,2016-04-28 01:00:00.000,4
6962181067,2016-04-28 02:00:00.000,38
6962181067,2016-04-28 03:00:00.000,0
6962181067,2016-04-28 04:00:00.000,0
6962181067,2016-04-28 05:00:00.000,0
6962181067,2016-04-28 06:00:00.000,0
6962181067,2016-04-28 07:00:00.000,0
6962181067,2016-04-28 08:00:00.000,632
6962181067,2016-04-28 09:00:00.000,901
6962181067,2016-04-28 10:00:00.000,775
6962181067,2016-04-28 11:00:00.000,1226
6962181067,2016-04-28 12:00:00.000,3769
6962181067,2016-04-28 13:00:00.000,1469
6962181067,2016-04-28 14:00:00.000,168
6962181067,2016-04-28 15:00:00.000,851
6962181067,2016-04-28 16:00:00.000,394
6962181067,2016-04-28 17:00:00.000,1313
6962181067,2016-04-28 18:00:00.000,410
6962181067,2016-04-28 19:00:00.000,543
6962181067,2016-04-28 20:00:00.000,134
6962181067,2016-04-28 21:00:00.000,0
6962181067,2016-04-28 22:00:00.000,0
6962181067,2016-04-28 23:00:00.000,0
6962181067,2016-04-29 00:00:00.000,0
6962181067,2016-04-29 01:00:00.000,0
6962181067,2016-04-29 02:00:00.000,0
6962181067,2016-04-29 03:00:00.000,0
6962181067,2016-04-29 04:00:00.000,0
6962181067,2016-04-29 05:00:00.000,0
6962181067,2016-04-29 06:00:00.000,82
6962181067,2016-04-29 07:00:00.000,582
6962181067,2016-04-29 08:00:00.000,649
6962181067,2016-04-29 09:00:00.000,1162
6962181067,2016-04-29 10:00:00.000,1345
6962181067,2016-04-29 11:00:00.000,697
6962181067,2016-04-29 12:00:00.000,2129
6962181067,2016-04-29 13:00:00.000,100
6962181067,2016-04-29 14:00:00.000,89
6962181067,2016-04-29 15:00:00.000,587
6962181067,2016-04-29 16:00:00.000,737
6962181067,2016-04-29 17:00:00.000,526
6962181067,2016-04-29 18:00:00.000,979
6962181067,2016-04-29 19:00:00.000,433
6962181067,2016-04-29 20:00:00.000,560
6962181067,2016-04-29 21:00:00.000,77
6962181067,2016-04-29 22:00:00.000,0
6962181067,2016-04-29 23:00:00.000,28
6962181067,2016-04-30 00:00:00.000,0
6962181067,2016-04-30 01:00:00.000,7
6962181067,2016-04-30 02:00:00.000,0
6962181067,2016-04-30 03:00:00.000,0
6962181067,2016-04-30 04:00:00.000,0
6962181067,2016-04-30 05:00:00.000,0
6962181067,2016-04-30 06:00:00.000,0
6962181067,2016-04-30 07:00:00.000,0
6962181067,2016-04-30 08:00:00.000,10
6962181067,2016-04-30 09:00:00.000,572
6962181067,2016-04-30 10:00:00.000,3293
6962181067,2016-04-30 11:00:00.000,736
6962181067,2016-04-30 12:00:00.000,613
6962181067,2016-04-30 13:00:00.000,824
6962181067,2016-04-30 14:00:00.000,676
6962181067,2016-04-30 15:00:00.000,271
6962181067,2016-04-30 16:00:00.000,0
6962181067,2016-04-30 17:00:00.000,407
6962181067,2016-04-30 18:00:00.000,686
6962181067,2016-04-30 19:00:00.000,384
6962181067,2016-04-30 20:00:00.000,1602
6962181067,2016-04-30 21:00:00.000,0
6962181067,2016-04-30 22:00:00.000,0
6962181067,2016-04-30 23:00:00.000,0
6962181067,2016-01-05 00:00:00.000,0
6962181067,2016-01-05 01:00:00.000,0
6962181067,2016-01-05 02:00:00.000,0
6962181067,2016-01-05 03:00:00.000,16
6962181067,2016-01-05 04:00:00.000,0
6962181067,2016-01-05 05:00:00.000,0
6962181067,2016-01-05 06:00:00.000,0
6962181067,2016-01-05 07:00:00.000,0
6962181067,2016-01-05 08:00:00.000,667
6962181067,2016-01-05 09:00:00.000,289
6962181067,2016-01-05 10:00:00.000,1647
6962181067,2016-01-05 11:00:00.000,295
6962181067,2016-01-05 12:00:00.000,205
6962181067,2016-01-05 13:00:00.000,139
6962181067,2016-01-05 14:00:00.000,181
6962181067,2016-01-05 15:00:00.000,163
6962181067,2016-01-05 16:00:00.000,25
6962181067,2016-01-05 17:00:00.000,468
6962181067,2016-01-05 18:00:00.000,544
6962181067,2016-01-05 19:00:00.000,740
6962181067,2016-01-05 20:00:00.000,31
6962181067,2016-01-05 21:00:00.000,40
6962181067,2016-01-05 22:00:00.000,4
6962181067,2016-01-05 23:00:00.000,0
6962181067,2016-02-05 00:00:00.000,0
6962181067,2016-02-05 01:00:00.000,6
6962181067,2016-02-05 02:00:00.000,0
6962181067,2016-02-05 03:00:00.000,0
6962181067,2016-02-05 04:00:00.000,29
6962181067,2016-02-05 05:00:00.000,0
6962181067,2016-02-05 06:00:00.000,68
6962181067,2016-02-05 07:00:00.000,1123
6962181067,2016-02-05 08:00:00.000,517
6962181067,2016-02-05 09:00:00.000,1469
6962181067,2016-02-05 10:00:00.000,752
6962181067,2016-02-05 11:00:00.000,528
6962181067,2016-02-05 12:00:00.000,1937
6962181067,2016-02-05 13:00:00.000,20
6962181067,2016-02-05 14:00:00.000,149
6962181067,2016-02-05 15:00:00.000,430
6962181067,2016-02-05 16:00:00.000,737
6962181067,2016-02-05 17:00:00.000,1006
6962181067,2016-02-05 18:00:00.000,1385
6962181067,2016-02-05 19:00:00.000,2368
6962181067,2016-02-05 20:00:00.000,50
6962181067,2016-02-05 21:00:00.000,44
6962181067,2016-02-05 22:00:00.000,178
6962181067,2016-02-05 23:00:00.000,116
6962181067,2016-03-05 00:00:00.000,0
6962181067,2016-03-05 01:00:00.000,28
6962181067,2016-03-05 02:00:00.000,0
6962181067,2016-03-05 03:00:00.000,0
6962181067,2016-03-05 04:00:00.000,67
6962181067,2016-03-05 05:00:00.000,0
6962181067,2016-03-05 06:00:00.000,6
6962181067,2016-03-05 07:00:00.000,1058
6962181067,2016-03-05 08:00:00.000,1083
6962181067,2016-03-05 09:00:00.000,111
6962181067,2016-03-05 10:00:00.000,1181
6962181067,2016-03-05 11:00:00.000,1729
6962181067,2016-03-05 12:00:00.000,3053
6962181067,2016-03-05 13:00:00.000,1702
6962181067,2016-03-05 14:00:00.000,213
6962181067,2016-03-05 15:00:00.000,577
6962181067,2016-03-05 16:00:00.000,391
6962181067,2016-03-05 17:00:00.000,88
6962181067,2016-03-05 18:00:00.000,306
6962181067,2016-03-05 19:00:00.000,121
6962181067,2016-03-05 20:00:00.000,308
6962181067,2016-03-05 21:00:00.000,74
6962181067,2016-03-05 22:00:00.000,13
6962181067,2016-03-05 23:00:00.000,0
6962181067,2016-04-05 00:00:00.000,0
6962181067,2016-04-05 01:00:00.000,23
6962181067,2016-04-05 02:00:00.000,10
6962181067,2016-04-05 03:00:00.000,0
6962181067,2016-04-05 04:00:00.000,9
6962181067,2016-04-05 05:00:00.000,0
6962181067,2016-04-05 06:00:00.000,58
6962181067,2016-04-05 07:00:00.000,628
6962181067,2016-04-05 08:00:00.000,710
6962181067,2016-04-05 09:00:00.000,1066
6962181067,2016-04-05 10:00:00.000,1809
6962181067,2016-04-05 11:00:00.000,1621
6962181067,2016-04-05 12:00:00.000,455
6962181067,2016-04-05 13:00:00.000,0
6962181067,2016-04-05 14:00:00.000,61
6962181067,2016-04-05 15:00:00.000,294
6962181067,2016-04-05 16:00:00.000,308
6962181067,2016-04-05 17:00:00.000,521
6962181067,2016-04-05 18:00:00.000,731
6962181067,2016-04-05 19:00:00.000,1094
6962181067,2016-04-05 20:00:00.000,602
6962181067,2016-04-05 21:00:00.000,0
6962181067,2016-04-05 22:00:00.000,91
6962181067,2016-04-05 23:00:00.000,56
6962181067,2016-05-05 00:00:00.000,0
6962181067,2016-05-05 01:00:00.000,10
6962181067,2016-05-05 02:00:00.000,0
6962181067,2016-05-05 03:00:00.000,0
6962181067,2016-05-05 04:00:00.000,0
6962181067,2016-05-05 05:00:00.000,0
6962181067,2016-05-05 06:00:00.000,33
6962181067,2016-05-05 07:00:00.000,7
6962181067,2016-05-05 08:00:00.000,817
6962181067,2016-05-05 09:00:00.000,663
6962181067,2016-05-05 10:00:00.000,730
6962181067,2016-05-05 11:00:00.000,606
6962181067,2016-05-05 12:00:00.000,769
6962181067,2016-05-05 13:00:00.000,16
6962181067,2016-05-05 14:00:00.000,157
6962181067,2016-05-05 15:00:00.000,446
6962181067,2016-05-05 16:00:00.000,727
6962181067,2016-05-05 17:00:00.000,731
6962181067,2016-05-05 18:00:00.000,819
6962181067,2016-05-05 19:00:00.000,3673
6962181067,2016-05-05 20:00:00.000,320
6962181067,2016-05-05 21:00:00.000,0
6962181067,2016-05-05 22:00:00.000,0
6962181067,2016-05-05 23:00:00.000,0
6962181067,2016-06-05 00:00:00.000,7
6962181067,2016-06-05 01:00:00.000,0
6962181067,2016-06-05 02:00:00.000,0
6962181067,2016-06-05 03:00:00.000,0
6962181067,2016-06-05 04:00:00.000,0
6962181067,2016-06-05 05:00:00.000,0
6962181067,2016-06-05 06:00:00.000,0
6962181067,2016-06-05 07:00:00.000,493
6962181067,2016-06-05 08:00:00.000,897
6962181067,2016-06-05 09:00:00.000,422
6962181067,2016-06-05 10:00:00.000,58
6962181067,2016-06-05 11:00:00.000,145
6962181067,2016-06-05 12:00:00.000,297
6962181067,2016-06-05 13:00:00.000,252
6962181067,2016-06-05 14:00:00.000,93
6962181067,2016-06-05 15:00:00.000,7
6962181067,2016-06-05 16:00:00.000,258
6962181067,2016-06-05 17:00:00.000,417
6962181067,2016-06-05 18:00:00.000,682
6962181067,2016-06-05 19:00:00.000,67
6962181067,2016-06-05 20:00:00.000,587
6962181067,2016-06-05 21:00:00.000,480
6962181067,2016-06-05 22:00:00.000,584
6962181067,2016-06-05 23:00:00.000,162
6962181067,2016-07-05 00:00:00.000,13
6962181067,2016-07-05 01:00:00.000,175
6962181067,2016-07-05 02:00:00.000,285
6962181067,2016-07-05 03:00:00.000,75
6962181067,2016-07-05 04:00:00.000,56
6962181067,2016-07-05 05:00:00.000,0
6962181067,2016-07-05 06:00:00.000,101
6962181067,2016-07-05 07:00:00.000,0
6962181067,2016-07-05 08:00:00.000,49
6962181067,2016-07-05 09:00:00.000,573
6962181067,2016-07-05 10:00:00.000,153
6962181067,2016-07-05 11:00:00.000,763
6962181067,2016-07-05 12:00:00.000,125
6962181067,2016-07-05 13:00:00.000,462
6962181067,2016-07-05 14:00:00.000,264
6962181067,2016-07-05 15:00:00.000,0
6962181067,2016-07-05 16:00:00.000,387
6962181067,2016-07-05 17:00:00.000,318
6962181067,2016-07-05 18:00:00.000,681
6962181067,2016-07-05 19:00:00.000,1026
6962181067,2016-07-05 20:00:00.000,502
6962181067,2016-07-05 21:00:00.000,294
6962181067,2016-07-05 22:00:00.000,319
6962181067,2016-07-05 23:00:00.000,194
6962181067,2016-08-05 00:00:00.000,0
6962181067,2016-08-05 01:00:00.000,0
6962181067,2016-08-05 02:00:00.000,0
6962181067,2016-08-05 03:00:00.000,0
6962181067,2016-08-05 04:00:00.000,87
6962181067,2016-08-05 05:00:00.000,4
6962181067,2016-08-05 06:00:00.000,0
6962181067,2016-08-05 07:00:00.000,0
6962181067,2016-08-05 08:00:00.000,5
6962181067,2016-08-05 09:00:00.000,48
6962181067,2016-08-05 10:00:00.000,771
6962181067,2016-08-05 11:00:00.000,569
6962181067,2016-08-05 12:00:00.000,429
6962181067,2016-08-05 13:00:00.000,53
6962181067,2016-08-05 14:00:00.000,106
6962181067,2016-08-05 15:00:00.000,196
6962181067,2016-08-05 16:00:00.000,1465
6962181067,2016-08-05 17:00:00.000,396
6962181067,2016-08-05 18:00:00.000,36
6962181067,2016-08-05 19:00:00.000,0
6962181067,2016-08-05 20:00:00.000,0
6962181067,2016-08-05 21:00:00.000,0
6962181067,2016-08-05 22:00:00.000,0
6962181067,2016-08-05 23:00:00.000,23
6962181067,2016-09-05 00:00:00.000,0
6962181067,2016-09-05 01:00:00.000,0
6962181067,2016-09-05 02:00:00.000,0
6962181067,2016-09-05 03:00:00.000,0
6962181067,2016-09-05 04:00:00.000,0
6962181067,2016-09-05 05:00:00.000,0
6962181067,2016-09-05 06:00:00.000,0
6962181067,2016-09-05 07:00:00.000,15
6962181067,2016-09-05 08:00:00.000,886
6962181067,2016-09-05 09:00:00.000,1322
6962181067,2016-09-05 10:00:00.000,4203
6962181067,2016-09-05 11:00:00.000,690
6962181067,2016-09-05 12:00:00.000,383
6962181067,2016-09-05 13:00:00.000,106
6962181067,2016-09-05 14:00:00.000,169
6962181067,2016-09-05 15:00:00.000,14
6962181067,2016-09-05 16:00:00.000,116
6962181067,2016-09-05 17:00:00.000,890
6962181067,2016-09-05 18:00:00.000,100
6962181067,2016-09-05 19:00:00.000,3269
6962181067,2016-09-05 20:00:00.000,52
6962181067,2016-09-05 21:00:00.000,52
6962181067,2016-09-05 22:00:00.000,75
6962181067,2016-09-05 23:00:00.000,0
6962181067,2016-10-05 00:00:00.000,35
6962181067,2016-10-05 01:00:00.000,11
6962181067,2016-10-05 02:00:00.000,6
6962181067,2016-10-05 03:00:00.000,0
6962181067,2016-10-05 04:00:00.000,0
6962181067,2016-10-05 05:00:00.000,0
6962181067,2016-10-05 06:00:00.000,36
6962181067,2016-10-05 07:00:00.000,2175
6962181067,2016-10-05 08:00:00.000,445
6962181067,2016-10-05 09:00:00.000,2491
6962181067,2016-10-05 10:00:00.000,4269
6962181067,2016-10-05 11:00:00.000,888
6962181067,2016-10-05 12:00:00.000,129
6962181067,2016-10-05 13:00:00.000,17
6962181067,2016-10-05 14:00:00.000,122
6962181067,2016-10-05 15:00:00.000,250
6962181067,2016-10-05 16:00:00.000,1460
6962181067,2016-10-05 17:00:00.000,1740
6962181067,2016-10-05 18:00:00.000,750
6962181067,2016-10-05 19:00:00.000,532
6962181067,2016-10-05 20:00:00.000,0
6962181067,2016-10-05 21:00:00.000,13
6962181067,2016-10-05 22:00:00.000,72
6962181067,2016-10-05 23:00:00.000,7
6962181067,2016-11-05 00:00:00.000,0
6962181067,2016-11-05 01:00:00.000,0
6962181067,2016-11-05 02:00:00.000,0
6962181067,2016-11-05 03:00:00.000,0
6962181067,2016-11-05 04:00:00.000,0
6962181067,2016-11-05 05:00:00.000,22
6962181067,2016-11-05 06:00:00.000,0
6962181067,2016-11-05 07:00:00.000,50
6962181067,2016-11-05 08:00:00.000,713
6962181067,2016-11-05 09:00:00.000,2873
6962181067,2016-11-05 10:00:00.000,481
6962181067,2016-11-05 11:00:00.000,403
6962181067,2016-11-05 12:00:00.000,394
6962181067,2016-11-05 13:00:00.000,0
6962181067,2016-11-05 14:00:00.000,31
6962181067,2016-11-05 15:00:00.000,421
6962181067,2016-11-05 16:00:00.000,440
6962181067,2016-11-05 17:00:00.000,152
6962181067,2016-11-05 18:00:00.000,79
6962181067,2016-11-05 19:00:00.000,265
6962181067,2016-11-05 20:00:00.000,134
6962181067,2016-11-05 21:00:00.000,156
6962181067,2016-11-05 22:00:00.000,99
6962181067,2016-11-05 23:00:00.000,9
6962181067,2016-12-05 00:00:00.000,0
6962181067,2016-12-05 01:00:00.000,41
6962181067,2016-12-05 02:00:00.000,0
6962181067,2016-12-05 03:00:00.000,0
6962181067,2016-12-05 04:00:00.000,0
6962181067,2016-12-05 05:00:00.000,0
6962181067,2016-12-05 06:00:00.000,0
6962181067,2016-12-05 07:00:00.000,0
6962181067,2016-12-05 08:00:00.000,644
6962181067,2016-12-05 09:00:00.000,585
6962181067,2016-12-05 10:00:00.000,1599
6962181067,2016-12-05 11:00:00.000,700
7007744171,2016-12-04 00:00:00.000,0
7007744171,2016-12-04 01:00:00.000,0
7007744171,2016-12-04 02:00:00.000,0
7007744171,2016-12-04 03:00:00.000,0
7007744171,2016-12-04 04:00:00.000,0
7007744171,2016-12-04 05:00:00.000,0
7007744171,2016-12-04 06:00:00.000,881
7007744171,2016-12-04 07:00:00.000,3855
7007744171,2016-12-04 08:00:00.000,3383
7007744171,2016-12-04 09:00:00.000,706
7007744171,2016-12-04 10:00:00.000,972
7007744171,2016-12-04 11:00:00.000,491
7007744171,2016-12-04 12:00:00.000,153
7007744171,2016-12-04 13:00:00.000,375
7007744171,2016-12-04 14:00:00.000,123
7007744171,2016-12-04 15:00:00.000,397
7007744171,2016-12-04 16:00:00.000,1363
7007744171,2016-12-04 17:00:00.000,914
7007744171,2016-12-04 18:00:00.000,268
7007744171,2016-12-04 19:00:00.000,291
7007744171,2016-12-04 20:00:00.000,0
7007744171,2016-12-04 21:00:00.000,0
7007744171,2016-12-04 22:00:00.000,0
7007744171,2016-12-04 23:00:00.000,0
7007744171,2016-04-13 00:00:00.000,0
7007744171,2016-04-13 01:00:00.000,0
7007744171,2016-04-13 02:00:00.000,0
7007744171,2016-04-13 03:00:00.000,0
7007744171,2016-04-13 04:00:00.000,0
7007744171,2016-04-13 05:00:00.000,7
7007744171,2016-04-13 06:00:00.000,1329
7007744171,2016-04-13 07:00:00.000,448
7007744171,2016-04-13 08:00:00.000,5806
7007744171,2016-04-13 09:00:00.000,1169
7007744171,2016-04-13 10:00:00.000,281
7007744171,2016-04-13 11:00:00.000,693
7007744171,2016-04-13 12:00:00.000,332
7007744171,2016-04-13 13:00:00.000,283
7007744171,2016-04-13 14:00:00.000,163
7007744171,2016-04-13 15:00:00.000,352
7007744171,2016-04-13 16:00:00.000,1391
7007744171,2016-04-13 17:00:00.000,229
7007744171,2016-04-13 18:00:00.000,233
7007744171,2016-04-13 19:00:00.000,89
7007744171,2016-04-13 20:00:00.000,57
7007744171,2016-04-13 21:00:00.000,0
7007744171,2016-04-13 22:00:00.000,0
7007744171,2016-04-13 23:00:00.000,0
7007744171,2016-04-14 00:00:00.000,0
7007744171,2016-04-14 01:00:00.000,0
7007744171,2016-04-14 02:00:00.000,0
7007744171,2016-04-14 03:00:00.000,0
7007744171,2016-04-14 04:00:00.000,0
7007744171,2016-04-14 05:00:00.000,0
7007744171,2016-04-14 06:00:00.000,1349
7007744171,2016-04-14 07:00:00.000,427
7007744171,2016-04-14 08:00:00.000,4014
7007744171,2016-04-14 09:00:00.000,627
7007744171,2016-04-14 10:00:00.000,93
7007744171,2016-04-14 11:00:00.000,772
7007744171,2016-04-14 12:00:00.000,364
7007744171,2016-04-14 13:00:00.000,25
7007744171,2016-04-14 14:00:00.000,24
7007744171,2016-04-14 15:00:00.000,366
7007744171,2016-04-14 16:00:00.000,276
7007744171,2016-04-14 17:00:00.000,157
7007744171,2016-04-14 18:00:00.000,952
7007744171,2016-04-14 19:00:00.000,1452
7007744171,2016-04-14 20:00:00.000,238
7007744171,2016-04-14 21:00:00.000,43
7007744171,2016-04-14 22:00:00.000,0
7007744171,2016-04-14 23:00:00.000,0
7007744171,2016-04-15 00:00:00.000,0
7007744171,2016-04-15 01:00:00.000,0
7007744171,2016-04-15 02:00:00.000,0
7007744171,2016-04-15 03:00:00.000,0
7007744171,2016-04-15 04:00:00.000,0
7007744171,2016-04-15 05:00:00.000,0
7007744171,2016-04-15 06:00:00.000,934
7007744171,2016-04-15 07:00:00.000,832
7007744171,2016-04-15 08:00:00.000,832
7007744171,2016-04-15 09:00:00.000,342
7007744171,2016-04-15 10:00:00.000,741
7007744171,2016-04-15 11:00:00.000,634
7007744171,2016-04-15 12:00:00.000,319
7007744171,2016-04-15 13:00:00.000,43
7007744171,2016-04-15 14:00:00.000,24
7007744171,2016-04-15 15:00:00.000,105
7007744171,2016-04-15 16:00:00.000,168
7007744171,2016-04-15 17:00:00.000,270
7007744171,2016-04-15 18:00:00.000,29
7007744171,2016-04-15 19:00:00.000,0
7007744171,2016-04-15 20:00:00.000,0
7007744171,2016-04-15 21:00:00.000,0
7007744171,2016-04-15 22:00:00.000,0
7007744171,2016-04-15 23:00:00.000,0
7007744171,2016-04-16 00:00:00.000,0
7007744171,2016-04-16 01:00:00.000,0
7007744171,2016-04-16 02:00:00.000,0
7007744171,2016-04-16 03:00:00.000,0
7007744171,2016-04-16 04:00:00.000,0
7007744171,2016-04-16 05:00:00.000,0
7007744171,2016-04-16 06:00:00.000,70
7007744171,2016-04-16 07:00:00.000,662
7007744171,2016-04-16 08:00:00.000,107
7007744171,2016-04-16 09:00:00.000,350
7007744171,2016-04-16 10:00:00.000,196
7007744171,2016-04-16 11:00:00.000,254
7007744171,2016-04-16 12:00:00.000,67
7007744171,2016-04-16 13:00:00.000,165
7007744171,2016-04-16 14:00:00.000,0
7007744171,2016-04-16 15:00:00.000,164
7007744171,2016-04-16 16:00:00.000,590
7007744171,2016-04-16 17:00:00.000,833
7007744171,2016-04-16 18:00:00.000,592
7007744171,2016-04-16 19:00:00.000,325
7007744171,2016-04-16 20:00:00.000,231
7007744171,2016-04-16 21:00:00.000,25
7007744171,2016-04-16 22:00:00.000,0
7007744171,2016-04-16 23:00:00.000,0
7007744171,2016-04-17 00:00:00.000,0
7007744171,2016-04-17 01:00:00.000,0
7007744171,2016-04-17 02:00:00.000,0
7007744171,2016-04-17 03:00:00.000,0
7007744171,2016-04-17 04:00:00.000,0
7007744171,2016-04-17 05:00:00.000,0
7007744171,2016-04-17 06:00:00.000,422
7007744171,2016-04-17 07:00:00.000,1818
7007744171,2016-04-17 08:00:00.000,850
7007744171,2016-04-17 09:00:00.000,1575
7007744171,2016-04-17 10:00:00.000,618
7007744171,2016-04-17 11:00:00.000,343
7007744171,2016-04-17 12:00:00.000,112
7007744171,2016-04-17 13:00:00.000,224
7007744171,2016-04-17 14:00:00.000,0
7007744171,2016-04-17 15:00:00.000,188
7007744171,2016-04-17 16:00:00.000,608
7007744171,2016-04-17 17:00:00.000,476
7007744171,2016-04-17 18:00:00.000,410
7007744171,2016-04-17 19:00:00.000,336
7007744171,2016-04-17 20:00:00.000,79
7007744171,2016-04-17 21:00:00.000,0
7007744171,2016-04-17 22:00:00.000,0
7007744171,2016-04-17 23:00:00.000,0
7007744171,2016-04-18 00:00:00.000,0
7007744171,2016-04-18 01:00:00.000,0
7007744171,2016-04-18 02:00:00.000,0
7007744171,2016-04-18 03:00:00.000,0
7007744171,2016-04-18 04:00:00.000,0
7007744171,2016-04-18 05:00:00.000,0
7007744171,2016-04-18 06:00:00.000,885
7007744171,2016-04-18 07:00:00.000,477
7007744171,2016-04-18 08:00:00.000,5974
7007744171,2016-04-18 09:00:00.000,1536
7007744171,2016-04-18 10:00:00.000,2724
7007744171,2016-04-18 11:00:00.000,261
7007744171,2016-04-18 12:00:00.000,215
7007744171,2016-04-18 13:00:00.000,147
7007744171,2016-04-18 14:00:00.000,234
7007744171,2016-04-18 15:00:00.000,832
7007744171,2016-04-18 16:00:00.000,1002
7007744171,2016-04-18 17:00:00.000,91
7007744171,2016-04-18 18:00:00.000,17
7007744171,2016-04-18 19:00:00.000,291
7007744171,2016-04-18 20:00:00.000,47
7007744171,2016-04-18 21:00:00.000,44
7007744171,2016-04-18 22:00:00.000,39
7007744171,2016-04-18 23:00:00.000,0
7007744171,2016-04-19 00:00:00.000,0
7007744171,2016-04-19 01:00:00.000,0
7007744171,2016-04-19 02:00:00.000,0
7007744171,2016-04-19 03:00:00.000,0
7007744171,2016-04-19 04:00:00.000,0
7007744171,2016-04-19 05:00:00.000,0
7007744171,2016-04-19 06:00:00.000,493
7007744171,2016-04-19 07:00:00.000,2076
7007744171,2016-04-19 08:00:00.000,5287
7007744171,2016-04-19 09:00:00.000,823
7007744171,2016-04-19 10:00:00.000,526
7007744171,2016-04-19 11:00:00.000,601
7007744171,2016-04-19 12:00:00.000,186
7007744171,2016-04-19 13:00:00.000,0
7007744171,2016-04-19 14:00:00.000,187
7007744171,2016-04-19 15:00:00.000,310
7007744171,2016-04-19 16:00:00.000,301
7007744171,2016-04-19 17:00:00.000,1127
7007744171,2016-04-19 18:00:00.000,678
7007744171,2016-04-19 19:00:00.000,1396
7007744171,2016-04-19 20:00:00.000,171
7007744171,2016-04-19 21:00:00.000,32
7007744171,2016-04-19 22:00:00.000,0
7007744171,2016-04-19 23:00:00.000,0
7007744171,2016-04-20 00:00:00.000,0
7007744171,2016-04-20 01:00:00.000,0
7007744171,2016-04-20 02:00:00.000,0
7007744171,2016-04-20 03:00:00.000,0
7007744171,2016-04-20 04:00:00.000,0
7007744171,2016-04-20 05:00:00.000,0
7007744171,2016-04-20 06:00:00.000,819
7007744171,2016-04-20 07:00:00.000,591
7007744171,2016-04-20 08:00:00.000,6017
7007744171,2016-04-20 09:00:00.000,1066
7007744171,2016-04-20 10:00:00.000,77
7007744171,2016-04-20 11:00:00.000,707
7007744171,2016-04-20 12:00:00.000,473
7007744171,2016-04-20 13:00:00.000,885
7007744171,2016-04-20 14:00:00.000,502
7007744171,2016-04-20 15:00:00.000,101
7007744171,2016-04-20 16:00:00.000,435
7007744171,2016-04-20 17:00:00.000,434
7007744171,2016-04-20 18:00:00.000,1025
7007744171,2016-04-20 19:00:00.000,1301
7007744171,2016-04-20 20:00:00.000,1133
7007744171,2016-04-20 21:00:00.000,0
7007744171,2016-04-20 22:00:00.000,0
7007744171,2016-04-20 23:00:00.000,0
7007744171,2016-04-21 00:00:00.000,0
7007744171,2016-04-21 01:00:00.000,0
7007744171,2016-04-21 02:00:00.000,0
7007744171,2016-04-21 03:00:00.000,0
7007744171,2016-04-21 04:00:00.000,0
7007744171,2016-04-21 05:00:00.000,0
7007744171,2016-04-21 06:00:00.000,1097
7007744171,2016-04-21 07:00:00.000,701
7007744171,2016-04-21 08:00:00.000,5377
7007744171,2016-04-21 09:00:00.000,1512
7007744171,2016-04-21 10:00:00.000,915
7007744171,2016-04-21 11:00:00.000,187
7007744171,2016-04-21 12:00:00.000,364
7007744171,2016-04-21 13:00:00.000,1038
7007744171,2016-04-21 14:00:00.000,413
7007744171,2016-04-21 15:00:00.000,570
7007744171,2016-04-21 16:00:00.000,555
7007744171,2016-04-21 17:00:00.000,411
7007744171,2016-04-21 18:00:00.000,252
7007744171,2016-04-21 19:00:00.000,246
7007744171,2016-04-21 20:00:00.000,36
7007744171,2016-04-21 21:00:00.000,70
7007744171,2016-04-21 22:00:00.000,0
7007744171,2016-04-21 23:00:00.000,0
7007744171,2016-04-22 00:00:00.000,0
7007744171,2016-04-22 01:00:00.000,0
7007744171,2016-04-22 02:00:00.000,0
7007744171,2016-04-22 03:00:00.000,0
7007744171,2016-04-22 04:00:00.000,0
7007744171,2016-04-22 05:00:00.000,0
7007744171,2016-04-22 06:00:00.000,424
7007744171,2016-04-22 07:00:00.000,390
7007744171,2016-04-22 08:00:00.000,5545
7007744171,2016-04-22 09:00:00.000,1489
7007744171,2016-04-22 10:00:00.000,62
7007744171,2016-04-22 11:00:00.000,367
7007744171,2016-04-22 12:00:00.000,301
7007744171,2016-04-22 13:00:00.000,236
7007744171,2016-04-22 14:00:00.000,190
7007744171,2016-04-22 15:00:00.000,266
7007744171,2016-04-22 16:00:00.000,1780
7007744171,2016-04-22 17:00:00.000,1623
7007744171,2016-04-22 18:00:00.000,383
7007744171,2016-04-22 19:00:00.000,1624
7007744171,2016-04-22 20:00:00.000,619
7007744171,2016-04-22 21:00:00.000,0
7007744171,2016-04-22 22:00:00.000,0
7007744171,2016-04-22 23:00:00.000,0
7007744171,2016-04-23 00:00:00.000,0
7007744171,2016-04-23 01:00:00.000,0
7007744171,2016-04-23 02:00:00.000,0
7007744171,2016-04-23 03:00:00.000,0
7007744171,2016-04-23 04:00:00.000,0
7007744171,2016-04-23 05:00:00.000,0
7007744171,2016-04-23 06:00:00.000,465
7007744171,2016-04-23 07:00:00.000,813
7007744171,2016-04-23 08:00:00.000,1600
7007744171,2016-04-23 09:00:00.000,124
7007744171,2016-04-23 10:00:00.000,281
7007744171,2016-04-23 11:00:00.000,2567
7007744171,2016-04-23 12:00:00.000,695
7007744171,2016-04-23 13:00:00.000,1548
7007744171,2016-04-23 14:00:00.000,0
7007744171,2016-04-23 15:00:00.000,0
7007744171,2016-04-23 16:00:00.000,0
7007744171,2016-04-23 17:00:00.000,0
7007744171,2016-04-23 18:00:00.000,0
7007744171,2016-04-23 19:00:00.000,0
7007744171,2016-04-23 20:00:00.000,0
7007744171,2016-04-23 21:00:00.000,0
7007744171,2016-04-23 22:00:00.000,0
7007744171,2016-04-23 23:00:00.000,0
7007744171,2016-04-24 00:00:00.000,0
7007744171,2016-04-24 01:00:00.000,0
7007744171,2016-04-24 02:00:00.000,0
7007744171,2016-04-24 03:00:00.000,0
7007744171,2016-04-24 04:00:00.000,0
7007744171,2016-04-24 05:00:00.000,0
7007744171,2016-04-24 06:00:00.000,472
7007744171,2016-04-24 07:00:00.000,784
7007744171,2016-04-24 08:00:00.000,757
7007744171,2016-04-24 09:00:00.000,1425
7007744171,2016-04-24 10:00:00.000,1487
7007744171,2016-04-24 11:00:00.000,451
7007744171,2016-04-24 12:00:00.000,825
7007744171,2016-04-24 13:00:00.000,1831
7007744171,2016-04-24 14:00:00.000,1364
7007744171,2016-04-24 15:00:00.000,1349
7007744171,2016-04-24 16:00:00.000,340
7007744171,2016-04-24 17:00:00.000,0
7007744171,2016-04-24 18:00:00.000,0
7007744171,2016-04-24 19:00:00.000,0
7007744171,2016-04-24 20:00:00.000,0
7007744171,2016-04-24 21:00:00.000,0
7007744171,2016-04-24 22:00:00.000,0
7007744171,2016-04-24 23:00:00.000,0
7007744171,2016-04-25 00:00:00.000,0
7007744171,2016-04-25 01:00:00.000,0
7007744171,2016-04-25 02:00:00.000,0
7007744171,2016-04-25 03:00:00.000,0
7007744171,2016-04-25 04:00:00.000,0
7007744171,2016-04-25 05:00:00.000,0
7007744171,2016-04-25 06:00:00.000,1036
7007744171,2016-04-25 07:00:00.000,2993
7007744171,2016-04-25 08:00:00.000,3802
7007744171,2016-04-25 09:00:00.000,2186
7007744171,2016-04-25 10:00:00.000,1929
7007744171,2016-04-25 11:00:00.000,163
7007744171,2016-04-25 12:00:00.000,1430
7007744171,2016-04-25 13:00:00.000,2023
7007744171,2016-04-25 14:00:00.000,319
7007744171,2016-04-25 15:00:00.000,301
7007744171,2016-04-25 16:00:00.000,58
7007744171,2016-04-25 17:00:00.000,453
7007744171,2016-04-25 18:00:00.000,784
7007744171,2016-04-25 19:00:00.000,73
7007744171,2016-04-25 20:00:00.000,679
7007744171,2016-04-25 21:00:00.000,0
7007744171,2016-04-25 22:00:00.000,0
7007744171,2016-04-25 23:00:00.000,0
7007744171,2016-04-26 00:00:00.000,0
7007744171,2016-04-26 01:00:00.000,0
7007744171,2016-04-26 02:00:00.000,0
7007744171,2016-04-26 03:00:00.000,0
7007744171,2016-04-26 04:00:00.000,0
7007744171,2016-04-26 05:00:00.000,0
7007744171,2016-04-26 06:00:00.000,923
7007744171,2016-04-26 07:00:00.000,844
7007744171,2016-04-26 08:00:00.000,153
7007744171,2016-04-26 09:00:00.000,1635
7007744171,2016-04-26 10:00:00.000,2111
7007744171,2016-04-26 11:00:00.000,1750
7007744171,2016-04-26 12:00:00.000,2674
7007744171,2016-04-26 13:00:00.000,321
7007744171,2016-04-26 14:00:00.000,190
7007744171,2016-04-26 15:00:00.000,1000
7007744171,2016-04-26 16:00:00.000,1180
7007744171,2016-04-26 17:00:00.000,640
7007744171,2016-04-26 18:00:00.000,629
7007744171,2016-04-26 19:00:00.000,97
7007744171,2016-04-26 20:00:00.000,37
7007744171,2016-04-26 21:00:00.000,160
7007744171,2016-04-26 22:00:00.000,733
7007744171,2016-04-26 23:00:00.000,13
7007744171,2016-04-27 00:00:00.000,0
7007744171,2016-04-27 01:00:00.000,0
7007744171,2016-04-27 02:00:00.000,0
7007744171,2016-04-27 03:00:00.000,0
7007744171,2016-04-27 04:00:00.000,0
7007744171,2016-04-27 05:00:00.000,0
7007744171,2016-04-27 06:00:00.000,1021
7007744171,2016-04-27 07:00:00.000,591
7007744171,2016-04-27 08:00:00.000,5165
7007744171,2016-04-27 09:00:00.000,1518
7007744171,2016-04-27 10:00:00.000,280
7007744171,2016-04-27 11:00:00.000,386
7007744171,2016-04-27 12:00:00.000,578
7007744171,2016-04-27 13:00:00.000,692
7007744171,2016-04-27 14:00:00.000,239
7007744171,2016-04-27 15:00:00.000,912
7007744171,2016-04-27 16:00:00.000,562
7007744171,2016-04-27 17:00:00.000,1067
7007744171,2016-04-27 18:00:00.000,297
7007744171,2016-04-27 19:00:00.000,143
7007744171,2016-04-27 20:00:00.000,90
7007744171,2016-04-27 21:00:00.000,0
7007744171,2016-04-27 22:00:00.000,0
7007744171,2016-04-27 23:00:00.000,0
7007744171,2016-04-28 00:00:00.000,0
7007744171,2016-04-28 01:00:00.000,0
7007744171,2016-04-28 02:00:00.000,0
7007744171,2016-04-28 03:00:00.000,0
7007744171,2016-04-28 04:00:00.000,0
7007744171,2016-04-28 05:00:00.000,0
7007744171,2016-04-28 06:00:00.000,805
7007744171,2016-04-28 07:00:00.000,715
7007744171,2016-04-28 08:00:00.000,1156
7007744171,2016-04-28 09:00:00.000,1921
7007744171,2016-04-28 10:00:00.000,3163
7007744171,2016-04-28 11:00:00.000,2669
7007744171,2016-04-28 12:00:00.000,482
7007744171,2016-04-28 13:00:00.000,897
7007744171,2016-04-28 14:00:00.000,249
7007744171,2016-04-28 15:00:00.000,152
7007744171,2016-04-28 16:00:00.000,358
7007744171,2016-04-28 17:00:00.000,203
7007744171,2016-04-28 18:00:00.000,363
7007744171,2016-04-28 19:00:00.000,1134
7007744171,2016-04-28 20:00:00.000,803
7007744171,2016-04-28 21:00:00.000,58
7007744171,2016-04-28 22:00:00.000,0
7007744171,2016-04-28 23:00:00.000,0
7007744171,2016-04-29 00:00:00.000,0
7007744171,2016-04-29 01:00:00.000,0
7007744171,2016-04-29 02:00:00.000,0
7007744171,2016-04-29 03:00:00.000,0
7007744171,2016-04-29 04:00:00.000,0
7007744171,2016-04-29 05:00:00.000,0
7007744171,2016-04-29 06:00:00.000,637
7007744171,2016-04-29 07:00:00.000,3274
7007744171,2016-04-29 08:00:00.000,3939
7007744171,2016-04-29 09:00:00.000,642
7007744171,2016-04-29 10:00:00.000,399
7007744171,2016-04-29 11:00:00.000,274
7007744171,2016-04-29 12:00:00.000,630
7007744171,2016-04-29 13:00:00.000,193
7007744171,2016-04-29 14:00:00.000,2050
7007744171,2016-04-29 15:00:00.000,616
7007744171,2016-04-29 16:00:00.000,547
7007744171,2016-04-29 17:00:00.000,1857
7007744171,2016-04-29 18:00:00.000,1051
7007744171,2016-04-29 19:00:00.000,2151
7007744171,2016-04-29 20:00:00.000,1094
7007744171,2016-04-29 21:00:00.000,713
7007744171,2016-04-29 22:00:00.000,0
7007744171,2016-04-29 23:00:00.000,0
7007744171,2016-04-30 00:00:00.000,0
7007744171,2016-04-30 01:00:00.000,0
7007744171,2016-04-30 02:00:00.000,0
7007744171,2016-04-30 03:00:00.000,0
7007744171,2016-04-30 04:00:00.000,0
7007744171,2016-04-30 05:00:00.000,0
7007744171,2016-04-30 06:00:00.000,0
7007744171,2016-04-30 07:00:00.000,197
7007744171,2016-04-30 08:00:00.000,802
7007744171,2016-04-30 09:00:00.000,485
7007744171,2016-04-30 10:00:00.000,417
7007744171,2016-04-30 11:00:00.000,298
7007744171,2016-04-30 12:00:00.000,190
7007744171,2016-04-30 13:00:00.000,513
7007744171,2016-04-30 14:00:00.000,75
7007744171,2016-04-30 15:00:00.000,21
7007744171,2016-04-30 16:00:00.000,26
7007744171,2016-04-30 17:00:00.000,339
7007744171,2016-04-30 18:00:00.000,85
7007744171,2016-04-30 19:00:00.000,82
7007744171,2016-04-30 20:00:00.000,78
7007744171,2016-04-30 21:00:00.000,130
7007744171,2016-04-30 22:00:00.000,23
7007744171,2016-04-30 23:00:00.000,0
7007744171,2016-01-05 00:00:00.000,0
7007744171,2016-01-05 01:00:00.000,0
7007744171,2016-01-05 02:00:00.000,0
7007744171,2016-01-05 03:00:00.000,0
7007744171,2016-01-05 04:00:00.000,0
7007744171,2016-01-05 05:00:00.000,0
7007744171,2016-01-05 06:00:00.000,0
7007744171,2016-01-05 07:00:00.000,649
7007744171,2016-01-05 08:00:00.000,452
7007744171,2016-01-05 09:00:00.000,651
7007744171,2016-01-05 10:00:00.000,247
7007744171,2016-01-05 11:00:00.000,36
7007744171,2016-01-05 12:00:00.000,189
7007744171,2016-01-05 13:00:00.000,1186
7007744171,2016-01-05 14:00:00.000,321
7007744171,2016-01-05 15:00:00.000,613
7007744171,2016-01-05 16:00:00.000,738
7007744171,2016-01-05 17:00:00.000,231
7007744171,2016-01-05 18:00:00.000,51
7007744171,2016-01-05 19:00:00.000,236
7007744171,2016-01-05 20:00:00.000,0
7007744171,2016-01-05 21:00:00.000,0
7007744171,2016-01-05 22:00:00.000,0
7007744171,2016-01-05 23:00:00.000,0
7007744171,2016-02-05 00:00:00.000,0
7007744171,2016-02-05 01:00:00.000,0
7007744171,2016-02-05 02:00:00.000,0
7007744171,2016-02-05 03:00:00.000,0
7007744171,2016-02-05 04:00:00.000,0
7007744171,2016-02-05 05:00:00.000,0
7007744171,2016-02-05 06:00:00.000,823
7007744171,2016-02-05 07:00:00.000,485
7007744171,2016-02-05 08:00:00.000,4937
7007744171,2016-02-05 09:00:00.000,2409
7007744171,2016-02-05 10:00:00.000,2312
7007744171,2016-02-05 11:00:00.000,426
7007744171,2016-02-05 12:00:00.000,145
7007744171,2016-02-05 13:00:00.000,93
7007744171,2016-02-05 14:00:00.000,120
7007744171,2016-02-05 15:00:00.000,180
7007744171,2016-02-05 16:00:00.000,122
7007744171,2016-02-05 17:00:00.000,693
7007744171,2016-02-05 18:00:00.000,114
7007744171,2016-02-05 19:00:00.000,152
7007744171,2016-02-05 20:00:00.000,6
7007744171,2016-02-05 21:00:00.000,24
7007744171,2016-02-05 22:00:00.000,0
7007744171,2016-02-05 23:00:00.000,0
7007744171,2016-03-05 00:00:00.000,0
7007744171,2016-03-05 01:00:00.000,0
7007744171,2016-03-05 02:00:00.000,0
7007744171,2016-03-05 03:00:00.000,0
7007744171,2016-03-05 04:00:00.000,0
7007744171,2016-03-05 05:00:00.000,0
7007744171,2016-03-05 06:00:00.000,1050
7007744171,2016-03-05 07:00:00.000,3671
7007744171,2016-03-05 08:00:00.000,2965
7007744171,2016-03-05 09:00:00.000,650
7007744171,2016-03-05 10:00:00.000,299
7007744171,2016-03-05 11:00:00.000,802
7007744171,2016-03-05 12:00:00.000,557
7007744171,2016-03-05 13:00:00.000,1509
7007744171,2016-03-05 14:00:00.000,384
7007744171,2016-03-05 15:00:00.000,718
7007744171,2016-03-05 16:00:00.000,406
7007744171,2016-03-05 17:00:00.000,1016
7007744171,2016-03-05 18:00:00.000,232
7007744171,2016-03-05 19:00:00.000,84
7007744171,2016-03-05 20:00:00.000,73
7007744171,2016-03-05 21:00:00.000,94
7007744171,2016-03-05 22:00:00.000,0
7007744171,2016-03-05 23:00:00.000,0
7007744171,2016-04-05 00:00:00.000,0
7007744171,2016-04-05 01:00:00.000,0
7007744171,2016-04-05 02:00:00.000,0
7007744171,2016-04-05 03:00:00.000,0
7007744171,2016-04-05 04:00:00.000,0
7007744171,2016-04-05 05:00:00.000,0
7007744171,2016-04-05 06:00:00.000,0
7007744171,2016-04-05 07:00:00.000,0
7007744171,2016-04-05 08:00:00.000,0
7007744171,2016-04-05 09:00:00.000,0
7007744171,2016-04-05 10:00:00.000,0
7007744171,2016-04-05 11:00:00.000,0
7007744171,2016-04-05 12:00:00.000,0
7007744171,2016-04-05 13:00:00.000,0
7007744171,2016-04-05 14:00:00.000,0
7007744171,2016-04-05 15:00:00.000,0
7007744171,2016-04-05 16:00:00.000,0
7007744171,2016-04-05 17:00:00.000,0
7007744171,2016-04-05 18:00:00.000,0
7007744171,2016-04-05 19:00:00.000,0
7007744171,2016-04-05 20:00:00.000,0
7007744171,2016-04-05 21:00:00.000,0
7007744171,2016-04-05 22:00:00.000,0
7007744171,2016-04-05 23:00:00.000,0
7007744171,2016-05-05 00:00:00.000,0
7007744171,2016-05-05 01:00:00.000,0
7007744171,2016-05-05 02:00:00.000,0
7007744171,2016-05-05 03:00:00.000,0
7007744171,2016-05-05 04:00:00.000,0
7007744171,2016-05-05 05:00:00.000,0
7007744171,2016-05-05 06:00:00.000,752
7007744171,2016-05-05 07:00:00.000,2793
7007744171,2016-05-05 08:00:00.000,4094
7007744171,2016-05-05 09:00:00.000,2361
7007744171,2016-05-05 10:00:00.000,1294
7007744171,2016-05-05 11:00:00.000,130
7007744171,2016-05-05 12:00:00.000,192
7007744171,2016-05-05 13:00:00.000,562
7007744171,2016-05-05 14:00:00.000,326
7007744171,2016-05-05 15:00:00.000,662
7007744171,2016-05-05 16:00:00.000,781
7007744171,2016-05-05 17:00:00.000,385
7007744171,2016-05-05 18:00:00.000,595
7007744171,2016-05-05 19:00:00.000,83
7007744171,2016-05-05 20:00:00.000,0
7007744171,2016-05-05 21:00:00.000,0
7007744171,2016-05-05 22:00:00.000,0
7007744171,2016-05-05 23:00:00.000,0
7007744171,2016-06-05 00:00:00.000,0
7007744171,2016-06-05 01:00:00.000,0
7007744171,2016-06-05 02:00:00.000,0
7007744171,2016-06-05 03:00:00.000,0
7007744171,2016-06-05 04:00:00.000,0
7007744171,2016-06-05 05:00:00.000,43
7007744171,2016-06-05 06:00:00.000,5742
7007744171,2016-06-05 07:00:00.000,1164
7007744171,2016-06-05 08:00:00.000,907
7007744171,2016-06-05 09:00:00.000,806
7007744171,2016-06-05 10:00:00.000,90
7007744171,2016-06-05 11:00:00.000,441
7007744171,2016-06-05 12:00:00.000,301
7007744171,2016-06-05 13:00:00.000,324
7007744171,2016-06-05 14:00:00.000,37
7007744171,2016-06-05 15:00:00.000,361
7007744171,2016-06-05 16:00:00.000,69
7007744171,2016-06-05 17:00:00.000,135
7007744171,2016-06-05 18:00:00.000,453
7007744171,2016-06-05 19:00:00.000,374
7007744171,2016-06-05 20:00:00.000,212
7007744171,2016-06-05 21:00:00.000,0
7007744171,2016-06-05 22:00:00.000,0
7007744171,2016-06-05 23:00:00.000,0
7007744171,2016-07-05 00:00:00.000,0
7086361926,2016-12-04 00:00:00.000,0
7086361926,2016-12-04 01:00:00.000,0
7086361926,2016-12-04 02:00:00.000,0
7086361926,2016-12-04 03:00:00.000,0
7086361926,2016-12-04 04:00:00.000,0
7086361926,2016-12-04 05:00:00.000,0
7086361926,2016-12-04 06:00:00.000,0
7086361926,2016-12-04 07:00:00.000,422
7086361926,2016-12-04 08:00:00.000,0
7086361926,2016-12-04 09:00:00.000,234
7086361926,2016-12-04 10:00:00.000,26
7086361926,2016-12-04 11:00:00.000,121
7086361926,2016-12-04 12:00:00.000,156
7086361926,2016-12-04 13:00:00.000,1494
7086361926,2016-12-04 14:00:00.000,0
7086361926,2016-12-04 15:00:00.000,201
7086361926,2016-12-04 16:00:00.000,850
7086361926,2016-12-04 17:00:00.000,5921
7086361926,2016-12-04 18:00:00.000,995
7086361926,2016-12-04 19:00:00.000,297
7086361926,2016-12-04 20:00:00.000,407
7086361926,2016-12-04 21:00:00.000,0
7086361926,2016-12-04 22:00:00.000,181
7086361926,2016-12-04 23:00:00.000,4
7086361926,2016-04-13 00:00:00.000,0
7086361926,2016-04-13 01:00:00.000,0
7086361926,2016-04-13 02:00:00.000,0
7086361926,2016-04-13 03:00:00.000,0
7086361926,2016-04-13 04:00:00.000,0
7086361926,2016-04-13 05:00:00.000,0
7086361926,2016-04-13 06:00:00.000,12
7086361926,2016-04-13 07:00:00.000,475
7086361926,2016-04-13 08:00:00.000,150
7086361926,2016-04-13 09:00:00.000,0
7086361926,2016-04-13 10:00:00.000,152
7086361926,2016-04-13 11:00:00.000,91
7086361926,2016-04-13 12:00:00.000,49
7086361926,2016-04-13 13:00:00.000,1444
7086361926,2016-04-13 14:00:00.000,0
7086361926,2016-04-13 15:00:00.000,36
7086361926,2016-04-13 16:00:00.000,773
7086361926,2016-04-13 17:00:00.000,723
7086361926,2016-04-13 18:00:00.000,1182
7086361926,2016-04-13 19:00:00.000,327
7086361926,2016-04-13 20:00:00.000,255
7086361926,2016-04-13 21:00:00.000,4
7086361926,2016-04-13 22:00:00.000,140
7086361926,2016-04-13 23:00:00.000,0
7086361926,2016-04-14 00:00:00.000,0
7086361926,2016-04-14 01:00:00.000,14
7086361926,2016-04-14 02:00:00.000,0
7086361926,2016-04-14 03:00:00.000,0
7086361926,2016-04-14 04:00:00.000,0
7086361926,2016-04-14 05:00:00.000,0
7086361926,2016-04-14 06:00:00.000,0
7086361926,2016-04-14 07:00:00.000,362
7086361926,2016-04-14 08:00:00.000,607
7086361926,2016-04-14 09:00:00.000,438
7086361926,2016-04-14 10:00:00.000,156
7086361926,2016-04-14 11:00:00.000,427
7086361926,2016-04-14 12:00:00.000,58
7086361926,2016-04-14 13:00:00.000,1219
7086361926,2016-04-14 14:00:00.000,8
7086361926,2016-04-14 15:00:00.000,181
7086361926,2016-04-14 16:00:00.000,664
7086361926,2016-04-14 17:00:00.000,956
7086361926,2016-04-14 18:00:00.000,2604
7086361926,2016-04-14 19:00:00.000,370
7086361926,2016-04-14 20:00:00.000,249
7086361926,2016-04-14 21:00:00.000,56
7086361926,2016-04-14 22:00:00.000,34
7086361926,2016-04-14 23:00:00.000,595
7086361926,2016-04-15 00:00:00.000,428
7086361926,2016-04-15 01:00:00.000,0
7086361926,2016-04-15 02:00:00.000,0
7086361926,2016-04-15 03:00:00.000,0
7086361926,2016-04-15 04:00:00.000,0
7086361926,2016-04-15 05:00:00.000,0
7086361926,2016-04-15 06:00:00.000,0
7086361926,2016-04-15 07:00:00.000,701
7086361926,2016-04-15 08:00:00.000,244
7086361926,2016-04-15 09:00:00.000,169
7086361926,2016-04-15 10:00:00.000,0
7086361926,2016-04-15 11:00:00.000,36
7086361926,2016-04-15 12:00:00.000,421
7086361926,2016-04-15 13:00:00.000,3448
7086361926,2016-04-15 14:00:00.000,309
7086361926,2016-04-15 15:00:00.000,85
7086361926,2016-04-15 16:00:00.000,428
7086361926,2016-04-15 17:00:00.000,93
7086361926,2016-04-15 18:00:00.000,413
7086361926,2016-04-15 19:00:00.000,1714
7086361926,2016-04-15 20:00:00.000,11
7086361926,2016-04-15 21:00:00.000,0
7086361926,2016-04-15 22:00:00.000,85
7086361926,2016-04-15 23:00:00.000,0
7086361926,2016-04-16 00:00:00.000,31
7086361926,2016-04-16 01:00:00.000,0
7086361926,2016-04-16 02:00:00.000,0
7086361926,2016-04-16 03:00:00.000,0
7086361926,2016-04-16 04:00:00.000,0
7086361926,2016-04-16 05:00:00.000,0
7086361926,2016-04-16 06:00:00.000,0
7086361926,2016-04-16 07:00:00.000,0
7086361926,2016-04-16 08:00:00.000,0
7086361926,2016-04-16 09:00:00.000,0
7086361926,2016-04-16 10:00:00.000,0
7086361926,2016-04-16 11:00:00.000,0
7086361926,2016-04-16 12:00:00.000,0
7086361926,2016-04-16 13:00:00.000,0
7086361926,2016-04-16 14:00:00.000,0
7086361926,2016-04-16 15:00:00.000,0
7086361926,2016-04-16 16:00:00.000,0
7086361926,2016-04-16 17:00:00.000,0
7086361926,2016-04-16 18:00:00.000,0
7086361926,2016-04-16 19:00:00.000,0
7086361926,2016-04-16 20:00:00.000,0
7086361926,2016-04-16 21:00:00.000,0
7086361926,2016-04-16 22:00:00.000,0
7086361926,2016-04-16 23:00:00.000,0
7086361926,2016-04-17 00:00:00.000,0
7086361926,2016-04-17 01:00:00.000,0
7086361926,2016-04-17 02:00:00.000,0
7086361926,2016-04-17 03:00:00.000,0
7086361926,2016-04-17 04:00:00.000,0
7086361926,2016-04-17 05:00:00.000,0
7086361926,2016-04-17 06:00:00.000,0
7086361926,2016-04-17 07:00:00.000,0
7086361926,2016-04-17 08:00:00.000,0
7086361926,2016-04-17 09:00:00.000,0
7086361926,2016-04-17 10:00:00.000,0
7086361926,2016-04-17 11:00:00.000,0
7086361926,2016-04-17 12:00:00.000,0
7086361926,2016-04-17 13:00:00.000,0
7086361926,2016-04-17 14:00:00.000,0
7086361926,2016-04-17 15:00:00.000,0
7086361926,2016-04-17 16:00:00.000,0
7086361926,2016-04-17 17:00:00.000,0
7086361926,2016-04-17 18:00:00.000,0
7086361926,2016-04-17 19:00:00.000,0
7086361926,2016-04-17 20:00:00.000,0
7086361926,2016-04-17 21:00:00.000,0
7086361926,2016-04-17 22:00:00.000,0
7086361926,2016-04-17 23:00:00.000,0
7086361926,2016-04-18 00:00:00.000,0
7086361926,2016-04-18 01:00:00.000,0
7086361926,2016-04-18 02:00:00.000,0
7086361926,2016-04-18 03:00:00.000,0
7086361926,2016-04-18 04:00:00.000,0
7086361926,2016-04-18 05:00:00.000,0
7086361926,2016-04-18 06:00:00.000,0
7086361926,2016-04-18 07:00:00.000,593
7086361926,2016-04-18 08:00:00.000,356
7086361926,2016-04-18 09:00:00.000,56
7086361926,2016-04-18 10:00:00.000,193
7086361926,2016-04-18 11:00:00.000,0
7086361926,2016-04-18 12:00:00.000,3837
7086361926,2016-04-18 13:00:00.000,0
7086361926,2016-04-18 14:00:00.000,237
7086361926,2016-04-18 15:00:00.000,0
7086361926,2016-04-18 16:00:00.000,826
7086361926,2016-04-18 17:00:00.000,1128
7086361926,2016-04-18 18:00:00.000,2455
7086361926,2016-04-18 19:00:00.000,73
7086361926,2016-04-18 20:00:00.000,0
7086361926,2016-04-18 21:00:00.000,67
7086361926,2016-04-18 22:00:00.000,6
7086361926,2016-04-18 23:00:00.000,0
7086361926,2016-04-19 00:00:00.000,14
7086361926,2016-04-19 01:00:00.000,0
7086361926,2016-04-19 02:00:00.000,0
7086361926,2016-04-19 03:00:00.000,0
7086361926,2016-04-19 04:00:00.000,0
7086361926,2016-04-19 05:00:00.000,0
7086361926,2016-04-19 06:00:00.000,0
7086361926,2016-04-19 07:00:00.000,282
7086361926,2016-04-19 08:00:00.000,159
7086361926,2016-04-19 09:00:00.000,0
7086361926,2016-04-19 10:00:00.000,197
7086361926,2016-04-19 11:00:00.000,31
7086361926,2016-04-19 12:00:00.000,158
7086361926,2016-04-19 13:00:00.000,4141
7086361926,2016-04-19 14:00:00.000,0
7086361926,2016-04-19 15:00:00.000,34
7086361926,2016-04-19 16:00:00.000,777
7086361926,2016-04-19 17:00:00.000,955
7086361926,2016-04-19 18:00:00.000,2766
7086361926,2016-04-19 19:00:00.000,973
7086361926,2016-04-19 20:00:00.000,0
7086361926,2016-04-19 21:00:00.000,88
7086361926,2016-04-19 22:00:00.000,106
7086361926,2016-04-19 23:00:00.000,7
7086361926,2016-04-20 00:00:00.000,0
7086361926,2016-04-20 01:00:00.000,0
7086361926,2016-04-20 02:00:00.000,0
7086361926,2016-04-20 03:00:00.000,0
7086361926,2016-04-20 04:00:00.000,0
7086361926,2016-04-20 05:00:00.000,0
7086361926,2016-04-20 06:00:00.000,10
7086361926,2016-04-20 07:00:00.000,372
7086361926,2016-04-20 08:00:00.000,133
7086361926,2016-04-20 09:00:00.000,194
7086361926,2016-04-20 10:00:00.000,180
7086361926,2016-04-20 11:00:00.000,30
7086361926,2016-04-20 12:00:00.000,167
7086361926,2016-04-20 13:00:00.000,4286
7086361926,2016-04-20 14:00:00.000,101
7086361926,2016-04-20 15:00:00.000,197
7086361926,2016-04-20 16:00:00.000,816
7086361926,2016-04-20 17:00:00.000,6357
7086361926,2016-04-20 18:00:00.000,863
7086361926,2016-04-20 19:00:00.000,180
7086361926,2016-04-20 20:00:00.000,286
7086361926,2016-04-20 21:00:00.000,98
7086361926,2016-04-20 22:00:00.000,55
7086361926,2016-04-20 23:00:00.000,40
7086361926,2016-04-21 00:00:00.000,48
7086361926,2016-04-21 01:00:00.000,6
7086361926,2016-04-21 02:00:00.000,0
7086361926,2016-04-21 03:00:00.000,0
7086361926,2016-04-21 04:00:00.000,0
7086361926,2016-04-21 05:00:00.000,0
7086361926,2016-04-21 06:00:00.000,34
7086361926,2016-04-21 07:00:00.000,449
7086361926,2016-04-21 08:00:00.000,49
7086361926,2016-04-21 09:00:00.000,42
7086361926,2016-04-21 10:00:00.000,179
7086361926,2016-04-21 11:00:00.000,196
7086361926,2016-04-21 12:00:00.000,80
7086361926,2016-04-21 13:00:00.000,1716
7086361926,2016-04-21 14:00:00.000,2530
7086361926,2016-04-21 15:00:00.000,37
7086361926,2016-04-21 16:00:00.000,956
7086361926,2016-04-21 17:00:00.000,918
7086361926,2016-04-21 18:00:00.000,198
7086361926,2016-04-21 19:00:00.000,8
7086361926,2016-04-21 20:00:00.000,439
7086361926,2016-04-21 21:00:00.000,698
7086361926,2016-04-21 22:00:00.000,629
7086361926,2016-04-21 23:00:00.000,257
7086361926,2016-04-22 00:00:00.000,0
7086361926,2016-04-22 01:00:00.000,0
7086361926,2016-04-22 02:00:00.000,0
7086361926,2016-04-22 03:00:00.000,0
7086361926,2016-04-22 04:00:00.000,0
7086361926,2016-04-22 05:00:00.000,0
7086361926,2016-04-22 06:00:00.000,9
7086361926,2016-04-22 07:00:00.000,729
7086361926,2016-04-22 08:00:00.000,421
7086361926,2016-04-22 09:00:00.000,0
7086361926,2016-04-22 10:00:00.000,545
7086361926,2016-04-22 11:00:00.000,357
7086361926,2016-04-22 12:00:00.000,353
7086361926,2016-04-22 13:00:00.000,125
7086361926,2016-04-22 14:00:00.000,138
7086361926,2016-04-22 15:00:00.000,323
7086361926,2016-04-22 16:00:00.000,955
7086361926,2016-04-22 17:00:00.000,892
7086361926,2016-04-22 18:00:00.000,2810
7086361926,2016-04-22 19:00:00.000,1595
7086361926,2016-04-22 20:00:00.000,59
7086361926,2016-04-22 21:00:00.000,422
7086361926,2016-04-22 22:00:00.000,0
7086361926,2016-04-22 23:00:00.000,0
7086361926,2016-04-23 00:00:00.000,0
7086361926,2016-04-23 01:00:00.000,0
7086361926,2016-04-23 02:00:00.000,0
7086361926,2016-04-23 03:00:00.000,0
7086361926,2016-04-23 04:00:00.000,0
7086361926,2016-04-23 05:00:00.000,0
7086361926,2016-04-23 06:00:00.000,0
7086361926,2016-04-23 07:00:00.000,0
7086361926,2016-04-23 08:00:00.000,0
7086361926,2016-04-23 09:00:00.000,0
7086361926,2016-04-23 10:00:00.000,0
7086361926,2016-04-23 11:00:00.000,0
7086361926,2016-04-23 12:00:00.000,7
7086361926,2016-04-23 13:00:00.000,198
7086361926,2016-04-23 14:00:00.000,1594
7086361926,2016-04-23 15:00:00.000,362
7086361926,2016-04-23 16:00:00.000,347
7086361926,2016-04-23 17:00:00.000,8
7086361926,2016-04-23 18:00:00.000,0
7086361926,2016-04-23 19:00:00.000,24
7086361926,2016-04-23 20:00:00.000,13
7086361926,2016-04-23 21:00:00.000,82
7086361926,2016-04-23 22:00:00.000,122
7086361926,2016-04-23 23:00:00.000,54
7086361926,2016-04-24 00:00:00.000,4
7086361926,2016-04-24 01:00:00.000,0
7086361926,2016-04-24 02:00:00.000,0
7086361926,2016-04-24 03:00:00.000,0
7086361926,2016-04-24 04:00:00.000,0
7086361926,2016-04-24 05:00:00.000,0
7086361926,2016-04-24 06:00:00.000,0
7086361926,2016-04-24 07:00:00.000,0
7086361926,2016-04-24 08:00:00.000,0
7086361926,2016-04-24 09:00:00.000,0
7086361926,2016-04-24 10:00:00.000,0
7086361926,2016-04-24 11:00:00.000,0
7086361926,2016-04-24 12:00:00.000,163
7086361926,2016-04-24 13:00:00.000,0
7086361926,2016-04-24 14:00:00.000,494
7086361926,2016-04-24 15:00:00.000,1454
7086361926,2016-04-24 16:00:00.000,136
7086361926,2016-04-24 17:00:00.000,0
7086361926,2016-04-24 18:00:00.000,517
7086361926,2016-04-24 19:00:00.000,546
7086361926,2016-04-24 20:00:00.000,8
7086361926,2016-04-24 21:00:00.000,69
7086361926,2016-04-24 22:00:00.000,129
7086361926,2016-04-24 23:00:00.000,0
7086361926,2016-04-25 00:00:00.000,0
7086361926,2016-04-25 01:00:00.000,0
7086361926,2016-04-25 02:00:00.000,0
7086361926,2016-04-25 03:00:00.000,0
7086361926,2016-04-25 04:00:00.000,0
7086361926,2016-04-25 05:00:00.000,0
7086361926,2016-04-25 06:00:00.000,0
7086361926,2016-04-25 07:00:00.000,717
7086361926,2016-04-25 08:00:00.000,0
7086361926,2016-04-25 09:00:00.000,41
7086361926,2016-04-25 10:00:00.000,201
7086361926,2016-04-25 11:00:00.000,184
7086361926,2016-04-25 12:00:00.000,90
7086361926,2016-04-25 13:00:00.000,3609
7086361926,2016-04-25 14:00:00.000,0
7086361926,2016-04-25 15:00:00.000,29
7086361926,2016-04-25 16:00:00.000,840
7086361926,2016-04-25 17:00:00.000,1303
7086361926,2016-04-25 18:00:00.000,2679
7086361926,2016-04-25 19:00:00.000,217
7086361926,2016-04-25 20:00:00.000,151
7086361926,2016-04-25 21:00:00.000,7
7086361926,2016-04-25 22:00:00.000,23
7086361926,2016-04-25 23:00:00.000,0
7086361926,2016-04-26 00:00:00.000,0
7086361926,2016-04-26 01:00:00.000,4
7086361926,2016-04-26 02:00:00.000,11
7086361926,2016-04-26 03:00:00.000,0
7086361926,2016-04-26 04:00:00.000,0
7086361926,2016-04-26 05:00:00.000,0
7086361926,2016-04-26 06:00:00.000,9
7086361926,2016-04-26 07:00:00.000,472
7086361926,2016-04-26 08:00:00.000,114
7086361926,2016-04-26 09:00:00.000,0
7086361926,2016-04-26 10:00:00.000,234
7086361926,2016-04-26 11:00:00.000,195
7086361926,2016-04-26 12:00:00.000,392
7086361926,2016-04-26 13:00:00.000,2837
7086361926,2016-04-26 14:00:00.000,1380
7086361926,2016-04-26 15:00:00.000,191
7086361926,2016-04-26 16:00:00.000,967
7086361926,2016-04-26 17:00:00.000,894
7086361926,2016-04-26 18:00:00.000,2459
7086361926,2016-04-26 19:00:00.000,193
7086361926,2016-04-26 20:00:00.000,12
7086361926,2016-04-26 21:00:00.000,0
7086361926,2016-04-26 22:00:00.000,14
7086361926,2016-04-26 23:00:00.000,0
7086361926,2016-04-27 00:00:00.000,0
7086361926,2016-04-27 01:00:00.000,8
7086361926,2016-04-27 02:00:00.000,0
7086361926,2016-04-27 03:00:00.000,0
7086361926,2016-04-27 04:00:00.000,0
7086361926,2016-04-27 05:00:00.000,0
7086361926,2016-04-27 06:00:00.000,0
7086361926,2016-04-27 07:00:00.000,379
7086361926,2016-04-27 08:00:00.000,120
7086361926,2016-04-27 09:00:00.000,202
7086361926,2016-04-27 10:00:00.000,0
7086361926,2016-04-27 11:00:00.000,162
7086361926,2016-04-27 12:00:00.000,149
7086361926,2016-04-27 13:00:00.000,614
7086361926,2016-04-27 14:00:00.000,726
7086361926,2016-04-27 15:00:00.000,39
7086361926,2016-04-27 16:00:00.000,934
7086361926,2016-04-27 17:00:00.000,6025
7086361926,2016-04-27 18:00:00.000,792
7086361926,2016-04-27 19:00:00.000,28
7086361926,2016-04-27 20:00:00.000,376
7086361926,2016-04-27 21:00:00.000,216
7086361926,2016-04-27 22:00:00.000,289
7086361926,2016-04-27 23:00:00.000,48
7086361926,2016-04-28 00:00:00.000,784
7086361926,2016-04-28 01:00:00.000,0
7086361926,2016-04-28 02:00:00.000,0
7086361926,2016-04-28 03:00:00.000,0
7086361926,2016-04-28 04:00:00.000,0
7086361926,2016-04-28 05:00:00.000,0
7086361926,2016-04-28 06:00:00.000,14
7086361926,2016-04-28 07:00:00.000,426
7086361926,2016-04-28 08:00:00.000,214
7086361926,2016-04-28 09:00:00.000,41
7086361926,2016-04-28 10:00:00.000,188
7086361926,2016-04-28 11:00:00.000,0
7086361926,2016-04-28 12:00:00.000,137
7086361926,2016-04-28 13:00:00.000,3859
7086361926,2016-04-28 14:00:00.000,638
7086361926,2016-04-28 15:00:00.000,151
7086361926,2016-04-28 16:00:00.000,902
7086361926,2016-04-28 17:00:00.000,1363
7086361926,2016-04-28 18:00:00.000,2424
7086361926,2016-04-28 19:00:00.000,17
7086361926,2016-04-28 20:00:00.000,85
7086361926,2016-04-28 21:00:00.000,269
7086361926,2016-04-28 22:00:00.000,63
7086361926,2016-04-28 23:00:00.000,0
7086361926,2016-04-29 00:00:00.000,0
7086361926,2016-04-29 01:00:00.000,0
7086361926,2016-04-29 02:00:00.000,0
7086361926,2016-04-29 03:00:00.000,0
7086361926,2016-04-29 04:00:00.000,0
7086361926,2016-04-29 05:00:00.000,0
7086361926,2016-04-29 06:00:00.000,0
7086361926,2016-04-29 07:00:00.000,616
7086361926,2016-04-29 08:00:00.000,172
7086361926,2016-04-29 09:00:00.000,285
7086361926,2016-04-29 10:00:00.000,0
7086361926,2016-04-29 11:00:00.000,199
7086361926,2016-04-29 12:00:00.000,202
7086361926,2016-04-29 13:00:00.000,2225
7086361926,2016-04-29 14:00:00.000,0
7086361926,2016-04-29 15:00:00.000,161
7086361926,2016-04-29 16:00:00.000,1013
7086361926,2016-04-29 17:00:00.000,1093
7086361926,2016-04-29 18:00:00.000,1060
7086361926,2016-04-29 19:00:00.000,198
7086361926,2016-04-29 20:00:00.000,119
7086361926,2016-04-29 21:00:00.000,285
7086361926,2016-04-29 22:00:00.000,245
7086361926,2016-04-29 23:00:00.000,8
7086361926,2016-04-30 00:00:00.000,38
7086361926,2016-04-30 01:00:00.000,291
7086361926,2016-04-30 02:00:00.000,0
7086361926,2016-04-30 03:00:00.000,0
7086361926,2016-04-30 04:00:00.000,0
7086361926,2016-04-30 05:00:00.000,0
7086361926,2016-04-30 06:00:00.000,0
7086361926,2016-04-30 07:00:00.000,0
7086361926,2016-04-30 08:00:00.000,0
7086361926,2016-04-30 09:00:00.000,0
7086361926,2016-04-30 10:00:00.000,627
7086361926,2016-04-30 11:00:00.000,609
7086361926,2016-04-30 12:00:00.000,2636
7086361926,2016-04-30 13:00:00.000,287
7086361926,2016-04-30 14:00:00.000,600
7086361926,2016-04-30 15:00:00.000,2508
7086361926,2016-04-30 16:00:00.000,947
7086361926,2016-04-30 17:00:00.000,726
7086361926,2016-04-30 18:00:00.000,502
7086361926,2016-04-30 19:00:00.000,923
7086361926,2016-04-30 20:00:00.000,1290
7086361926,2016-04-30 21:00:00.000,817
7086361926,2016-04-30 22:00:00.000,295
7086361926,2016-04-30 23:00:00.000,1464
7086361926,2016-01-05 00:00:00.000,68
7086361926,2016-01-05 01:00:00.000,0
7086361926,2016-01-05 02:00:00.000,5
7086361926,2016-01-05 03:00:00.000,0
7086361926,2016-01-05 04:00:00.000,0
7086361926,2016-01-05 05:00:00.000,0
7086361926,2016-01-05 06:00:00.000,0
7086361926,2016-01-05 07:00:00.000,426
7086361926,2016-01-05 08:00:00.000,2824
7086361926,2016-01-05 09:00:00.000,247
7086361926,2016-01-05 10:00:00.000,2391
7086361926,2016-01-05 11:00:00.000,200
7086361926,2016-01-05 12:00:00.000,548
7086361926,2016-01-05 13:00:00.000,1481
7086361926,2016-01-05 14:00:00.000,1305
7086361926,2016-01-05 15:00:00.000,643
7086361926,2016-01-05 16:00:00.000,0
7086361926,2016-01-05 17:00:00.000,0
7086361926,2016-01-05 18:00:00.000,1105
7086361926,2016-01-05 19:00:00.000,293
7086361926,2016-01-05 20:00:00.000,456
7086361926,2016-01-05 21:00:00.000,144
7086361926,2016-01-05 22:00:00.000,133
7086361926,2016-01-05 23:00:00.000,106
7086361926,2016-02-05 00:00:00.000,0
7086361926,2016-02-05 01:00:00.000,0
7086361926,2016-02-05 02:00:00.000,0
7086361926,2016-02-05 03:00:00.000,0
7086361926,2016-02-05 04:00:00.000,0
7086361926,2016-02-05 05:00:00.000,0
7086361926,2016-02-05 06:00:00.000,74
7086361926,2016-02-05 07:00:00.000,508
7086361926,2016-02-05 08:00:00.000,32
7086361926,2016-02-05 09:00:00.000,187
7086361926,2016-02-05 10:00:00.000,92
7086361926,2016-02-05 11:00:00.000,34
7086361926,2016-02-05 12:00:00.000,229
7086361926,2016-02-05 13:00:00.000,3575
7086361926,2016-02-05 14:00:00.000,0
7086361926,2016-02-05 15:00:00.000,219
7086361926,2016-02-05 16:00:00.000,842
7086361926,2016-02-05 17:00:00.000,1426
7086361926,2016-02-05 18:00:00.000,2592
7086361926,2016-02-05 19:00:00.000,130
7086361926,2016-02-05 20:00:00.000,0
7086361926,2016-02-05 21:00:00.000,0
7086361926,2016-02-05 22:00:00.000,106
7086361926,2016-02-05 23:00:00.000,6
7086361926,2016-03-05 00:00:00.000,0
7086361926,2016-03-05 01:00:00.000,0
7086361926,2016-03-05 02:00:00.000,0
7086361926,2016-03-05 03:00:00.000,0
7086361926,2016-03-05 04:00:00.000,0
7086361926,2016-03-05 05:00:00.000,0
7086361926,2016-03-05 06:00:00.000,13
7086361926,2016-03-05 07:00:00.000,229
7086361926,2016-03-05 08:00:00.000,0
7086361926,2016-03-05 09:00:00.000,213
7086361926,2016-03-05 10:00:00.000,160
7086361926,2016-03-05 11:00:00.000,139
7086361926,2016-03-05 12:00:00.000,151
7086361926,2016-03-05 13:00:00.000,3619
7086361926,2016-03-05 14:00:00.000,210
7086361926,2016-03-05 15:00:00.000,227
7086361926,2016-03-05 16:00:00.000,819
7086361926,2016-03-05 17:00:00.000,1219
7086361926,2016-03-05 18:00:00.000,1889
7086361926,2016-03-05 19:00:00.000,42
7086361926,2016-03-05 20:00:00.000,267
7086361926,2016-03-05 21:00:00.000,628
7086361926,2016-03-05 22:00:00.000,135
7086361926,2016-03-05 23:00:00.000,328
7086361926,2016-04-05 00:00:00.000,0
7086361926,2016-04-05 01:00:00.000,0
7086361926,2016-04-05 02:00:00.000,0
7086361926,2016-04-05 03:00:00.000,0
7086361926,2016-04-05 04:00:00.000,0
7086361926,2016-04-05 05:00:00.000,0
7086361926,2016-04-05 06:00:00.000,20
7086361926,2016-04-05 07:00:00.000,309
7086361926,2016-04-05 08:00:00.000,141
7086361926,2016-04-05 09:00:00.000,48
7086361926,2016-04-05 10:00:00.000,165
7086361926,2016-04-05 11:00:00.000,34
7086361926,2016-04-05 12:00:00.000,317
7086361926,2016-04-05 13:00:00.000,1398
7086361926,2016-04-05 14:00:00.000,39
7086361926,2016-04-05 15:00:00.000,218
7086361926,2016-04-05 16:00:00.000,904
7086361926,2016-04-05 17:00:00.000,6091
7086361926,2016-04-05 18:00:00.000,877
7086361926,2016-04-05 19:00:00.000,262
7086361926,2016-04-05 20:00:00.000,0
7086361926,2016-04-05 21:00:00.000,30
7086361926,2016-04-05 22:00:00.000,127
7086361926,2016-04-05 23:00:00.000,8
7086361926,2016-05-05 00:00:00.000,0
7086361926,2016-05-05 01:00:00.000,0
7086361926,2016-05-05 02:00:00.000,0
7086361926,2016-05-05 03:00:00.000,0
7086361926,2016-05-05 04:00:00.000,0
7086361926,2016-05-05 05:00:00.000,0
7086361926,2016-05-05 06:00:00.000,0
7086361926,2016-05-05 07:00:00.000,389
7086361926,2016-05-05 08:00:00.000,387
7086361926,2016-05-05 09:00:00.000,0
7086361926,2016-05-05 10:00:00.000,157
7086361926,2016-05-05 11:00:00.000,265
7086361926,2016-05-05 12:00:00.000,66
7086361926,2016-05-05 13:00:00.000,4946
7086361926,2016-05-05 14:00:00.000,25
7086361926,2016-05-05 15:00:00.000,71
7086361926,2016-05-05 16:00:00.000,519
7086361926,2016-05-05 17:00:00.000,556
7086361926,2016-05-05 18:00:00.000,187
7086361926,2016-05-05 19:00:00.000,143
7086361926,2016-05-05 20:00:00.000,451
7086361926,2016-05-05 21:00:00.000,82
7086361926,2016-05-05 22:00:00.000,181
7086361926,2016-05-05 23:00:00.000,100
7086361926,2016-06-05 00:00:00.000,45
7086361926,2016-06-05 01:00:00.000,205
7086361926,2016-06-05 02:00:00.000,0
7086361926,2016-06-05 03:00:00.000,0
7086361926,2016-06-05 04:00:00.000,0
7086361926,2016-06-05 05:00:00.000,0
7086361926,2016-06-05 06:00:00.000,17
7086361926,2016-06-05 07:00:00.000,1298
7086361926,2016-06-05 08:00:00.000,255
7086361926,2016-06-05 09:00:00.000,166
7086361926,2016-06-05 10:00:00.000,52
7086361926,2016-06-05 11:00:00.000,67
7086361926,2016-06-05 12:00:00.000,159
7086361926,2016-06-05 13:00:00.000,4869
7086361926,2016-06-05 14:00:00.000,539
7086361926,2016-06-05 15:00:00.000,76
7086361926,2016-06-05 16:00:00.000,1048
7086361926,2016-06-05 17:00:00.000,983
7086361926,2016-06-05 18:00:00.000,2024
7086361926,2016-06-05 19:00:00.000,351
7086361926,2016-06-05 20:00:00.000,288
7086361926,2016-06-05 21:00:00.000,19
7086361926,2016-06-05 22:00:00.000,0
7086361926,2016-06-05 23:00:00.000,0
7086361926,2016-07-05 00:00:00.000,20
7086361926,2016-07-05 01:00:00.000,0
7086361926,2016-07-05 02:00:00.000,0
7086361926,2016-07-05 03:00:00.000,0
7086361926,2016-07-05 04:00:00.000,0
7086361926,2016-07-05 05:00:00.000,0
7086361926,2016-07-05 06:00:00.000,0
7086361926,2016-07-05 07:00:00.000,0
7086361926,2016-07-05 08:00:00.000,0
7086361926,2016-07-05 09:00:00.000,47
7086361926,2016-07-05 10:00:00.000,286
7086361926,2016-07-05 11:00:00.000,544
7086361926,2016-07-05 12:00:00.000,3925
7086361926,2016-07-05 13:00:00.000,1330
7086361926,2016-07-05 14:00:00.000,1724
7086361926,2016-07-05 15:00:00.000,538
7086361926,2016-07-05 16:00:00.000,434
7086361926,2016-07-05 17:00:00.000,886
7086361926,2016-07-05 18:00:00.000,865
7086361926,2016-07-05 19:00:00.000,7
7086361926,2016-07-05 20:00:00.000,336
7086361926,2016-07-05 21:00:00.000,1746
7086361926,2016-07-05 22:00:00.000,133
7086361926,2016-07-05 23:00:00.000,6
7086361926,2016-08-05 00:00:00.000,25
7086361926,2016-08-05 01:00:00.000,0
7086361926,2016-08-05 02:00:00.000,0
7086361926,2016-08-05 03:00:00.000,0
7086361926,2016-08-05 04:00:00.000,0
7086361926,2016-08-05 05:00:00.000,0
7086361926,2016-08-05 06:00:00.000,0
7086361926,2016-08-05 07:00:00.000,7
7086361926,2016-08-05 08:00:00.000,0
7086361926,2016-08-05 09:00:00.000,542
7086361926,2016-08-05 10:00:00.000,0
7086361926,2016-08-05 11:00:00.000,26
7086361926,2016-08-05 12:00:00.000,370
7086361926,2016-08-05 13:00:00.000,86
7086361926,2016-08-05 14:00:00.000,184
7086361926,2016-08-05 15:00:00.000,3428
7086361926,2016-08-05 16:00:00.000,2870
7086361926,2016-08-05 17:00:00.000,1164
7086361926,2016-08-05 18:00:00.000,0
7086361926,2016-08-05 19:00:00.000,377
7086361926,2016-08-05 20:00:00.000,987
7086361926,2016-08-05 21:00:00.000,123
7086361926,2016-08-05 22:00:00.000,121
7086361926,2016-08-05 23:00:00.000,367
7086361926,2016-09-05 00:00:00.000,0
7086361926,2016-09-05 01:00:00.000,0
7086361926,2016-09-05 02:00:00.000,0
7086361926,2016-09-05 03:00:00.000,0
7086361926,2016-09-05 04:00:00.000,0
7086361926,2016-09-05 05:00:00.000,0
7086361926,2016-09-05 06:00:00.000,20
7086361926,2016-09-05 07:00:00.000,286
7086361926,2016-09-05 08:00:00.000,356
7086361926,2016-09-05 09:00:00.000,204
7086361926,2016-09-05 10:00:00.000,32
7086361926,2016-09-05 11:00:00.000,159
7086361926,2016-09-05 12:00:00.000,383
7086361926,2016-09-05 13:00:00.000,5277
7086361926,2016-09-05 14:00:00.000,762
7086361926,2016-09-05 15:00:00.000,51
7086361926,2016-09-05 16:00:00.000,955
7086361926,2016-09-05 17:00:00.000,1120
7086361926,2016-09-05 18:00:00.000,2415
7086361926,2016-09-05 19:00:00.000,968
7086361926,2016-09-05 20:00:00.000,437
7086361926,2016-09-05 21:00:00.000,133
7086361926,2016-09-05 22:00:00.000,0
7086361926,2016-09-05 23:00:00.000,0
7086361926,2016-10-05 00:00:00.000,0
7086361926,2016-10-05 01:00:00.000,0
7086361926,2016-10-05 02:00:00.000,0
7086361926,2016-10-05 03:00:00.000,0
7086361926,2016-10-05 04:00:00.000,0
7086361926,2016-10-05 05:00:00.000,0
7086361926,2016-10-05 06:00:00.000,0
7086361926,2016-10-05 07:00:00.000,296
7086361926,2016-10-05 08:00:00.000,139
7086361926,2016-10-05 09:00:00.000,195
7086361926,2016-10-05 10:00:00.000,177
7086361926,2016-10-05 11:00:00.000,171
7086361926,2016-10-05 12:00:00.000,138
7086361926,2016-10-05 13:00:00.000,4917
7086361926,2016-10-05 14:00:00.000,106
7086361926,2016-10-05 15:00:00.000,42
7086361926,2016-10-05 16:00:00.000,1063
7086361926,2016-10-05 17:00:00.000,6235
7086361926,2016-10-05 18:00:00.000,803
7086361926,2016-10-05 19:00:00.000,63
7086361926,2016-10-05 20:00:00.000,0
7086361926,2016-10-05 21:00:00.000,0
7086361926,2016-10-05 22:00:00.000,62
7086361926,2016-10-05 23:00:00.000,0
7086361926,2016-11-05 00:00:00.000,0
7086361926,2016-11-05 01:00:00.000,6
7086361926,2016-11-05 02:00:00.000,0
7086361926,2016-11-05 03:00:00.000,0
7086361926,2016-11-05 04:00:00.000,0
7086361926,2016-11-05 05:00:00.000,0
7086361926,2016-11-05 06:00:00.000,23
7086361926,2016-11-05 07:00:00.000,278
7086361926,2016-11-05 08:00:00.000,163
7086361926,2016-11-05 09:00:00.000,161
7086361926,2016-11-05 10:00:00.000,162
7086361926,2016-11-05 11:00:00.000,102
7086361926,2016-11-05 12:00:00.000,97
7086361926,2016-11-05 13:00:00.000,3597
7086361926,2016-11-05 14:00:00.000,31
7086361926,2016-11-05 15:00:00.000,13
7086361926,2016-11-05 16:00:00.000,1134
7086361926,2016-11-05 17:00:00.000,1253
7086361926,2016-11-05 18:00:00.000,2155
7086361926,2016-11-05 19:00:00.000,287
7086361926,2016-11-05 20:00:00.000,78
7086361926,2016-11-05 21:00:00.000,0
7086361926,2016-11-05 22:00:00.000,32
7086361926,2016-11-05 23:00:00.000,0
7086361926,2016-12-05 00:00:00.000,0
7086361926,2016-12-05 01:00:00.000,0
7086361926,2016-12-05 02:00:00.000,0
7086361926,2016-12-05 03:00:00.000,0
7086361926,2016-12-05 04:00:00.000,0
7086361926,2016-12-05 05:00:00.000,0
7086361926,2016-12-05 06:00:00.000,0
7086361926,2016-12-05 07:00:00.000,54
7086361926,2016-12-05 08:00:00.000,439
7086361926,2016-12-05 09:00:00.000,0
7086361926,2016-12-05 10:00:00.000,194
7086361926,2016-12-05 11:00:00.000,144
7086361926,2016-12-05 12:00:00.000,201
8053475328,2016-12-04 00:00:00.000,0
8053475328,2016-12-04 01:00:00.000,7
8053475328,2016-12-04 02:00:00.000,283
8053475328,2016-12-04 03:00:00.000,0
8053475328,2016-12-04 04:00:00.000,0
8053475328,2016-12-04 05:00:00.000,0
8053475328,2016-12-04 06:00:00.000,0
8053475328,2016-12-04 07:00:00.000,0
8053475328,2016-12-04 08:00:00.000,0
8053475328,2016-12-04 09:00:00.000,0
8053475328,2016-12-04 10:00:00.000,0
8053475328,2016-12-04 11:00:00.000,197
8053475328,2016-12-04 12:00:00.000,130
8053475328,2016-12-04 13:00:00.000,85
8053475328,2016-12-04 14:00:00.000,4060
8053475328,2016-12-04 15:00:00.000,0
8053475328,2016-12-04 16:00:00.000,101
8053475328,2016-12-04 17:00:00.000,2785
8053475328,2016-12-04 18:00:00.000,2046
8053475328,2016-12-04 19:00:00.000,6773
8053475328,2016-12-04 20:00:00.000,73
8053475328,2016-12-04 21:00:00.000,1218
8053475328,2016-12-04 22:00:00.000,129
8053475328,2016-12-04 23:00:00.000,173
8053475328,2016-04-13 00:00:00.000,4
8053475328,2016-04-13 01:00:00.000,180
8053475328,2016-04-13 02:00:00.000,0
8053475328,2016-04-13 03:00:00.000,0
8053475328,2016-04-13 04:00:00.000,0
8053475328,2016-04-13 05:00:00.000,0
8053475328,2016-04-13 06:00:00.000,0
8053475328,2016-04-13 07:00:00.000,0
8053475328,2016-04-13 08:00:00.000,0
8053475328,2016-04-13 09:00:00.000,0
8053475328,2016-04-13 10:00:00.000,83
8053475328,2016-04-13 11:00:00.000,502
8053475328,2016-04-13 12:00:00.000,201
8053475328,2016-04-13 13:00:00.000,2767
8053475328,2016-04-13 14:00:00.000,1563
8053475328,2016-04-13 15:00:00.000,0
8053475328,2016-04-13 16:00:00.000,311
8053475328,2016-04-13 17:00:00.000,1083
8053475328,2016-04-13 18:00:00.000,1528
8053475328,2016-04-13 19:00:00.000,7643
8053475328,2016-04-13 20:00:00.000,20
8053475328,2016-04-13 21:00:00.000,223
8053475328,2016-04-13 22:00:00.000,208
8053475328,2016-04-13 23:00:00.000,117
8053475328,2016-04-14 00:00:00.000,16
8053475328,2016-04-14 01:00:00.000,0
8053475328,2016-04-14 02:00:00.000,101
8053475328,2016-04-14 03:00:00.000,0
8053475328,2016-04-14 04:00:00.000,0
8053475328,2016-04-14 05:00:00.000,0
8053475328,2016-04-14 06:00:00.000,0
8053475328,2016-04-14 07:00:00.000,0
8053475328,2016-04-14 08:00:00.000,0
8053475328,2016-04-14 09:00:00.000,0
8053475328,2016-04-14 10:00:00.000,452
8053475328,2016-04-14 11:00:00.000,957
8053475328,2016-04-14 12:00:00.000,799
8053475328,2016-04-14 13:00:00.000,1777
8053475328,2016-04-14 14:00:00.000,2559
8053475328,2016-04-14 15:00:00.000,18
8053475328,2016-04-14 16:00:00.000,386
8053475328,2016-04-14 17:00:00.000,430
8053475328,2016-04-14 18:00:00.000,3243
8053475328,2016-04-14 19:00:00.000,5883
8053475328,2016-04-14 20:00:00.000,2708
8053475328,2016-04-14 21:00:00.000,118
8053475328,2016-04-14 22:00:00.000,236
8053475328,2016-04-14 23:00:00.000,406
8053475328,2016-04-15 00:00:00.000,179
8053475328,2016-04-15 01:00:00.000,64
8053475328,2016-04-15 02:00:00.000,53
8053475328,2016-04-15 03:00:00.000,0
8053475328,2016-04-15 04:00:00.000,0
8053475328,2016-04-15 05:00:00.000,0
8053475328,2016-04-15 06:00:00.000,0
8053475328,2016-04-15 07:00:00.000,0
8053475328,2016-04-15 08:00:00.000,0
8053475328,2016-04-15 09:00:00.000,0
8053475328,2016-04-15 10:00:00.000,0
8053475328,2016-04-15 11:00:00.000,216
8053475328,2016-04-15 12:00:00.000,176
8053475328,2016-04-15 13:00:00.000,2600
8053475328,2016-04-15 14:00:00.000,2025
8053475328,2016-04-15 15:00:00.000,193
8053475328,2016-04-15 16:00:00.000,349
8053475328,2016-04-15 17:00:00.000,563
8053475328,2016-04-15 18:00:00.000,3542
8053475328,2016-04-15 19:00:00.000,6834
8053475328,2016-04-15 20:00:00.000,2967
8053475328,2016-04-15 21:00:00.000,138
8053475328,2016-04-15 22:00:00.000,770
8053475328,2016-04-15 23:00:00.000,0
8053475328,2016-04-16 00:00:00.000,0
8053475328,2016-04-16 01:00:00.000,0
8053475328,2016-04-16 02:00:00.000,0
8053475328,2016-04-16 03:00:00.000,58
8053475328,2016-04-16 04:00:00.000,0
8053475328,2016-04-16 05:00:00.000,0
8053475328,2016-04-16 06:00:00.000,0
8053475328,2016-04-16 07:00:00.000,0
8053475328,2016-04-16 08:00:00.000,0
8053475328,2016-04-16 09:00:00.000,0
8053475328,2016-04-16 10:00:00.000,0
8053475328,2016-04-16 11:00:00.000,290
8053475328,2016-04-16 12:00:00.000,186
8053475328,2016-04-16 13:00:00.000,4316
8053475328,2016-04-16 14:00:00.000,80
8053475328,2016-04-16 15:00:00.000,94
8053475328,2016-04-16 16:00:00.000,44
8053475328,2016-04-16 17:00:00.000,109
8053475328,2016-04-16 18:00:00.000,275
8053475328,2016-04-16 19:00:00.000,7529
8053475328,2016-04-16 20:00:00.000,1195
8053475328,2016-04-16 21:00:00.000,147
8053475328,2016-04-16 22:00:00.000,226
8053475328,2016-04-16 23:00:00.000,0
8053475328,2016-04-17 00:00:00.000,0
8053475328,2016-04-17 01:00:00.000,0
8053475328,2016-04-17 02:00:00.000,0
8053475328,2016-04-17 03:00:00.000,0
8053475328,2016-04-17 04:00:00.000,53
8053475328,2016-04-17 05:00:00.000,0
8053475328,2016-04-17 06:00:00.000,0
8053475328,2016-04-17 07:00:00.000,0
8053475328,2016-04-17 08:00:00.000,0
8053475328,2016-04-17 09:00:00.000,0
8053475328,2016-04-17 10:00:00.000,0
8053475328,2016-04-17 11:00:00.000,0
8053475328,2016-04-17 12:00:00.000,0
8053475328,2016-04-17 13:00:00.000,172
8053475328,2016-04-17 14:00:00.000,2835
8053475328,2016-04-17 15:00:00.000,2362
8053475328,2016-04-17 16:00:00.000,189
8053475328,2016-04-17 17:00:00.000,657
8053475328,2016-04-17 18:00:00.000,770
8053475328,2016-04-17 19:00:00.000,4570
8053475328,2016-04-17 20:00:00.000,513
8053475328,2016-04-17 21:00:00.000,1789
8053475328,2016-04-17 22:00:00.000,3463
8053475328,2016-04-17 23:00:00.000,1454
8053475328,2016-04-18 00:00:00.000,43
8053475328,2016-04-18 01:00:00.000,309
8053475328,2016-04-18 02:00:00.000,49
8053475328,2016-04-18 03:00:00.000,0
8053475328,2016-04-18 04:00:00.000,0
8053475328,2016-04-18 05:00:00.000,0
8053475328,2016-04-18 06:00:00.000,0
8053475328,2016-04-18 07:00:00.000,0
8053475328,2016-04-18 08:00:00.000,0
8053475328,2016-04-18 09:00:00.000,0
8053475328,2016-04-18 10:00:00.000,0
8053475328,2016-04-18 11:00:00.000,542
8053475328,2016-04-18 12:00:00.000,445
8053475328,2016-04-18 13:00:00.000,4134
8053475328,2016-04-18 14:00:00.000,280
8053475328,2016-04-18 15:00:00.000,244
8053475328,2016-04-18 16:00:00.000,0
8053475328,2016-04-18 17:00:00.000,444
8053475328,2016-04-18 18:00:00.000,639
8053475328,2016-04-18 19:00:00.000,4554
8053475328,2016-04-18 20:00:00.000,24
8053475328,2016-04-18 21:00:00.000,1169
8053475328,2016-04-18 22:00:00.000,3973
8053475328,2016-04-18 23:00:00.000,227
8053475328,2016-04-19 00:00:00.000,158
8053475328,2016-04-19 01:00:00.000,203
8053475328,2016-04-19 02:00:00.000,0
8053475328,2016-04-19 03:00:00.000,0
8053475328,2016-04-19 04:00:00.000,0
8053475328,2016-04-19 05:00:00.000,0
8053475328,2016-04-19 06:00:00.000,0
8053475328,2016-04-19 07:00:00.000,0
8053475328,2016-04-19 08:00:00.000,0
8053475328,2016-04-19 09:00:00.000,0
8053475328,2016-04-19 10:00:00.000,0
8053475328,2016-04-19 11:00:00.000,269
8053475328,2016-04-19 12:00:00.000,463
8053475328,2016-04-19 13:00:00.000,194
8053475328,2016-04-19 14:00:00.000,133
8053475328,2016-04-19 15:00:00.000,1293
8053475328,2016-04-19 16:00:00.000,3116
8053475328,2016-04-19 17:00:00.000,14
8053475328,2016-04-19 18:00:00.000,645
8053475328,2016-04-19 19:00:00.000,4177
8053475328,2016-04-19 20:00:00.000,7
8053475328,2016-04-19 21:00:00.000,1511
8053475328,2016-04-19 22:00:00.000,3619
8053475328,2016-04-19 23:00:00.000,127
8053475328,2016-04-20 00:00:00.000,15
8053475328,2016-04-20 01:00:00.000,100
8053475328,2016-04-20 02:00:00.000,51
8053475328,2016-04-20 03:00:00.000,0
8053475328,2016-04-20 04:00:00.000,0
8053475328,2016-04-20 05:00:00.000,0
8053475328,2016-04-20 06:00:00.000,0
8053475328,2016-04-20 07:00:00.000,0
8053475328,2016-04-20 08:00:00.000,0
8053475328,2016-04-20 09:00:00.000,0
8053475328,2016-04-20 10:00:00.000,104
8053475328,2016-04-20 11:00:00.000,307
8053475328,2016-04-20 12:00:00.000,17
8053475328,2016-04-20 13:00:00.000,344
8053475328,2016-04-20 14:00:00.000,3875
8053475328,2016-04-20 15:00:00.000,239
8053475328,2016-04-20 16:00:00.000,158
8053475328,2016-04-20 17:00:00.000,433
8053475328,2016-04-20 18:00:00.000,1144
8053475328,2016-04-20 19:00:00.000,3166
8053475328,2016-04-20 20:00:00.000,13
8053475328,2016-04-20 21:00:00.000,775
8053475328,2016-04-20 22:00:00.000,4206
8053475328,2016-04-20 23:00:00.000,161
8053475328,2016-04-21 00:00:00.000,0
8053475328,2016-04-21 01:00:00.000,186
8053475328,2016-04-21 02:00:00.000,82
8053475328,2016-04-21 03:00:00.000,0
8053475328,2016-04-21 04:00:00.000,0
8053475328,2016-04-21 05:00:00.000,0
8053475328,2016-04-21 06:00:00.000,0
8053475328,2016-04-21 07:00:00.000,0
8053475328,2016-04-21 08:00:00.000,0
8053475328,2016-04-21 09:00:00.000,0
8053475328,2016-04-21 10:00:00.000,224
8053475328,2016-04-21 11:00:00.000,194
8053475328,2016-04-21 12:00:00.000,246
8053475328,2016-04-21 13:00:00.000,815
8053475328,2016-04-21 14:00:00.000,3411
8053475328,2016-04-21 15:00:00.000,126
8053475328,2016-04-21 16:00:00.000,190
8053475328,2016-04-21 17:00:00.000,531
8053475328,2016-04-21 18:00:00.000,602
8053475328,2016-04-21 19:00:00.000,4308
8053475328,2016-04-21 20:00:00.000,0
8053475328,2016-04-21 21:00:00.000,625
8053475328,2016-04-21 22:00:00.000,4407
8053475328,2016-04-21 23:00:00.000,102
8053475328,2016-04-22 00:00:00.000,18
8053475328,2016-04-22 01:00:00.000,50
8053475328,2016-04-22 02:00:00.000,142
8053475328,2016-04-22 03:00:00.000,0
8053475328,2016-04-22 04:00:00.000,0
8053475328,2016-04-22 05:00:00.000,0
8053475328,2016-04-22 06:00:00.000,0
8053475328,2016-04-22 07:00:00.000,0
8053475328,2016-04-22 08:00:00.000,0
8053475328,2016-04-22 09:00:00.000,0
8053475328,2016-04-22 10:00:00.000,0
8053475328,2016-04-22 11:00:00.000,111
8053475328,2016-04-22 12:00:00.000,34
8053475328,2016-04-22 13:00:00.000,4019
8053475328,2016-04-22 14:00:00.000,14
8053475328,2016-04-22 15:00:00.000,171
8053475328,2016-04-22 16:00:00.000,216
8053475328,2016-04-22 17:00:00.000,109
8053475328,2016-04-22 18:00:00.000,112
8053475328,2016-04-22 19:00:00.000,396
8053475328,2016-04-22 20:00:00.000,4147
8053475328,2016-04-22 21:00:00.000,0
8053475328,2016-04-22 22:00:00.000,696
8053475328,2016-04-22 23:00:00.000,285
8053475328,2016-04-23 00:00:00.000,68
8053475328,2016-04-23 01:00:00.000,0
8053475328,2016-04-23 02:00:00.000,0
8053475328,2016-04-23 03:00:00.000,212
8053475328,2016-04-23 04:00:00.000,0
8053475328,2016-04-23 05:00:00.000,0
8053475328,2016-04-23 06:00:00.000,0
8053475328,2016-04-23 07:00:00.000,0
8053475328,2016-04-23 08:00:00.000,0
8053475328,2016-04-23 09:00:00.000,0
8053475328,2016-04-23 10:00:00.000,0
8053475328,2016-04-23 11:00:00.000,0
8053475328,2016-04-23 12:00:00.000,171
8053475328,2016-04-23 13:00:00.000,4083
8053475328,2016-04-23 14:00:00.000,4669
8053475328,2016-04-23 15:00:00.000,181
8053475328,2016-04-23 16:00:00.000,430
8053475328,2016-04-23 17:00:00.000,1272
8053475328,2016-04-23 18:00:00.000,969
8053475328,2016-04-23 19:00:00.000,4550
8053475328,2016-04-23 20:00:00.000,500
8053475328,2016-04-23 21:00:00.000,869
8053475328,2016-04-23 22:00:00.000,4214
8053475328,2016-04-23 23:00:00.000,171
8053475328,2016-04-24 00:00:00.000,4
8053475328,2016-04-24 01:00:00.000,101
8053475328,2016-04-24 02:00:00.000,139
8053475328,2016-04-24 03:00:00.000,0
8053475328,2016-04-24 04:00:00.000,0
8053475328,2016-04-24 05:00:00.000,0
8053475328,2016-04-24 06:00:00.000,0
8053475328,2016-04-24 07:00:00.000,0
8053475328,2016-04-24 08:00:00.000,0
8053475328,2016-04-24 09:00:00.000,0
8053475328,2016-04-24 10:00:00.000,0
8053475328,2016-04-24 11:00:00.000,0
8053475328,2016-04-24 12:00:00.000,0
8053475328,2016-04-24 13:00:00.000,539
8053475328,2016-04-24 14:00:00.000,5689
8053475328,2016-04-24 15:00:00.000,3604
8053475328,2016-04-24 16:00:00.000,2777
8053475328,2016-04-24 17:00:00.000,804
8053475328,2016-04-24 18:00:00.000,4340
8053475328,2016-04-24 19:00:00.000,310
8053475328,2016-04-24 20:00:00.000,135
8053475328,2016-04-24 21:00:00.000,4400
8053475328,2016-04-24 22:00:00.000,134
8053475328,2016-04-24 23:00:00.000,12
8053475328,2016-04-25 00:00:00.000,0
8053475328,2016-04-25 01:00:00.000,108
8053475328,2016-04-25 02:00:00.000,0
8053475328,2016-04-25 03:00:00.000,0
8053475328,2016-04-25 04:00:00.000,0
8053475328,2016-04-25 05:00:00.000,0
8053475328,2016-04-25 06:00:00.000,0
8053475328,2016-04-25 07:00:00.000,0
8053475328,2016-04-25 08:00:00.000,0
8053475328,2016-04-25 09:00:00.000,0
8053475328,2016-04-25 10:00:00.000,602
8053475328,2016-04-25 11:00:00.000,945
8053475328,2016-04-25 12:00:00.000,265
8053475328,2016-04-25 13:00:00.000,1893
8053475328,2016-04-25 14:00:00.000,2517
8053475328,2016-04-25 15:00:00.000,89
8053475328,2016-04-25 16:00:00.000,398
8053475328,2016-04-25 17:00:00.000,2945
8053475328,2016-04-25 18:00:00.000,1289
8053475328,2016-04-25 19:00:00.000,4219
8053475328,2016-04-25 20:00:00.000,253
8053475328,2016-04-25 21:00:00.000,3034
8053475328,2016-04-25 22:00:00.000,1936
8053475328,2016-04-25 23:00:00.000,7
8053475328,2016-04-26 00:00:00.000,95
8053475328,2016-04-26 01:00:00.000,146
8053475328,2016-04-26 02:00:00.000,140
8053475328,2016-04-26 03:00:00.000,0
8053475328,2016-04-26 04:00:00.000,0
8053475328,2016-04-26 05:00:00.000,0
8053475328,2016-04-26 06:00:00.000,0
8053475328,2016-04-26 07:00:00.000,0
8053475328,2016-04-26 08:00:00.000,0
8053475328,2016-04-26 09:00:00.000,0
8053475328,2016-04-26 10:00:00.000,321
8053475328,2016-04-26 11:00:00.000,210
8053475328,2016-04-26 12:00:00.000,1042
8053475328,2016-04-26 13:00:00.000,4083
8053475328,2016-04-26 14:00:00.000,127
8053475328,2016-04-26 15:00:00.000,430
8053475328,2016-04-26 16:00:00.000,128
8053475328,2016-04-26 17:00:00.000,318
8053475328,2016-04-26 18:00:00.000,3864
8053475328,2016-04-26 19:00:00.000,421
8053475328,2016-04-26 20:00:00.000,9
8053475328,2016-04-26 21:00:00.000,566
8053475328,2016-04-26 22:00:00.000,514
8053475328,2016-04-26 23:00:00.000,271
8053475328,2016-04-27 00:00:00.000,0
8053475328,2016-04-27 01:00:00.000,74
8053475328,2016-04-27 02:00:00.000,276
8053475328,2016-04-27 03:00:00.000,0
8053475328,2016-04-27 04:00:00.000,0
8053475328,2016-04-27 05:00:00.000,0
8053475328,2016-04-27 06:00:00.000,0
8053475328,2016-04-27 07:00:00.000,0
8053475328,2016-04-27 08:00:00.000,0
8053475328,2016-04-27 09:00:00.000,0
8053475328,2016-04-27 10:00:00.000,44
8053475328,2016-04-27 11:00:00.000,399
8053475328,2016-04-27 12:00:00.000,457
8053475328,2016-04-27 13:00:00.000,2681
8053475328,2016-04-27 14:00:00.000,1643
8053475328,2016-04-27 15:00:00.000,0
8053475328,2016-04-27 16:00:00.000,81
8053475328,2016-04-27 17:00:00.000,571
8053475328,2016-04-27 18:00:00.000,224
8053475328,2016-04-27 19:00:00.000,4195
8053475328,2016-04-27 20:00:00.000,0
8053475328,2016-04-27 21:00:00.000,885
8053475328,2016-04-27 22:00:00.000,387
8053475328,2016-04-27 23:00:00.000,505
8053475328,2016-04-28 00:00:00.000,0
8053475328,2016-04-28 01:00:00.000,0
8053475328,2016-04-28 02:00:00.000,0
8053475328,2016-04-28 03:00:00.000,0
8053475328,2016-04-28 04:00:00.000,0
8053475328,2016-04-28 05:00:00.000,0
8053475328,2016-04-28 06:00:00.000,0
8053475328,2016-04-28 07:00:00.000,0
8053475328,2016-04-28 08:00:00.000,0
8053475328,2016-04-28 09:00:00.000,0
8053475328,2016-04-28 10:00:00.000,0
8053475328,2016-04-28 11:00:00.000,229
8053475328,2016-04-28 12:00:00.000,825
8053475328,2016-04-28 13:00:00.000,1413
8053475328,2016-04-28 14:00:00.000,2896
8053475328,2016-04-28 15:00:00.000,116
8053475328,2016-04-28 16:00:00.000,319
8053475328,2016-04-28 17:00:00.000,138
8053475328,2016-04-28 18:00:00.000,316
8053475328,2016-04-28 19:00:00.000,4134
8053475328,2016-04-28 20:00:00.000,9
8053475328,2016-04-28 21:00:00.000,646
8053475328,2016-04-28 22:00:00.000,4183
8053475328,2016-04-28 23:00:00.000,223
8053475328,2016-04-29 00:00:00.000,81
8053475328,2016-04-29 01:00:00.000,0
8053475328,2016-04-29 02:00:00.000,261
8053475328,2016-04-29 03:00:00.000,0
8053475328,2016-04-29 04:00:00.000,0
8053475328,2016-04-29 05:00:00.000,0
8053475328,2016-04-29 06:00:00.000,0
8053475328,2016-04-29 07:00:00.000,0
8053475328,2016-04-29 08:00:00.000,0
8053475328,2016-04-29 09:00:00.000,0
8053475328,2016-04-29 10:00:00.000,0
8053475328,2016-04-29 11:00:00.000,237
8053475328,2016-04-29 12:00:00.000,636
8053475328,2016-04-29 13:00:00.000,231
8053475328,2016-04-29 14:00:00.000,4316
8053475328,2016-04-29 15:00:00.000,175
8053475328,2016-04-29 16:00:00.000,210
8053475328,2016-04-29 17:00:00.000,627
8053475328,2016-04-29 18:00:00.000,2405
8053475328,2016-04-29 19:00:00.000,1968
8053475328,2016-04-29 20:00:00.000,162
8053475328,2016-04-29 21:00:00.000,662
8053475328,2016-04-29 22:00:00.000,265
8053475328,2016-04-29 23:00:00.000,79
8053475328,2016-04-30 00:00:00.000,39
8053475328,2016-04-30 01:00:00.000,255
8053475328,2016-04-30 02:00:00.000,5
8053475328,2016-04-30 03:00:00.000,0
8053475328,2016-04-30 04:00:00.000,290
8053475328,2016-04-30 05:00:00.000,0
8053475328,2016-04-30 06:00:00.000,0
8053475328,2016-04-30 07:00:00.000,0
8053475328,2016-04-30 08:00:00.000,0
8053475328,2016-04-30 09:00:00.000,0
8053475328,2016-04-30 10:00:00.000,0
8053475328,2016-04-30 11:00:00.000,0
8053475328,2016-04-30 12:00:00.000,313
8053475328,2016-04-30 13:00:00.000,0
8053475328,2016-04-30 14:00:00.000,7
8053475328,2016-04-30 15:00:00.000,3851
8053475328,2016-04-30 16:00:00.000,1153
8053475328,2016-04-30 17:00:00.000,813
8053475328,2016-04-30 18:00:00.000,25
8053475328,2016-04-30 19:00:00.000,174
8053475328,2016-04-30 20:00:00.000,64
8053475328,2016-04-30 21:00:00.000,14
8053475328,2016-04-30 22:00:00.000,112
8053475328,2016-04-30 23:00:00.000,20
8053475328,2016-01-05 00:00:00.000,0
8053475328,2016-01-05 01:00:00.000,0
8053475328,2016-01-05 02:00:00.000,0
8053475328,2016-01-05 03:00:00.000,0
8053475328,2016-01-05 04:00:00.000,0
8053475328,2016-01-05 05:00:00.000,0
8053475328,2016-01-05 06:00:00.000,0
8053475328,2016-01-05 07:00:00.000,202
8053475328,2016-01-05 08:00:00.000,0
8053475328,2016-01-05 09:00:00.000,0
8053475328,2016-01-05 10:00:00.000,0
8053475328,2016-01-05 11:00:00.000,0
8053475328,2016-01-05 12:00:00.000,0
8053475328,2016-01-05 13:00:00.000,176
8053475328,2016-01-05 14:00:00.000,382
8053475328,2016-01-05 15:00:00.000,410
8053475328,2016-01-05 16:00:00.000,0
8053475328,2016-01-05 17:00:00.000,0
8053475328,2016-01-05 18:00:00.000,0
8053475328,2016-01-05 19:00:00.000,0
8053475328,2016-01-05 20:00:00.000,0
8053475328,2016-01-05 21:00:00.000,0
8053475328,2016-01-05 22:00:00.000,0
8053475328,2016-01-05 23:00:00.000,0
8053475328,2016-02-05 00:00:00.000,0
8053475328,2016-02-05 01:00:00.000,0
8053475328,2016-02-05 02:00:00.000,0
8053475328,2016-02-05 03:00:00.000,0
8053475328,2016-02-05 04:00:00.000,0
8053475328,2016-02-05 05:00:00.000,0
8053475328,2016-02-05 06:00:00.000,124
8053475328,2016-02-05 07:00:00.000,0
8053475328,2016-02-05 08:00:00.000,0
8053475328,2016-02-05 09:00:00.000,0
8053475328,2016-02-05 10:00:00.000,0
8053475328,2016-02-05 11:00:00.000,0
8053475328,2016-02-05 12:00:00.000,0
8053475328,2016-02-05 13:00:00.000,0
8053475328,2016-02-05 14:00:00.000,0
8053475328,2016-02-05 15:00:00.000,0
8053475328,2016-02-05 16:00:00.000,0
8053475328,2016-02-05 17:00:00.000,87
8053475328,2016-02-05 18:00:00.000,663
8053475328,2016-02-05 19:00:00.000,721
8053475328,2016-02-05 20:00:00.000,49
8053475328,2016-02-05 21:00:00.000,58
8053475328,2016-02-05 22:00:00.000,147
8053475328,2016-02-05 23:00:00.000,120
8053475328,2016-03-05 00:00:00.000,316
8053475328,2016-03-05 01:00:00.000,147
8053475328,2016-03-05 02:00:00.000,0
8053475328,2016-03-05 03:00:00.000,0
8053475328,2016-03-05 04:00:00.000,0
8053475328,2016-03-05 05:00:00.000,0
8053475328,2016-03-05 06:00:00.000,0
8053475328,2016-03-05 07:00:00.000,0
8053475328,2016-03-05 08:00:00.000,0
8053475328,2016-03-05 09:00:00.000,0
8053475328,2016-03-05 10:00:00.000,0
8053475328,2016-03-05 11:00:00.000,0
8053475328,2016-03-05 12:00:00.000,273
8053475328,2016-03-05 13:00:00.000,156
8053475328,2016-03-05 14:00:00.000,4407
8053475328,2016-03-05 15:00:00.000,359
8053475328,2016-03-05 16:00:00.000,509
8053475328,2016-03-05 17:00:00.000,3934
8053475328,2016-03-05 18:00:00.000,502
8053475328,2016-03-05 19:00:00.000,3641
8053475328,2016-03-05 20:00:00.000,601
8053475328,2016-03-05 21:00:00.000,383
8053475328,2016-03-05 22:00:00.000,256
8053475328,2016-03-05 23:00:00.000,0
8053475328,2016-04-05 00:00:00.000,66
8053475328,2016-04-05 01:00:00.000,0
8053475328,2016-04-05 02:00:00.000,180
8053475328,2016-04-05 03:00:00.000,0
8053475328,2016-04-05 04:00:00.000,0
8053475328,2016-04-05 05:00:00.000,0
8053475328,2016-04-05 06:00:00.000,0
8053475328,2016-04-05 07:00:00.000,0
8053475328,2016-04-05 08:00:00.000,0
8053475328,2016-04-05 09:00:00.000,0
8053475328,2016-04-05 10:00:00.000,0
8053475328,2016-04-05 11:00:00.000,0
8053475328,2016-04-05 12:00:00.000,395
8053475328,2016-04-05 13:00:00.000,138
8053475328,2016-04-05 14:00:00.000,4075
8053475328,2016-04-05 15:00:00.000,159
8053475328,2016-04-05 16:00:00.000,354
8053475328,2016-04-05 17:00:00.000,20
8053475328,2016-04-05 18:00:00.000,127
8053475328,2016-04-05 19:00:00.000,3961
8053475328,2016-04-05 20:00:00.000,37
8053475328,2016-04-05 21:00:00.000,2853
8053475328,2016-04-05 22:00:00.000,2135
8053475328,2016-04-05 23:00:00.000,63
8053475328,2016-05-05 00:00:00.000,25
8053475328,2016-05-05 01:00:00.000,0
8053475328,2016-05-05 02:00:00.000,59
8053475328,2016-05-05 03:00:00.000,0
8053475328,2016-05-05 04:00:00.000,0
8053475328,2016-05-05 05:00:00.000,0
8053475328,2016-05-05 06:00:00.000,0
8053475328,2016-05-05 07:00:00.000,0
8053475328,2016-05-05 08:00:00.000,0
8053475328,2016-05-05 09:00:00.000,0
8053475328,2016-05-05 10:00:00.000,0
8053475328,2016-05-05 11:00:00.000,143
8053475328,2016-05-05 12:00:00.000,532
8053475328,2016-05-05 13:00:00.000,222
8053475328,2016-05-05 14:00:00.000,3848
8053475328,2016-05-05 15:00:00.000,175
8053475328,2016-05-05 16:00:00.000,67
8053475328,2016-05-05 17:00:00.000,270
8053475328,2016-05-05 18:00:00.000,576
8053475328,2016-05-05 19:00:00.000,4501
8053475328,2016-05-05 20:00:00.000,13
8053475328,2016-05-05 21:00:00.000,4119
8053475328,2016-05-05 22:00:00.000,440
8053475328,2016-05-05 23:00:00.000,0
8053475328,2016-06-05 00:00:00.000,64
8053475328,2016-06-05 01:00:00.000,77
8053475328,2016-06-05 02:00:00.000,82
8053475328,2016-06-05 03:00:00.000,0
8053475328,2016-06-05 04:00:00.000,0
8053475328,2016-06-05 05:00:00.000,0
8053475328,2016-06-05 06:00:00.000,0
8053475328,2016-06-05 07:00:00.000,0
8053475328,2016-06-05 08:00:00.000,0
8053475328,2016-06-05 09:00:00.000,0
8053475328,2016-06-05 10:00:00.000,0
8053475328,2016-06-05 11:00:00.000,0
8053475328,2016-06-05 12:00:00.000,0
8053475328,2016-06-05 13:00:00.000,240
8053475328,2016-06-05 14:00:00.000,4251
8053475328,2016-06-05 15:00:00.000,0
8053475328,2016-06-05 16:00:00.000,0
8053475328,2016-06-05 17:00:00.000,81
8053475328,2016-06-05 18:00:00.000,184
8053475328,2016-06-05 19:00:00.000,4010
8053475328,2016-06-05 20:00:00.000,0
8053475328,2016-06-05 21:00:00.000,1532
8053475328,2016-06-05 22:00:00.000,3395
8053475328,2016-06-05 23:00:00.000,37
8053475328,2016-07-05 00:00:00.000,80
8053475328,2016-07-05 01:00:00.000,0
8053475328,2016-07-05 02:00:00.000,0
8053475328,2016-07-05 03:00:00.000,0
8053475328,2016-07-05 04:00:00.000,58
8053475328,2016-07-05 05:00:00.000,0
8053475328,2016-07-05 06:00:00.000,0
8053475328,2016-07-05 07:00:00.000,0
8053475328,2016-07-05 08:00:00.000,0
8053475328,2016-07-05 09:00:00.000,0
8053475328,2016-07-05 10:00:00.000,0
8053475328,2016-07-05 11:00:00.000,0
8053475328,2016-07-05 12:00:00.000,0
8053475328,2016-07-05 13:00:00.000,179
8053475328,2016-07-05 14:00:00.000,3349
8053475328,2016-07-05 15:00:00.000,980
8053475328,2016-07-05 16:00:00.000,4746
8053475328,2016-07-05 17:00:00.000,2344
8053475328,2016-07-05 18:00:00.000,606
8053475328,2016-07-05 19:00:00.000,4255
8053475328,2016-07-05 20:00:00.000,0
8053475328,2016-07-05 21:00:00.000,970
8053475328,2016-07-05 22:00:00.000,2070
8053475328,2016-07-05 23:00:00.000,132
8053475328,2016-08-05 00:00:00.000,230
8053475328,2016-08-05 01:00:00.000,8
8053475328,2016-08-05 02:00:00.000,87
8053475328,2016-08-05 03:00:00.000,19
8053475328,2016-08-05 04:00:00.000,157
8053475328,2016-08-05 05:00:00.000,0
8053475328,2016-08-05 06:00:00.000,0
8053475328,2016-08-05 07:00:00.000,0
8053475328,2016-08-05 08:00:00.000,0
8053475328,2016-08-05 09:00:00.000,0
8053475328,2016-08-05 10:00:00.000,0
8053475328,2016-08-05 11:00:00.000,0
8053475328,2016-08-05 12:00:00.000,177
8053475328,2016-08-05 13:00:00.000,6
8053475328,2016-08-05 14:00:00.000,4214
8053475328,2016-08-05 15:00:00.000,575
8053475328,2016-08-05 16:00:00.000,919
8053475328,2016-08-05 17:00:00.000,1310
8053475328,2016-08-05 18:00:00.000,910
8053475328,2016-08-05 19:00:00.000,4336
8053475328,2016-08-05 20:00:00.000,143
8053475328,2016-08-05 21:00:00.000,7617
8053475328,2016-08-05 22:00:00.000,1255
8053475328,2016-08-05 23:00:00.000,63
8053475328,2016-09-05 00:00:00.000,0
8053475328,2016-09-05 01:00:00.000,50
8053475328,2016-09-05 02:00:00.000,0
8053475328,2016-09-05 03:00:00.000,34
8053475328,2016-09-05 04:00:00.000,0
8053475328,2016-09-05 05:00:00.000,0
8053475328,2016-09-05 06:00:00.000,0
8053475328,2016-09-05 07:00:00.000,0
8053475328,2016-09-05 08:00:00.000,0
8053475328,2016-09-05 09:00:00.000,0
8053475328,2016-09-05 10:00:00.000,0
8053475328,2016-09-05 11:00:00.000,0
8053475328,2016-09-05 12:00:00.000,532
8053475328,2016-09-05 13:00:00.000,1580
8053475328,2016-09-05 14:00:00.000,4983
8053475328,2016-09-05 15:00:00.000,81
8053475328,2016-09-05 16:00:00.000,140
8053475328,2016-09-05 17:00:00.000,198
8053475328,2016-09-05 18:00:00.000,4074
8053475328,2016-09-05 19:00:00.000,15
8053475328,2016-09-05 20:00:00.000,7
8053475328,2016-09-05 21:00:00.000,693
8053475328,2016-09-05 22:00:00.000,25
8053475328,2016-09-05 23:00:00.000,53
8053475328,2016-10-05 00:00:00.000,20
8053475328,2016-10-05 01:00:00.000,0
8053475328,2016-10-05 02:00:00.000,162
8053475328,2016-10-05 03:00:00.000,0
8053475328,2016-10-05 04:00:00.000,0
8053475328,2016-10-05 05:00:00.000,0
8053475328,2016-10-05 06:00:00.000,0
8053475328,2016-10-05 07:00:00.000,0
8053475328,2016-10-05 08:00:00.000,0
8053475328,2016-10-05 09:00:00.000,0
8053475328,2016-10-05 10:00:00.000,0
8053475328,2016-10-05 11:00:00.000,115
8053475328,2016-10-05 12:00:00.000,71
8053475328,2016-10-05 13:00:00.000,3485
8053475328,2016-10-05 14:00:00.000,666
8053475328,2016-10-05 15:00:00.000,234
8053475328,2016-10-05 16:00:00.000,349
8053475328,2016-10-05 17:00:00.000,4496
8053475328,2016-10-05 18:00:00.000,1641
8053475328,2016-10-05 19:00:00.000,2755
8053475328,2016-10-05 20:00:00.000,4
8053475328,2016-10-05 21:00:00.000,545
8053475328,2016-10-05 22:00:00.000,126
8053475328,2016-10-05 23:00:00.000,141
8053475328,2016-11-05 00:00:00.000,55
8053475328,2016-11-05 01:00:00.000,5
8053475328,2016-11-05 02:00:00.000,11
8053475328,2016-11-05 03:00:00.000,8
8053475328,2016-11-05 04:00:00.000,98
8053475328,2016-11-05 05:00:00.000,0
8053475328,2016-11-05 06:00:00.000,0
8053475328,2016-11-05 07:00:00.000,0
8053475328,2016-11-05 08:00:00.000,0
8053475328,2016-11-05 09:00:00.000,0
8053475328,2016-11-05 10:00:00.000,0
8053475328,2016-11-05 11:00:00.000,44
8053475328,2016-11-05 12:00:00.000,662
8053475328,2016-11-05 13:00:00.000,309
8053475328,2016-11-05 14:00:00.000,2789
8053475328,2016-11-05 15:00:00.000,1699
8053475328,2016-11-05 16:00:00.000,770
8053475328,2016-11-05 17:00:00.000,730
8053475328,2016-11-05 18:00:00.000,3960
8053475328,2016-11-05 19:00:00.000,8
8053475328,2016-11-05 20:00:00.000,0
8053475328,2016-11-05 21:00:00.000,896
8053475328,2016-11-05 22:00:00.000,49
8053475328,2016-11-05 23:00:00.000,116
8053475328,2016-12-05 00:00:00.000,33
8053475328,2016-12-05 01:00:00.000,0
8053475328,2016-12-05 02:00:00.000,109
8053475328,2016-12-05 03:00:00.000,0
8053475328,2016-12-05 04:00:00.000,0
8053475328,2016-12-05 05:00:00.000,0
8053475328,2016-12-05 06:00:00.000,0
8053475328,2016-12-05 07:00:00.000,0
8053475328,2016-12-05 08:00:00.000,0
8053475328,2016-12-05 09:00:00.000,0
8053475328,2016-12-05 10:00:00.000,0
8053475328,2016-12-05 11:00:00.000,0
8053475328,2016-12-05 12:00:00.000,487
8053475328,2016-12-05 13:00:00.000,0
8053475328,2016-12-05 14:00:00.000,4266
8253242879,2016-12-04 00:00:00.000,0
8253242879,2016-12-04 01:00:00.000,0
8253242879,2016-12-04 02:00:00.000,0
8253242879,2016-12-04 03:00:00.000,0
8253242879,2016-12-04 04:00:00.000,0
8253242879,2016-12-04 05:00:00.000,0
8253242879,2016-12-04 06:00:00.000,0
8253242879,2016-12-04 07:00:00.000,0
8253242879,2016-12-04 08:00:00.000,0
8253242879,2016-12-04 09:00:00.000,0
8253242879,2016-12-04 10:00:00.000,5007
8253242879,2016-12-04 11:00:00.000,1791
8253242879,2016-12-04 12:00:00.000,463
8253242879,2016-12-04 13:00:00.000,64
8253242879,2016-12-04 14:00:00.000,332
8253242879,2016-12-04 15:00:00.000,32
8253242879,2016-12-04 16:00:00.000,266
8253242879,2016-12-04 17:00:00.000,269
8253242879,2016-12-04 18:00:00.000,126
8253242879,2016-12-04 19:00:00.000,105
8253242879,2016-12-04 20:00:00.000,142
8253242879,2016-12-04 21:00:00.000,106
8253242879,2016-12-04 22:00:00.000,167
8253242879,2016-12-04 23:00:00.000,163
8253242879,2016-04-13 00:00:00.000,0
8253242879,2016-04-13 01:00:00.000,0
8253242879,2016-04-13 02:00:00.000,0
8253242879,2016-04-13 03:00:00.000,0
8253242879,2016-04-13 04:00:00.000,0
8253242879,2016-04-13 05:00:00.000,0
8253242879,2016-04-13 06:00:00.000,0
8253242879,2016-04-13 07:00:00.000,0
8253242879,2016-04-13 08:00:00.000,0
8253242879,2016-04-13 09:00:00.000,0
8253242879,2016-04-13 10:00:00.000,0
8253242879,2016-04-13 11:00:00.000,52
8253242879,2016-04-13 12:00:00.000,6291
8253242879,2016-04-13 13:00:00.000,367
8253242879,2016-04-13 14:00:00.000,177
8253242879,2016-04-13 15:00:00.000,317
8253242879,2016-04-13 16:00:00.000,13
8253242879,2016-04-13 17:00:00.000,207
8253242879,2016-04-13 18:00:00.000,0
8253242879,2016-04-13 19:00:00.000,22
8253242879,2016-04-13 20:00:00.000,142
8253242879,2016-04-13 21:00:00.000,204
8253242879,2016-04-13 22:00:00.000,98
8253242879,2016-04-13 23:00:00.000,163
8253242879,2016-04-14 00:00:00.000,0
8253242879,2016-04-14 01:00:00.000,0
8253242879,2016-04-14 02:00:00.000,0
8253242879,2016-04-14 03:00:00.000,0
8253242879,2016-04-14 04:00:00.000,0
8253242879,2016-04-14 05:00:00.000,0
8253242879,2016-04-14 06:00:00.000,0
8253242879,2016-04-14 07:00:00.000,0
8253242879,2016-04-14 08:00:00.000,0
8253242879,2016-04-14 09:00:00.000,0
8253242879,2016-04-14 10:00:00.000,3181
8253242879,2016-04-14 11:00:00.000,1929
8253242879,2016-04-14 12:00:00.000,99
8253242879,2016-04-14 13:00:00.000,25
8253242879,2016-04-14 14:00:00.000,0
8253242879,2016-04-14 15:00:00.000,0
8253242879,2016-04-14 16:00:00.000,0
8253242879,2016-04-14 17:00:00.000,0
8253242879,2016-04-14 18:00:00.000,0
8253242879,2016-04-14 19:00:00.000,0
8253242879,2016-04-14 20:00:00.000,0
8253242879,2016-04-14 21:00:00.000,0
8253242879,2016-04-14 22:00:00.000,0
8253242879,2016-04-14 23:00:00.000,0
8253242879,2016-04-15 00:00:00.000,0
8253242879,2016-04-15 01:00:00.000,0
8253242879,2016-04-15 02:00:00.000,0
8253242879,2016-04-15 03:00:00.000,0
8253242879,2016-04-15 04:00:00.000,0
8253242879,2016-04-15 05:00:00.000,0
8253242879,2016-04-15 06:00:00.000,0
8253242879,2016-04-15 07:00:00.000,0
8253242879,2016-04-15 08:00:00.000,0
8253242879,2016-04-15 09:00:00.000,0
8253242879,2016-04-15 10:00:00.000,0
8253242879,2016-04-15 11:00:00.000,0
8253242879,2016-04-15 12:00:00.000,174
8253242879,2016-04-15 13:00:00.000,631
8253242879,2016-04-15 14:00:00.000,85
8253242879,2016-04-15 15:00:00.000,0
8253242879,2016-04-15 16:00:00.000,177
8253242879,2016-04-15 17:00:00.000,779
8253242879,2016-04-15 18:00:00.000,207
8253242879,2016-04-15 19:00:00.000,76
8253242879,2016-04-15 20:00:00.000,175
8253242879,2016-04-15 21:00:00.000,74
8253242879,2016-04-15 22:00:00.000,119
8253242879,2016-04-15 23:00:00.000,175
8253242879,2016-04-16 00:00:00.000,0
8253242879,2016-04-16 01:00:00.000,0
8253242879,2016-04-16 02:00:00.000,0
8253242879,2016-04-16 03:00:00.000,0
8253242879,2016-04-16 04:00:00.000,0
8253242879,2016-04-16 05:00:00.000,0
8253242879,2016-04-16 06:00:00.000,0
8253242879,2016-04-16 07:00:00.000,0
8253242879,2016-04-16 08:00:00.000,0
8253242879,2016-04-16 09:00:00.000,0
8253242879,2016-04-16 10:00:00.000,505
8253242879,2016-04-16 11:00:00.000,0
8253242879,2016-04-16 12:00:00.000,3318
8253242879,2016-04-16 13:00:00.000,3676
8253242879,2016-04-16 14:00:00.000,450
8253242879,2016-04-16 15:00:00.000,103
8253242879,2016-04-16 16:00:00.000,67
8253242879,2016-04-16 17:00:00.000,7
8253242879,2016-04-16 18:00:00.000,11
8253242879,2016-04-16 19:00:00.000,0
8253242879,2016-04-16 20:00:00.000,176
8253242879,2016-04-16 21:00:00.000,270
8253242879,2016-04-16 22:00:00.000,532
8253242879,2016-04-16 23:00:00.000,141
8253242879,2016-04-17 00:00:00.000,0
8253242879,2016-04-17 01:00:00.000,0
8253242879,2016-04-17 02:00:00.000,0
8253242879,2016-04-17 03:00:00.000,0
8253242879,2016-04-17 04:00:00.000,0
8253242879,2016-04-17 05:00:00.000,0
8253242879,2016-04-17 06:00:00.000,0
8253242879,2016-04-17 07:00:00.000,0
8253242879,2016-04-17 08:00:00.000,0
8253242879,2016-04-17 09:00:00.000,161
8253242879,2016-04-17 10:00:00.000,6715
8253242879,2016-04-17 11:00:00.000,411
8253242879,2016-04-17 12:00:00.000,261
8253242879,2016-04-17 13:00:00.000,0
8253242879,2016-04-17 14:00:00.000,601
8253242879,2016-04-17 15:00:00.000,71
8253242879,2016-04-17 16:00:00.000,390
8253242879,2016-04-17 17:00:00.000,1005
8253242879,2016-04-17 18:00:00.000,199
8253242879,2016-04-17 19:00:00.000,173
8253242879,2016-04-17 20:00:00.000,66
8253242879,2016-04-17 21:00:00.000,55
8253242879,2016-04-17 22:00:00.000,96
8253242879,2016-04-17 23:00:00.000,0
8253242879,2016-04-18 00:00:00.000,0
8253242879,2016-04-18 01:00:00.000,0
8253242879,2016-04-18 02:00:00.000,0
8253242879,2016-04-18 03:00:00.000,0
8253242879,2016-04-18 04:00:00.000,0
8253242879,2016-04-18 05:00:00.000,0
8253242879,2016-04-18 06:00:00.000,0
8253242879,2016-04-18 07:00:00.000,0
8253242879,2016-04-18 08:00:00.000,0
8253242879,2016-04-18 09:00:00.000,971
8253242879,2016-04-18 10:00:00.000,1832
8253242879,2016-04-18 11:00:00.000,271
8253242879,2016-04-18 12:00:00.000,304
8253242879,2016-04-18 13:00:00.000,0
8253242879,2016-04-18 14:00:00.000,446
8253242879,2016-04-18 15:00:00.000,491
8253242879,2016-04-18 16:00:00.000,448
8253242879,2016-04-18 17:00:00.000,0
8253242879,2016-04-18 18:00:00.000,124
8253242879,2016-04-18 19:00:00.000,80
8253242879,2016-04-18 20:00:00.000,77
8253242879,2016-04-18 21:00:00.000,0
8253242879,2016-04-18 22:00:00.000,58
8253242879,2016-04-18 23:00:00.000,49
8253242879,2016-04-19 00:00:00.000,0
8253242879,2016-04-19 01:00:00.000,0
8253242879,2016-04-19 02:00:00.000,0
8253242879,2016-04-19 03:00:00.000,0
8253242879,2016-04-19 04:00:00.000,0
8253242879,2016-04-19 05:00:00.000,0
8253242879,2016-04-19 06:00:00.000,0
8253242879,2016-04-19 07:00:00.000,0
8253242879,2016-04-19 08:00:00.000,0
8253242879,2016-04-19 09:00:00.000,272
8253242879,2016-04-19 10:00:00.000,401
8253242879,2016-04-19 11:00:00.000,0
8253242879,2016-04-19 12:00:00.000,136
8253242879,2016-04-19 13:00:00.000,649
8253242879,2016-04-19 14:00:00.000,878
8253242879,2016-04-19 15:00:00.000,181
8253242879,2016-04-19 16:00:00.000,450
8253242879,2016-04-19 17:00:00.000,360
8253242879,2016-04-19 18:00:00.000,46
8253242879,2016-04-19 19:00:00.000,128
8253242879,2016-04-19 20:00:00.000,21
8253242879,2016-04-19 21:00:00.000,283
8253242879,2016-04-19 22:00:00.000,108
8253242879,2016-04-19 23:00:00.000,299
8253242879,2016-04-20 00:00:00.000,0
8253242879,2016-04-20 01:00:00.000,0
8253242879,2016-04-20 02:00:00.000,0
8253242879,2016-04-20 03:00:00.000,0
8253242879,2016-04-20 04:00:00.000,0
8253242879,2016-04-20 05:00:00.000,0
8253242879,2016-04-20 06:00:00.000,0
8253242879,2016-04-20 07:00:00.000,429
8253242879,2016-04-20 08:00:00.000,119
8253242879,2016-04-20 09:00:00.000,72
8253242879,2016-04-20 10:00:00.000,512
8253242879,2016-04-20 11:00:00.000,708
8253242879,2016-04-20 12:00:00.000,709
8253242879,2016-04-20 13:00:00.000,1253
8253242879,2016-04-20 14:00:00.000,126
8253242879,2016-04-20 15:00:00.000,7
8253242879,2016-04-20 16:00:00.000,233
8253242879,2016-04-20 17:00:00.000,874
8253242879,2016-04-20 18:00:00.000,679
8253242879,2016-04-20 19:00:00.000,274
8253242879,2016-04-20 20:00:00.000,0
8253242879,2016-04-20 21:00:00.000,93
8253242879,2016-04-20 22:00:00.000,319
8253242879,2016-04-20 23:00:00.000,59
8253242879,2016-04-21 00:00:00.000,0
8253242879,2016-04-21 01:00:00.000,0
8253242879,2016-04-21 02:00:00.000,0
8253242879,2016-04-21 03:00:00.000,0
8253242879,2016-04-21 04:00:00.000,0
8253242879,2016-04-21 05:00:00.000,0
8253242879,2016-04-21 06:00:00.000,0
8253242879,2016-04-21 07:00:00.000,0
8253242879,2016-04-21 08:00:00.000,524
8253242879,2016-04-21 09:00:00.000,135
8253242879,2016-04-21 10:00:00.000,0
8253242879,2016-04-21 11:00:00.000,7183
8253242879,2016-04-21 12:00:00.000,1139
8253242879,2016-04-21 13:00:00.000,58
8253242879,2016-04-21 14:00:00.000,241
8253242879,2016-04-21 15:00:00.000,199
8253242879,2016-04-21 16:00:00.000,430
8253242879,2016-04-21 17:00:00.000,165
8253242879,2016-04-21 18:00:00.000,138
8253242879,2016-04-21 19:00:00.000,134
8253242879,2016-04-21 20:00:00.000,325
8253242879,2016-04-21 21:00:00.000,238
8253242879,2016-04-21 22:00:00.000,221
8253242879,2016-04-21 23:00:00.000,138
8253242879,2016-04-22 00:00:00.000,0
8253242879,2016-04-22 01:00:00.000,0
8253242879,2016-04-22 02:00:00.000,0
8253242879,2016-04-22 03:00:00.000,0
8253242879,2016-04-22 04:00:00.000,0
8253242879,2016-04-22 05:00:00.000,0
8253242879,2016-04-22 06:00:00.000,0
8253242879,2016-04-22 07:00:00.000,0
8253242879,2016-04-22 08:00:00.000,0
8253242879,2016-04-22 09:00:00.000,0
8253242879,2016-04-22 10:00:00.000,0
8253242879,2016-04-22 11:00:00.000,0
8253242879,2016-04-22 12:00:00.000,0
8253242879,2016-04-22 13:00:00.000,616
8253242879,2016-04-22 14:00:00.000,341
8253242879,2016-04-22 15:00:00.000,120
8253242879,2016-04-22 16:00:00.000,58
8253242879,2016-04-22 17:00:00.000,587
8253242879,2016-04-22 18:00:00.000,177
8253242879,2016-04-22 19:00:00.000,149
8253242879,2016-04-22 20:00:00.000,304
8253242879,2016-04-22 21:00:00.000,123
8253242879,2016-04-22 22:00:00.000,186
8253242879,2016-04-22 23:00:00.000,163
8253242879,2016-04-23 00:00:00.000,0
8253242879,2016-04-23 01:00:00.000,0
8253242879,2016-04-23 02:00:00.000,0
8253242879,2016-04-23 03:00:00.000,0
8253242879,2016-04-23 04:00:00.000,0
8253242879,2016-04-23 05:00:00.000,0
8253242879,2016-04-23 06:00:00.000,0
8253242879,2016-04-23 07:00:00.000,0
8253242879,2016-04-23 08:00:00.000,0
8253242879,2016-04-23 09:00:00.000,584
8253242879,2016-04-23 10:00:00.000,162
8253242879,2016-04-23 11:00:00.000,3274
8253242879,2016-04-23 12:00:00.000,1695
8253242879,2016-04-23 13:00:00.000,293
8253242879,2016-04-23 14:00:00.000,479
8253242879,2016-04-23 15:00:00.000,215
8253242879,2016-04-23 16:00:00.000,790
8253242879,2016-04-23 17:00:00.000,203
8253242879,2016-04-23 18:00:00.000,620
8253242879,2016-04-23 19:00:00.000,515
8253242879,2016-04-23 20:00:00.000,93
8253242879,2016-04-23 21:00:00.000,0
8253242879,2016-04-23 22:00:00.000,144
8253242879,2016-04-23 23:00:00.000,215
8253242879,2016-04-24 00:00:00.000,0
8253242879,2016-04-24 01:00:00.000,0
8253242879,2016-04-24 02:00:00.000,0
8253242879,2016-04-24 03:00:00.000,0
8253242879,2016-04-24 04:00:00.000,0
8253242879,2016-04-24 05:00:00.000,0
8253242879,2016-04-24 06:00:00.000,0
8253242879,2016-04-24 07:00:00.000,0
8253242879,2016-04-24 08:00:00.000,0
8253242879,2016-04-24 09:00:00.000,210
8253242879,2016-04-24 10:00:00.000,165
8253242879,2016-04-24 11:00:00.000,5348
8253242879,2016-04-24 12:00:00.000,1613
8253242879,2016-04-24 13:00:00.000,399
8253242879,2016-04-24 14:00:00.000,173
8253242879,2016-04-24 15:00:00.000,66
8253242879,2016-04-24 16:00:00.000,0
8253242879,2016-04-24 17:00:00.000,184
8253242879,2016-04-24 18:00:00.000,418
8253242879,2016-04-24 19:00:00.000,151
8253242879,2016-04-24 20:00:00.000,0
8253242879,2016-04-24 21:00:00.000,87
8253242879,2016-04-24 22:00:00.000,0
8253242879,2016-04-24 23:00:00.000,91
8253242879,2016-04-25 00:00:00.000,0
8253242879,2016-04-25 01:00:00.000,0
8253242879,2016-04-25 02:00:00.000,0
8253242879,2016-04-25 03:00:00.000,0
8253242879,2016-04-25 04:00:00.000,0
8253242879,2016-04-25 05:00:00.000,0
8253242879,2016-04-25 06:00:00.000,0
8253242879,2016-04-25 07:00:00.000,0
8253242879,2016-04-25 08:00:00.000,686
8253242879,2016-04-25 09:00:00.000,320
8253242879,2016-04-25 10:00:00.000,0
8253242879,2016-04-25 11:00:00.000,13
8253242879,2016-04-25 12:00:00.000,34
8253242879,2016-04-25 13:00:00.000,632
8253242879,2016-04-25 14:00:00.000,643
8253242879,2016-04-25 15:00:00.000,2308
8253242879,2016-04-25 16:00:00.000,2167
8253242879,2016-04-25 17:00:00.000,26
8253242879,2016-04-25 18:00:00.000,0
8253242879,2016-04-25 19:00:00.000,0
8253242879,2016-04-25 20:00:00.000,0
8253242879,2016-04-25 21:00:00.000,0
8253242879,2016-04-25 22:00:00.000,0
8253242879,2016-04-25 23:00:00.000,0
8253242879,2016-04-26 00:00:00.000,0
8253242879,2016-04-26 01:00:00.000,0
8253242879,2016-04-26 02:00:00.000,0
8253242879,2016-04-26 03:00:00.000,0
8253242879,2016-04-26 04:00:00.000,0
8253242879,2016-04-26 05:00:00.000,0
8253242879,2016-04-26 06:00:00.000,0
8253242879,2016-04-26 07:00:00.000,0
8253242879,2016-04-26 08:00:00.000,0
8253242879,2016-04-26 09:00:00.000,0
8253242879,2016-04-26 10:00:00.000,0
8253242879,2016-04-26 11:00:00.000,56
8253242879,2016-04-26 12:00:00.000,2762
8253242879,2016-04-26 13:00:00.000,347
8253242879,2016-04-26 14:00:00.000,194
8253242879,2016-04-26 15:00:00.000,14
8253242879,2016-04-26 16:00:00.000,155
8253242879,2016-04-26 17:00:00.000,234
8253242879,2016-04-26 18:00:00.000,81
8253242879,2016-04-26 19:00:00.000,99
8253242879,2016-04-26 20:00:00.000,0
8253242879,2016-04-26 21:00:00.000,223
8253242879,2016-04-26 22:00:00.000,194
8253242879,2016-04-26 23:00:00.000,203
8253242879,2016-04-27 00:00:00.000,0
8253242879,2016-04-27 01:00:00.000,0
8253242879,2016-04-27 02:00:00.000,0
8253242879,2016-04-27 03:00:00.000,0
8253242879,2016-04-27 04:00:00.000,0
8253242879,2016-04-27 05:00:00.000,0
8253242879,2016-04-27 06:00:00.000,0
8253242879,2016-04-27 07:00:00.000,0
8253242879,2016-04-27 08:00:00.000,0
8253242879,2016-04-27 09:00:00.000,0
8253242879,2016-04-27 10:00:00.000,0
8253242879,2016-04-27 11:00:00.000,7652
8253242879,2016-04-27 12:00:00.000,249
8253242879,2016-04-27 13:00:00.000,385
8253242879,2016-04-27 14:00:00.000,412
8253242879,2016-04-27 15:00:00.000,0
8253242879,2016-04-27 16:00:00.000,82
8253242879,2016-04-27 17:00:00.000,240
8253242879,2016-04-27 18:00:00.000,40
8253242879,2016-04-27 19:00:00.000,76
8253242879,2016-04-27 20:00:00.000,162
8253242879,2016-04-27 21:00:00.000,80
8253242879,2016-04-27 22:00:00.000,193
8253242879,2016-04-27 23:00:00.000,661
8253242879,2016-04-28 00:00:00.000,0
8253242879,2016-04-28 01:00:00.000,0
8253242879,2016-04-28 02:00:00.000,0
8253242879,2016-04-28 03:00:00.000,0
8253242879,2016-04-28 04:00:00.000,0
8253242879,2016-04-28 05:00:00.000,0
8253242879,2016-04-28 06:00:00.000,0
8253242879,2016-04-28 07:00:00.000,0
8253242879,2016-04-28 08:00:00.000,0
8253242879,2016-04-28 09:00:00.000,0
8253242879,2016-04-28 10:00:00.000,0
8253242879,2016-04-28 11:00:00.000,0
8253242879,2016-04-28 12:00:00.000,2557
8253242879,2016-04-28 13:00:00.000,161
8253242879,2016-04-28 14:00:00.000,0
8253242879,2016-04-28 15:00:00.000,0
8253242879,2016-04-28 16:00:00.000,0
8253242879,2016-04-28 17:00:00.000,0
8253242879,2016-04-28 18:00:00.000,0
8253242879,2016-04-28 19:00:00.000,0
8253242879,2016-04-28 20:00:00.000,0
8253242879,2016-04-28 21:00:00.000,0
8253242879,2016-04-28 22:00:00.000,0
8253242879,2016-04-28 23:00:00.000,0
8253242879,2016-04-29 00:00:00.000,0
8253242879,2016-04-29 01:00:00.000,0
8253242879,2016-04-29 02:00:00.000,0
8253242879,2016-04-29 03:00:00.000,0
8253242879,2016-04-29 04:00:00.000,0
8253242879,2016-04-29 05:00:00.000,0
8253242879,2016-04-29 06:00:00.000,0
8253242879,2016-04-29 07:00:00.000,0
8253242879,2016-04-29 08:00:00.000,0
8253242879,2016-04-29 09:00:00.000,28
8253242879,2016-04-29 10:00:00.000,0
8253242879,2016-04-29 11:00:00.000,0
8253242879,2016-04-29 12:00:00.000,3232
8253242879,2016-04-29 13:00:00.000,491
8253242879,2016-04-29 14:00:00.000,91
8253242879,2016-04-29 15:00:00.000,230
8253242879,2016-04-29 16:00:00.000,544
8253242879,2016-04-29 17:00:00.000,103
8253242879,2016-04-29 18:00:00.000,33
8253242879,2016-04-29 19:00:00.000,89
8253242879,2016-04-29 20:00:00.000,469
8253242879,2016-04-29 21:00:00.000,362
8253242879,2016-04-29 22:00:00.000,265
8378563200,2016-12-04 00:00:00.000,0
8378563200,2016-12-04 01:00:00.000,51
8378563200,2016-12-04 02:00:00.000,0
8378563200,2016-12-04 03:00:00.000,0
8378563200,2016-12-04 04:00:00.000,289
8378563200,2016-12-04 05:00:00.000,0
8378563200,2016-12-04 06:00:00.000,322
8378563200,2016-12-04 07:00:00.000,735
8378563200,2016-12-04 08:00:00.000,1513
8378563200,2016-12-04 09:00:00.000,61
8378563200,2016-12-04 10:00:00.000,304
8378563200,2016-12-04 11:00:00.000,521
8378563200,2016-12-04 12:00:00.000,199
8378563200,2016-12-04 13:00:00.000,987
8378563200,2016-12-04 14:00:00.000,618
8378563200,2016-12-04 15:00:00.000,298
8378563200,2016-12-04 16:00:00.000,745
8378563200,2016-12-04 17:00:00.000,192
8378563200,2016-12-04 18:00:00.000,90
8378563200,2016-12-04 19:00:00.000,659
8378563200,2016-12-04 20:00:00.000,23
8378563200,2016-12-04 21:00:00.000,8
8378563200,2016-12-04 22:00:00.000,0
8378563200,2016-12-04 23:00:00.000,11
8378563200,2016-04-13 00:00:00.000,0
8378563200,2016-04-13 01:00:00.000,0
8378563200,2016-04-13 02:00:00.000,89
8378563200,2016-04-13 03:00:00.000,0
8378563200,2016-04-13 04:00:00.000,306
8378563200,2016-04-13 05:00:00.000,0
8378563200,2016-04-13 06:00:00.000,175
8378563200,2016-04-13 07:00:00.000,387
8378563200,2016-04-13 08:00:00.000,3712
8378563200,2016-04-13 09:00:00.000,416
8378563200,2016-04-13 10:00:00.000,592
8378563200,2016-04-13 11:00:00.000,1178
8378563200,2016-04-13 12:00:00.000,2736
8378563200,2016-04-13 13:00:00.000,584
8378563200,2016-04-13 14:00:00.000,114
8378563200,2016-04-13 15:00:00.000,591
8378563200,2016-04-13 16:00:00.000,712
8378563200,2016-04-13 17:00:00.000,115
8378563200,2016-04-13 18:00:00.000,281
8378563200,2016-04-13 19:00:00.000,151
8378563200,2016-04-13 20:00:00.000,233
8378563200,2016-04-13 21:00:00.000,0
8378563200,2016-04-13 22:00:00.000,14
8378563200,2016-04-13 23:00:00.000,0
8378563200,2016-04-14 00:00:00.000,57
8378563200,2016-04-14 01:00:00.000,11
8378563200,2016-04-14 02:00:00.000,0
8378563200,2016-04-14 03:00:00.000,5
8378563200,2016-04-14 04:00:00.000,254
8378563200,2016-04-14 05:00:00.000,0
8378563200,2016-04-14 06:00:00.000,164
8378563200,2016-04-14 07:00:00.000,500
8378563200,2016-04-14 08:00:00.000,2367
8378563200,2016-04-14 09:00:00.000,1820
8378563200,2016-04-14 10:00:00.000,422
8378563200,2016-04-14 11:00:00.000,347
8378563200,2016-04-14 12:00:00.000,4741
8378563200,2016-04-14 13:00:00.000,470
8378563200,2016-04-14 14:00:00.000,589
8378563200,2016-04-14 15:00:00.000,875
8378563200,2016-04-14 16:00:00.000,96
8378563200,2016-04-14 17:00:00.000,121
8378563200,2016-04-14 18:00:00.000,129
8378563200,2016-04-14 19:00:00.000,125
8378563200,2016-04-14 20:00:00.000,186
8378563200,2016-04-14 21:00:00.000,39
8378563200,2016-04-14 22:00:00.000,0
8378563200,2016-04-14 23:00:00.000,0
8378563200,2016-04-15 00:00:00.000,13
8378563200,2016-04-15 01:00:00.000,0
8378563200,2016-04-15 02:00:00.000,0
8378563200,2016-04-15 03:00:00.000,7
8378563200,2016-04-15 04:00:00.000,54
8378563200,2016-04-15 05:00:00.000,0
8378563200,2016-04-15 06:00:00.000,319
8378563200,2016-04-15 07:00:00.000,482
8378563200,2016-04-15 08:00:00.000,3512
8378563200,2016-04-15 09:00:00.000,1847
8378563200,2016-04-15 10:00:00.000,702
8378563200,2016-04-15 11:00:00.000,2618
8378563200,2016-04-15 12:00:00.000,655
8378563200,2016-04-15 13:00:00.000,309
8378563200,2016-04-15 14:00:00.000,669
8378563200,2016-04-15 15:00:00.000,923
8378563200,2016-04-15 16:00:00.000,170
8378563200,2016-04-15 17:00:00.000,281
8378563200,2016-04-15 18:00:00.000,919
8378563200,2016-04-15 19:00:00.000,72
8378563200,2016-04-15 20:00:00.000,7
8378563200,2016-04-15 21:00:00.000,45
8378563200,2016-04-15 22:00:00.000,857
8378563200,2016-04-15 23:00:00.000,0
8378563200,2016-04-16 00:00:00.000,0
8378563200,2016-04-16 01:00:00.000,7
8378563200,2016-04-16 02:00:00.000,8
8378563200,2016-04-16 03:00:00.000,75
8378563200,2016-04-16 04:00:00.000,14
8378563200,2016-04-16 05:00:00.000,0
8378563200,2016-04-16 06:00:00.000,0
8378563200,2016-04-16 07:00:00.000,74
8378563200,2016-04-16 08:00:00.000,269
8378563200,2016-04-16 09:00:00.000,104
8378563200,2016-04-16 10:00:00.000,280
8378563200,2016-04-16 11:00:00.000,106
8378563200,2016-04-16 12:00:00.000,254
8378563200,2016-04-16 13:00:00.000,620
8378563200,2016-04-16 14:00:00.000,3376
8378563200,2016-04-16 15:00:00.000,5112
8378563200,2016-04-16 16:00:00.000,122
8378563200,2016-04-16 17:00:00.000,46
8378563200,2016-04-16 18:00:00.000,243
8378563200,2016-04-16 19:00:00.000,173
8378563200,2016-04-16 20:00:00.000,242
8378563200,2016-04-16 21:00:00.000,6
8378563200,2016-04-16 22:00:00.000,11
8378563200,2016-04-16 23:00:00.000,54
8378563200,2016-04-17 00:00:00.000,0
8378563200,2016-04-17 01:00:00.000,0
8378563200,2016-04-17 02:00:00.000,0
8378563200,2016-04-17 03:00:00.000,0
8378563200,2016-04-17 04:00:00.000,0
8378563200,2016-04-17 05:00:00.000,0
8378563200,2016-04-17 06:00:00.000,85
8378563200,2016-04-17 07:00:00.000,104
8378563200,2016-04-17 08:00:00.000,246
8378563200,2016-04-17 09:00:00.000,34
8378563200,2016-04-17 10:00:00.000,146
8378563200,2016-04-17 11:00:00.000,191
8378563200,2016-04-17 12:00:00.000,172
8378563200,2016-04-17 13:00:00.000,66
8378563200,2016-04-17 14:00:00.000,0
8378563200,2016-04-17 15:00:00.000,26
8378563200,2016-04-17 16:00:00.000,106
8378563200,2016-04-17 17:00:00.000,94
8378563200,2016-04-17 18:00:00.000,547
8378563200,2016-04-17 19:00:00.000,53
8378563200,2016-04-17 20:00:00.000,181
8378563200,2016-04-17 21:00:00.000,20
8378563200,2016-04-17 22:00:00.000,0
8378563200,2016-04-17 23:00:00.000,61
8378563200,2016-04-18 00:00:00.000,0
8378563200,2016-04-18 01:00:00.000,0
8378563200,2016-04-18 02:00:00.000,6
8378563200,2016-04-18 03:00:00.000,0
8378563200,2016-04-18 04:00:00.000,270
8378563200,2016-04-18 05:00:00.000,0
8378563200,2016-04-18 06:00:00.000,187
8378563200,2016-04-18 07:00:00.000,317
8378563200,2016-04-18 08:00:00.000,3525
8378563200,2016-04-18 09:00:00.000,549
8378563200,2016-04-18 10:00:00.000,330
8378563200,2016-04-18 11:00:00.000,280
8378563200,2016-04-18 12:00:00.000,3869
8378563200,2016-04-18 13:00:00.000,336
8378563200,2016-04-18 14:00:00.000,628
8378563200,2016-04-18 15:00:00.000,1094
8378563200,2016-04-18 16:00:00.000,199
8378563200,2016-04-18 17:00:00.000,189
8378563200,2016-04-18 18:00:00.000,809
8378563200,2016-04-18 19:00:00.000,534
8378563200,2016-04-18 20:00:00.000,428
8378563200,2016-04-18 21:00:00.000,4
8378563200,2016-04-18 22:00:00.000,65
8378563200,2016-04-18 23:00:00.000,11
8378563200,2016-04-19 00:00:00.000,0
8378563200,2016-04-19 01:00:00.000,0
8378563200,2016-04-19 02:00:00.000,68
8378563200,2016-04-19 03:00:00.000,0
8378563200,2016-04-19 04:00:00.000,231
8378563200,2016-04-19 05:00:00.000,0
8378563200,2016-04-19 06:00:00.000,197
8378563200,2016-04-19 07:00:00.000,442
8378563200,2016-04-19 08:00:00.000,3665
8378563200,2016-04-19 09:00:00.000,319
8378563200,2016-04-19 10:00:00.000,324
8378563200,2016-04-19 11:00:00.000,250
8378563200,2016-04-19 12:00:00.000,3870
8378563200,2016-04-19 13:00:00.000,430
8378563200,2016-04-19 14:00:00.000,327
8378563200,2016-04-19 15:00:00.000,38
8378563200,2016-04-19 16:00:00.000,1025
8378563200,2016-04-19 17:00:00.000,256
8378563200,2016-04-19 18:00:00.000,292
8378563200,2016-04-19 19:00:00.000,288
8378563200,2016-04-19 20:00:00.000,845
8378563200,2016-04-19 21:00:00.000,199
8378563200,2016-04-19 22:00:00.000,4
8378563200,2016-04-19 23:00:00.000,0
8378563200,2016-04-20 00:00:00.000,14
8378563200,2016-04-20 01:00:00.000,7
8378563200,2016-04-20 02:00:00.000,0
8378563200,2016-04-20 03:00:00.000,0
8378563200,2016-04-20 04:00:00.000,227
8378563200,2016-04-20 05:00:00.000,0
8378563200,2016-04-20 06:00:00.000,290
8378563200,2016-04-20 07:00:00.000,562
8378563200,2016-04-20 08:00:00.000,1138
8378563200,2016-04-20 09:00:00.000,280
8378563200,2016-04-20 10:00:00.000,654
8378563200,2016-04-20 11:00:00.000,1141
8378563200,2016-04-20 12:00:00.000,1742
8378563200,2016-04-20 13:00:00.000,297
8378563200,2016-04-20 14:00:00.000,413
8378563200,2016-04-20 15:00:00.000,1159
8378563200,2016-04-20 16:00:00.000,367
8378563200,2016-04-20 17:00:00.000,207
8378563200,2016-04-20 18:00:00.000,367
8378563200,2016-04-20 19:00:00.000,86
8378563200,2016-04-20 20:00:00.000,419
8378563200,2016-04-20 21:00:00.000,18
8378563200,2016-04-20 22:00:00.000,0
8378563200,2016-04-20 23:00:00.000,0
8378563200,2016-04-21 00:00:00.000,0
8378563200,2016-04-21 01:00:00.000,65
8378563200,2016-04-21 02:00:00.000,0
8378563200,2016-04-21 03:00:00.000,0
8378563200,2016-04-21 04:00:00.000,247
8378563200,2016-04-21 05:00:00.000,0
8378563200,2016-04-21 06:00:00.000,197
8378563200,2016-04-21 07:00:00.000,432
8378563200,2016-04-21 08:00:00.000,2392
8378563200,2016-04-21 09:00:00.000,2226
8378563200,2016-04-21 10:00:00.000,778
8378563200,2016-04-21 11:00:00.000,1212
8378563200,2016-04-21 12:00:00.000,4373
8378563200,2016-04-21 13:00:00.000,652
8378563200,2016-04-21 14:00:00.000,452
8378563200,2016-04-21 15:00:00.000,1202
8378563200,2016-04-21 16:00:00.000,220
8378563200,2016-04-21 17:00:00.000,178
8378563200,2016-04-21 18:00:00.000,131
8378563200,2016-04-21 19:00:00.000,372
8378563200,2016-04-21 20:00:00.000,19
8378563200,2016-04-21 21:00:00.000,0
8378563200,2016-04-21 22:00:00.000,0
8378563200,2016-04-21 23:00:00.000,0
8378563200,2016-04-22 00:00:00.000,75
8378563200,2016-04-22 01:00:00.000,0
8378563200,2016-04-22 02:00:00.000,0
8378563200,2016-04-22 03:00:00.000,0
8378563200,2016-04-22 04:00:00.000,341
8378563200,2016-04-22 05:00:00.000,0
8378563200,2016-04-22 06:00:00.000,132
8378563200,2016-04-22 07:00:00.000,498
8378563200,2016-04-22 08:00:00.000,4242
8378563200,2016-04-22 09:00:00.000,1652
8378563200,2016-04-22 10:00:00.000,599
8378563200,2016-04-22 11:00:00.000,896
8378563200,2016-04-22 12:00:00.000,1162
8378563200,2016-04-22 13:00:00.000,327
8378563200,2016-04-22 14:00:00.000,337
8378563200,2016-04-22 15:00:00.000,320
8378563200,2016-04-22 16:00:00.000,953
8378563200,2016-04-22 17:00:00.000,140
8378563200,2016-04-22 18:00:00.000,31
8378563200,2016-04-22 19:00:00.000,102
8378563200,2016-04-22 20:00:00.000,161
8378563200,2016-04-22 21:00:00.000,209
8378563200,2016-04-22 22:00:00.000,23
8378563200,2016-04-22 23:00:00.000,0
8378563200,2016-04-23 00:00:00.000,0
8378563200,2016-04-23 01:00:00.000,0
8378563200,2016-04-23 02:00:00.000,49
8378563200,2016-04-23 03:00:00.000,0
8378563200,2016-04-23 04:00:00.000,0
8378563200,2016-04-23 05:00:00.000,53
8378563200,2016-04-23 06:00:00.000,10
8378563200,2016-04-23 07:00:00.000,88
8378563200,2016-04-23 08:00:00.000,279
8378563200,2016-04-23 09:00:00.000,39
8378563200,2016-04-23 10:00:00.000,0
8378563200,2016-04-23 11:00:00.000,120
8378563200,2016-04-23 12:00:00.000,355
8378563200,2016-04-23 13:00:00.000,518
8378563200,2016-04-23 14:00:00.000,2945
8378563200,2016-04-23 15:00:00.000,230
8378563200,2016-04-23 16:00:00.000,362
8378563200,2016-04-23 17:00:00.000,4
8378563200,2016-04-23 18:00:00.000,169
8378563200,2016-04-23 19:00:00.000,79
8378563200,2016-04-23 20:00:00.000,83
8378563200,2016-04-23 21:00:00.000,301
8378563200,2016-04-23 22:00:00.000,20
8378563200,2016-04-23 23:00:00.000,5
8378563200,2016-04-24 00:00:00.000,0
8378563200,2016-04-24 01:00:00.000,56
8378563200,2016-04-24 02:00:00.000,13
8378563200,2016-04-24 03:00:00.000,0
8378563200,2016-04-24 04:00:00.000,0
8378563200,2016-04-24 05:00:00.000,0
8378563200,2016-04-24 06:00:00.000,0
8378563200,2016-04-24 07:00:00.000,298
8378563200,2016-04-24 08:00:00.000,140
8378563200,2016-04-24 09:00:00.000,27
8378563200,2016-04-24 10:00:00.000,481
8378563200,2016-04-24 11:00:00.000,328
8378563200,2016-04-24 12:00:00.000,330
8378563200,2016-04-24 13:00:00.000,438
8378563200,2016-04-24 14:00:00.000,63
8378563200,2016-04-24 15:00:00.000,623
8378563200,2016-04-24 16:00:00.000,254
8378563200,2016-04-24 17:00:00.000,197
8378563200,2016-04-24 18:00:00.000,23
8378563200,2016-04-24 19:00:00.000,34
8378563200,2016-04-24 20:00:00.000,195
8378563200,2016-04-24 21:00:00.000,203
8378563200,2016-04-24 22:00:00.000,0
8378563200,2016-04-24 23:00:00.000,0
8378563200,2016-04-25 00:00:00.000,0
8378563200,2016-04-25 01:00:00.000,0
8378563200,2016-04-25 02:00:00.000,4
8378563200,2016-04-25 03:00:00.000,0
8378563200,2016-04-25 04:00:00.000,243
8378563200,2016-04-25 05:00:00.000,0
8378563200,2016-04-25 06:00:00.000,240
8378563200,2016-04-25 07:00:00.000,459
8378563200,2016-04-25 08:00:00.000,1377
8378563200,2016-04-25 09:00:00.000,353
8378563200,2016-04-25 10:00:00.000,597
8378563200,2016-04-25 11:00:00.000,2494
8378563200,2016-04-25 12:00:00.000,3811
8378563200,2016-04-25 13:00:00.000,433
8378563200,2016-04-25 14:00:00.000,450
8378563200,2016-04-25 15:00:00.000,1075
8378563200,2016-04-25 16:00:00.000,107
8378563200,2016-04-25 17:00:00.000,142
8378563200,2016-04-25 18:00:00.000,235
8378563200,2016-04-25 19:00:00.000,307
8378563200,2016-04-25 20:00:00.000,0
8378563200,2016-04-25 21:00:00.000,7
8378563200,2016-04-25 22:00:00.000,0
8378563200,2016-04-25 23:00:00.000,71
8378563200,2016-04-26 00:00:00.000,0
8378563200,2016-04-26 01:00:00.000,0
8378563200,2016-04-26 02:00:00.000,0
8378563200,2016-04-26 03:00:00.000,0
8378563200,2016-04-26 04:00:00.000,47
8378563200,2016-04-26 05:00:00.000,14
8378563200,2016-04-26 06:00:00.000,242
8378563200,2016-04-26 07:00:00.000,494
8378563200,2016-04-26 08:00:00.000,4168
8378563200,2016-04-26 09:00:00.000,855
8378563200,2016-04-26 10:00:00.000,521
8378563200,2016-04-26 11:00:00.000,2816
8378563200,2016-04-26 12:00:00.000,3512
8378563200,2016-04-26 13:00:00.000,478
8378563200,2016-04-26 14:00:00.000,857
8378563200,2016-04-26 15:00:00.000,1138
8378563200,2016-04-26 16:00:00.000,78
8378563200,2016-04-26 17:00:00.000,195
8378563200,2016-04-26 18:00:00.000,144
8378563200,2016-04-26 19:00:00.000,356
8378563200,2016-04-26 20:00:00.000,203
8378563200,2016-04-26 21:00:00.000,6
8378563200,2016-04-26 22:00:00.000,0
8378563200,2016-04-26 23:00:00.000,84
8378563200,2016-04-27 00:00:00.000,0
8378563200,2016-04-27 01:00:00.000,61
8378563200,2016-04-27 02:00:00.000,0
8378563200,2016-04-27 03:00:00.000,47
8378563200,2016-04-27 04:00:00.000,0
8378563200,2016-04-27 05:00:00.000,0
8378563200,2016-04-27 06:00:00.000,268
8378563200,2016-04-27 07:00:00.000,440
8378563200,2016-04-27 08:00:00.000,1040
8378563200,2016-04-27 09:00:00.000,416
8378563200,2016-04-27 10:00:00.000,673
8378563200,2016-04-27 11:00:00.000,225
8378563200,2016-04-27 12:00:00.000,590
8378563200,2016-04-27 13:00:00.000,292
8378563200,2016-04-27 14:00:00.000,154
8378563200,2016-04-27 15:00:00.000,69
8378563200,2016-04-27 16:00:00.000,244
8378563200,2016-04-27 17:00:00.000,864
8378563200,2016-04-27 18:00:00.000,604
8378563200,2016-04-27 19:00:00.000,324
8378563200,2016-04-27 20:00:00.000,907
8378563200,2016-04-27 21:00:00.000,10
8378563200,2016-04-27 22:00:00.000,74
8378563200,2016-04-27 23:00:00.000,57
8378563200,2016-04-28 00:00:00.000,0
8378563200,2016-04-28 01:00:00.000,7
8378563200,2016-04-28 02:00:00.000,0
8378563200,2016-04-28 03:00:00.000,0
8378563200,2016-04-28 04:00:00.000,54
8378563200,2016-04-28 05:00:00.000,7
8378563200,2016-04-28 06:00:00.000,179
8378563200,2016-04-28 07:00:00.000,275
8378563200,2016-04-28 08:00:00.000,117
8378563200,2016-04-28 09:00:00.000,380
8378563200,2016-04-28 10:00:00.000,755
8378563200,2016-04-28 11:00:00.000,293
8378563200,2016-04-28 12:00:00.000,272
8378563200,2016-04-28 13:00:00.000,340
8378563200,2016-04-28 14:00:00.000,260
8378563200,2016-04-28 15:00:00.000,236
8378563200,2016-04-28 16:00:00.000,1030
8378563200,2016-04-28 17:00:00.000,556
8378563200,2016-04-28 18:00:00.000,155
8378563200,2016-04-28 19:00:00.000,95
8378563200,2016-04-28 20:00:00.000,379
8378563200,2016-04-28 21:00:00.000,0
8378563200,2016-04-28 22:00:00.000,27
8378563200,2016-04-28 23:00:00.000,0
8378563200,2016-04-29 00:00:00.000,0
8378563200,2016-04-29 01:00:00.000,0
8378563200,2016-04-29 02:00:00.000,0
8378563200,2016-04-29 03:00:00.000,0
8378563200,2016-04-29 04:00:00.000,50
8378563200,2016-04-29 05:00:00.000,0
8378563200,2016-04-29 06:00:00.000,272
8378563200,2016-04-29 07:00:00.000,542
8378563200,2016-04-29 08:00:00.000,1071
8378563200,2016-04-29 09:00:00.000,494
8378563200,2016-04-29 10:00:00.000,516
8378563200,2016-04-29 11:00:00.000,462
8378563200,2016-04-29 12:00:00.000,45
8378563200,2016-04-29 13:00:00.000,602
8378563200,2016-04-29 14:00:00.000,142
8378563200,2016-04-29 15:00:00.000,37
8378563200,2016-04-29 16:00:00.000,682
8378563200,2016-04-29 17:00:00.000,202
8378563200,2016-04-29 18:00:00.000,441
8378563200,2016-04-29 19:00:00.000,169
8378563200,2016-04-29 20:00:00.000,101
8378563200,2016-04-29 21:00:00.000,291
8378563200,2016-04-29 22:00:00.000,9
8378563200,2016-04-29 23:00:00.000,19
8378563200,2016-04-30 00:00:00.000,28
8378563200,2016-04-30 01:00:00.000,65
8378563200,2016-04-30 02:00:00.000,0
8378563200,2016-04-30 03:00:00.000,0
8378563200,2016-04-30 04:00:00.000,0
8378563200,2016-04-30 05:00:00.000,73
8378563200,2016-04-30 06:00:00.000,0
8378563200,2016-04-30 07:00:00.000,269
8378563200,2016-04-30 08:00:00.000,74
8378563200,2016-04-30 09:00:00.000,88
8378563200,2016-04-30 10:00:00.000,364
8378563200,2016-04-30 11:00:00.000,59
8378563200,2016-04-30 12:00:00.000,554
8378563200,2016-04-30 13:00:00.000,307
8378563200,2016-04-30 14:00:00.000,142
8378563200,2016-04-30 15:00:00.000,7
8378563200,2016-04-30 16:00:00.000,102
8378563200,2016-04-30 17:00:00.000,86
8378563200,2016-04-30 18:00:00.000,150
8378563200,2016-04-30 19:00:00.000,131
8378563200,2016-04-30 20:00:00.000,28
8378563200,2016-04-30 21:00:00.000,248
8378563200,2016-04-30 22:00:00.000,55
8378563200,2016-04-30 23:00:00.000,116
8378563200,2016-01-05 00:00:00.000,0
8378563200,2016-01-05 01:00:00.000,47
8378563200,2016-01-05 02:00:00.000,0
8378563200,2016-01-05 03:00:00.000,0
8378563200,2016-01-05 04:00:00.000,0
8378563200,2016-01-05 05:00:00.000,70
8378563200,2016-01-05 06:00:00.000,0
8378563200,2016-01-05 07:00:00.000,231
8378563200,2016-01-05 08:00:00.000,165
8378563200,2016-01-05 09:00:00.000,58
8378563200,2016-01-05 10:00:00.000,35
8378563200,2016-01-05 11:00:00.000,447
8378563200,2016-01-05 12:00:00.000,362
8378563200,2016-01-05 13:00:00.000,197
8378563200,2016-01-05 14:00:00.000,166
8378563200,2016-01-05 15:00:00.000,180
8378563200,2016-01-05 16:00:00.000,3244
8378563200,2016-01-05 17:00:00.000,5661
8378563200,2016-01-05 18:00:00.000,147
8378563200,2016-01-05 19:00:00.000,70
8378563200,2016-01-05 20:00:00.000,227
8378563200,2016-01-05 21:00:00.000,91
8378563200,2016-01-05 22:00:00.000,0
8378563200,2016-01-05 23:00:00.000,21
8378563200,2016-02-05 00:00:00.000,0
8378563200,2016-02-05 01:00:00.000,7
8378563200,2016-02-05 02:00:00.000,0
8378563200,2016-02-05 03:00:00.000,0
8378563200,2016-02-05 04:00:00.000,281
8378563200,2016-02-05 05:00:00.000,0
8378563200,2016-02-05 06:00:00.000,150
8378563200,2016-02-05 07:00:00.000,371
8378563200,2016-02-05 08:00:00.000,1209
8378563200,2016-02-05 09:00:00.000,40
8378563200,2016-02-05 10:00:00.000,454
8378563200,2016-02-05 11:00:00.000,86
8378563200,2016-02-05 12:00:00.000,601
8378563200,2016-02-05 13:00:00.000,329
8378563200,2016-02-05 14:00:00.000,431
8378563200,2016-02-05 15:00:00.000,372
8378563200,2016-02-05 16:00:00.000,581
8378563200,2016-02-05 17:00:00.000,589
8378563200,2016-02-05 18:00:00.000,177
8378563200,2016-02-05 19:00:00.000,153
8378563200,2016-02-05 20:00:00.000,233
8378563200,2016-02-05 21:00:00.000,0
8378563200,2016-02-05 22:00:00.000,0
8378563200,2016-02-05 23:00:00.000,0
8378563200,2016-03-05 00:00:00.000,0
8378563200,2016-03-05 01:00:00.000,47
8378563200,2016-03-05 02:00:00.000,0
8378563200,2016-03-05 03:00:00.000,0
8378563200,2016-03-05 04:00:00.000,259
8378563200,2016-03-05 05:00:00.000,0
8378563200,2016-03-05 06:00:00.000,173
8378563200,2016-03-05 07:00:00.000,491
8378563200,2016-03-05 08:00:00.000,1421
8378563200,2016-03-05 09:00:00.000,578
8378563200,2016-03-05 10:00:00.000,408
8378563200,2016-03-05 11:00:00.000,244
8378563200,2016-03-05 12:00:00.000,371
8378563200,2016-03-05 13:00:00.000,115
8378563200,2016-03-05 14:00:00.000,318
8378563200,2016-03-05 15:00:00.000,482
8378563200,2016-03-05 16:00:00.000,294
8378563200,2016-03-05 17:00:00.000,1574
8378563200,2016-03-05 18:00:00.000,436
8378563200,2016-03-05 19:00:00.000,323
8378563200,2016-03-05 20:00:00.000,762
8378563200,2016-03-05 21:00:00.000,197
8378563200,2016-03-05 22:00:00.000,215
8378563200,2016-03-05 23:00:00.000,4
8378563200,2016-04-05 00:00:00.000,0
8378563200,2016-04-05 01:00:00.000,51
8378563200,2016-04-05 02:00:00.000,0
8378563200,2016-04-05 03:00:00.000,0
8378563200,2016-04-05 04:00:00.000,52
8378563200,2016-04-05 05:00:00.000,0
8378563200,2016-04-05 06:00:00.000,236
8378563200,2016-04-05 07:00:00.000,589
8378563200,2016-04-05 08:00:00.000,1417
8378563200,2016-04-05 09:00:00.000,820
8378563200,2016-04-05 10:00:00.000,407
8378563200,2016-04-05 11:00:00.000,628
8378563200,2016-04-05 12:00:00.000,346
8378563200,2016-04-05 13:00:00.000,200
8378563200,2016-04-05 14:00:00.000,412
8378563200,2016-04-05 15:00:00.000,292
8378563200,2016-04-05 16:00:00.000,1281
8378563200,2016-04-05 17:00:00.000,200
8378563200,2016-04-05 18:00:00.000,298
8378563200,2016-04-05 19:00:00.000,191
8378563200,2016-04-05 20:00:00.000,237
8378563200,2016-04-05 21:00:00.000,130
8378563200,2016-04-05 22:00:00.000,79
8378563200,2016-04-05 23:00:00.000,9
8378563200,2016-05-05 00:00:00.000,66
8378563200,2016-05-05 01:00:00.000,0
8378563200,2016-05-05 02:00:00.000,0
8378563200,2016-05-05 03:00:00.000,4
8378563200,2016-05-05 04:00:00.000,254
8378563200,2016-05-05 05:00:00.000,0
8378563200,2016-05-05 06:00:00.000,126
8378563200,2016-05-05 07:00:00.000,492
8378563200,2016-05-05 08:00:00.000,1398
8378563200,2016-05-05 09:00:00.000,363
8378563200,2016-05-05 10:00:00.000,416
8378563200,2016-05-05 11:00:00.000,252
8378563200,2016-05-05 12:00:00.000,461
8378563200,2016-05-05 13:00:00.000,467
8378563200,2016-05-05 14:00:00.000,336
8378563200,2016-05-05 15:00:00.000,420
8378563200,2016-05-05 16:00:00.000,731
8378563200,2016-05-05 17:00:00.000,248
8378563200,2016-05-05 18:00:00.000,769
8378563200,2016-05-05 19:00:00.000,100
8378563200,2016-05-05 20:00:00.000,975
8378563200,2016-05-05 21:00:00.000,504
8378563200,2016-05-05 22:00:00.000,0
8378563200,2016-05-05 23:00:00.000,185
8378563200,2016-06-05 00:00:00.000,0
8378563200,2016-06-05 01:00:00.000,0
8378563200,2016-06-05 02:00:00.000,0
8378563200,2016-06-05 03:00:00.000,7
8378563200,2016-06-05 04:00:00.000,303
8378563200,2016-06-05 05:00:00.000,0
8378563200,2016-06-05 06:00:00.000,266
8378563200,2016-06-05 07:00:00.000,492
8378563200,2016-06-05 08:00:00.000,1430
8378563200,2016-06-05 09:00:00.000,368
8378563200,2016-06-05 10:00:00.000,577
8378563200,2016-06-05 11:00:00.000,431
8378563200,2016-06-05 12:00:00.000,81
8378563200,2016-06-05 13:00:00.000,251
8378563200,2016-06-05 14:00:00.000,409
8378563200,2016-06-05 15:00:00.000,489
8378563200,2016-06-05 16:00:00.000,1064
8378563200,2016-06-05 17:00:00.000,245
8378563200,2016-06-05 18:00:00.000,99
8378563200,2016-06-05 19:00:00.000,97
8378563200,2016-06-05 20:00:00.000,81
8378563200,2016-06-05 21:00:00.000,291
8378563200,2016-06-05 22:00:00.000,0
8378563200,2016-06-05 23:00:00.000,64
8378563200,2016-07-05 00:00:00.000,13
8378563200,2016-07-05 01:00:00.000,0
8378563200,2016-07-05 02:00:00.000,0
8378563200,2016-07-05 03:00:00.000,0
8378563200,2016-07-05 04:00:00.000,6
8378563200,2016-07-05 05:00:00.000,61
8378563200,2016-07-05 06:00:00.000,0
8378563200,2016-07-05 07:00:00.000,122
8378563200,2016-07-05 08:00:00.000,208
8378563200,2016-07-05 09:00:00.000,61
8378563200,2016-07-05 10:00:00.000,51
8378563200,2016-07-05 11:00:00.000,92
8378563200,2016-07-05 12:00:00.000,461
8378563200,2016-07-05 13:00:00.000,1112
8378563200,2016-07-05 14:00:00.000,749
8378563200,2016-07-05 15:00:00.000,480
8378563200,2016-07-05 16:00:00.000,299
8378563200,2016-07-05 17:00:00.000,0
8378563200,2016-07-05 18:00:00.000,121
8378563200,2016-07-05 19:00:00.000,211
8378563200,2016-07-05 20:00:00.000,27
8378563200,2016-07-05 21:00:00.000,171
8378563200,2016-07-05 22:00:00.000,223
8378563200,2016-07-05 23:00:00.000,0
8378563200,2016-08-05 00:00:00.000,14
8378563200,2016-08-05 01:00:00.000,0
8378563200,2016-08-05 02:00:00.000,49
8378563200,2016-08-05 03:00:00.000,12
8378563200,2016-08-05 04:00:00.000,0
8378563200,2016-08-05 05:00:00.000,0
8378563200,2016-08-05 06:00:00.000,0
8378563200,2016-08-05 07:00:00.000,74
8378563200,2016-08-05 08:00:00.000,0
8378563200,2016-08-05 09:00:00.000,247
8378563200,2016-08-05 10:00:00.000,157
8378563200,2016-08-05 11:00:00.000,111
8378563200,2016-08-05 12:00:00.000,496
8378563200,2016-08-05 13:00:00.000,204
8378563200,2016-08-05 14:00:00.000,107
8378563200,2016-08-05 15:00:00.000,506
8378563200,2016-08-05 16:00:00.000,139
8378563200,2016-08-05 17:00:00.000,215
8378563200,2016-08-05 18:00:00.000,28
8378563200,2016-08-05 19:00:00.000,110
8378563200,2016-08-05 20:00:00.000,204
8378563200,2016-08-05 21:00:00.000,256
8378563200,2016-08-05 22:00:00.000,0
8378563200,2016-08-05 23:00:00.000,14
8378563200,2016-09-05 00:00:00.000,54
8378563200,2016-09-05 01:00:00.000,55
8378563200,2016-09-05 02:00:00.000,0
8378563200,2016-09-05 03:00:00.000,0
8378563200,2016-09-05 04:00:00.000,255
8378563200,2016-09-05 05:00:00.000,0
8378563200,2016-09-05 06:00:00.000,244
8378563200,2016-09-05 07:00:00.000,431
8378563200,2016-09-05 08:00:00.000,1539
8378563200,2016-09-05 09:00:00.000,448
8378563200,2016-09-05 10:00:00.000,1180
8378563200,2016-09-05 11:00:00.000,585
8378563200,2016-09-05 12:00:00.000,408
8378563200,2016-09-05 13:00:00.000,590
8378563200,2016-09-05 14:00:00.000,177
8378563200,2016-09-05 15:00:00.000,355
8378563200,2016-09-05 16:00:00.000,271
8378563200,2016-09-05 17:00:00.000,689
8378563200,2016-09-05 18:00:00.000,222
8378563200,2016-09-05 19:00:00.000,173
8378563200,2016-09-05 20:00:00.000,413
8378563200,2016-09-05 21:00:00.000,205
8378563200,2016-09-05 22:00:00.000,88
8378563200,2016-09-05 23:00:00.000,0
8378563200,2016-10-05 00:00:00.000,0
8378563200,2016-10-05 01:00:00.000,0
8378563200,2016-10-05 02:00:00.000,0
8378563200,2016-10-05 03:00:00.000,0
8378563200,2016-10-05 04:00:00.000,361
8378563200,2016-10-05 05:00:00.000,0
8378563200,2016-10-05 06:00:00.000,151
8378563200,2016-10-05 07:00:00.000,570
8378563200,2016-10-05 08:00:00.000,1199
8378563200,2016-10-05 09:00:00.000,327
8378563200,2016-10-05 10:00:00.000,383
8378563200,2016-10-05 11:00:00.000,43
8378563200,2016-10-05 12:00:00.000,562
8378563200,2016-10-05 13:00:00.000,115
8378563200,2016-10-05 14:00:00.000,424
8378563200,2016-10-05 15:00:00.000,244
8378563200,2016-10-05 16:00:00.000,909
8378563200,2016-10-05 17:00:00.000,310
8378563200,2016-10-05 18:00:00.000,53
8378563200,2016-10-05 19:00:00.000,310
8378563200,2016-10-05 20:00:00.000,176
8378563200,2016-10-05 21:00:00.000,445
8378563200,2016-10-05 22:00:00.000,0
8378563200,2016-10-05 23:00:00.000,0
8378563200,2016-11-05 00:00:00.000,0
8378563200,2016-11-05 01:00:00.000,0
8378563200,2016-11-05 02:00:00.000,0
8378563200,2016-11-05 03:00:00.000,12
8378563200,2016-11-05 04:00:00.000,313
8378563200,2016-11-05 05:00:00.000,0
8378563200,2016-11-05 06:00:00.000,212
8378563200,2016-11-05 07:00:00.000,402
8378563200,2016-11-05 08:00:00.000,1396
8378563200,2016-11-05 09:00:00.000,440
8378563200,2016-11-05 10:00:00.000,1108
8378563200,2016-11-05 11:00:00.000,1302
8378563200,2016-11-05 12:00:00.000,870
8378563200,2016-11-05 13:00:00.000,488
8378563200,2016-11-05 14:00:00.000,439
8378563200,2016-11-05 15:00:00.000,319
8378563200,2016-11-05 16:00:00.000,162
8378563200,2016-11-05 17:00:00.000,926
8378563200,2016-11-05 18:00:00.000,207
8378563200,2016-11-05 19:00:00.000,71
8378563200,2016-11-05 20:00:00.000,252
8378563200,2016-11-05 21:00:00.000,136
8378563200,2016-11-05 22:00:00.000,0
8378563200,2016-11-05 23:00:00.000,88
8378563200,2016-12-05 00:00:00.000,0
8378563200,2016-12-05 01:00:00.000,17
8378563200,2016-12-05 02:00:00.000,8
8378563200,2016-12-05 03:00:00.000,0
8378563200,2016-12-05 04:00:00.000,49
8378563200,2016-12-05 05:00:00.000,0
8378563200,2016-12-05 06:00:00.000,236
8378563200,2016-12-05 07:00:00.000,498
8378563200,2016-12-05 08:00:00.000,1173
8378563200,2016-12-05 09:00:00.000,542
8378563200,2016-12-05 10:00:00.000,643
8378563200,2016-12-05 11:00:00.000,386
8378563200,2016-12-05 12:00:00.000,22
8378563200,2016-12-05 13:00:00.000,436
8378563200,2016-12-05 14:00:00.000,46
8583815059,2016-12-04 00:00:00.000,0
8583815059,2016-12-04 01:00:00.000,0
8583815059,2016-12-04 02:00:00.000,0
8583815059,2016-12-04 03:00:00.000,0
8583815059,2016-12-04 04:00:00.000,0
8583815059,2016-12-04 05:00:00.000,0
8583815059,2016-12-04 06:00:00.000,0
8583815059,2016-12-04 07:00:00.000,0
8583815059,2016-12-04 08:00:00.000,0
8583815059,2016-12-04 09:00:00.000,55
8583815059,2016-12-04 10:00:00.000,0
8583815059,2016-12-04 11:00:00.000,35
8583815059,2016-12-04 12:00:00.000,327
8583815059,2016-12-04 13:00:00.000,807
8583815059,2016-12-04 14:00:00.000,250
8583815059,2016-12-04 15:00:00.000,265
8583815059,2016-12-04 16:00:00.000,731
8583815059,2016-12-04 17:00:00.000,962
8583815059,2016-12-04 18:00:00.000,175
8583815059,2016-12-04 19:00:00.000,987
8583815059,2016-12-04 20:00:00.000,30
8583815059,2016-12-04 21:00:00.000,63
8583815059,2016-12-04 22:00:00.000,63
8583815059,2016-12-04 23:00:00.000,264
8583815059,2016-04-13 00:00:00.000,0
8583815059,2016-04-13 01:00:00.000,0
8583815059,2016-04-13 02:00:00.000,0
8583815059,2016-04-13 03:00:00.000,0
8583815059,2016-04-13 04:00:00.000,0
8583815059,2016-04-13 05:00:00.000,0
8583815059,2016-04-13 06:00:00.000,0
8583815059,2016-04-13 07:00:00.000,0
8583815059,2016-04-13 08:00:00.000,0
8583815059,2016-04-13 09:00:00.000,105
8583815059,2016-04-13 10:00:00.000,562
8583815059,2016-04-13 11:00:00.000,1559
8583815059,2016-04-13 12:00:00.000,2351
8583815059,2016-04-13 13:00:00.000,212
8583815059,2016-04-13 14:00:00.000,0
8583815059,2016-04-13 15:00:00.000,14
8583815059,2016-04-13 16:00:00.000,8
8583815059,2016-04-13 17:00:00.000,338
8583815059,2016-04-13 18:00:00.000,46
8583815059,2016-04-13 19:00:00.000,13
8583815059,2016-04-13 20:00:00.000,123
8583815059,2016-04-13 21:00:00.000,83
8583815059,2016-04-13 22:00:00.000,114
8583815059,2016-04-13 23:00:00.000,43
8583815059,2016-04-14 00:00:00.000,113
8583815059,2016-04-14 01:00:00.000,0
8583815059,2016-04-14 02:00:00.000,0
8583815059,2016-04-14 03:00:00.000,0
8583815059,2016-04-14 04:00:00.000,0
8583815059,2016-04-14 05:00:00.000,0
8583815059,2016-04-14 06:00:00.000,0
8583815059,2016-04-14 07:00:00.000,0
8583815059,2016-04-14 08:00:00.000,0
8583815059,2016-04-14 09:00:00.000,131
8583815059,2016-04-14 10:00:00.000,201
8583815059,2016-04-14 11:00:00.000,53
8583815059,2016-04-14 12:00:00.000,75
8583815059,2016-04-14 13:00:00.000,110
8583815059,2016-04-14 14:00:00.000,180
8583815059,2016-04-14 15:00:00.000,84
8583815059,2016-04-14 16:00:00.000,388
8583815059,2016-04-14 17:00:00.000,1225
8583815059,2016-04-14 18:00:00.000,170
8583815059,2016-04-14 19:00:00.000,108
8583815059,2016-04-14 20:00:00.000,43
8583815059,2016-04-14 21:00:00.000,93
8583815059,2016-04-14 22:00:00.000,112
8583815059,2016-04-14 23:00:00.000,32
8583815059,2016-04-15 00:00:00.000,134
8583815059,2016-04-15 01:00:00.000,0
8583815059,2016-04-15 02:00:00.000,0
8583815059,2016-04-15 03:00:00.000,0
8583815059,2016-04-15 04:00:00.000,0
8583815059,2016-04-15 05:00:00.000,0
8583815059,2016-04-15 06:00:00.000,0
8583815059,2016-04-15 07:00:00.000,0
8583815059,2016-04-15 08:00:00.000,0
8583815059,2016-04-15 09:00:00.000,89
8583815059,2016-04-15 10:00:00.000,4
8583815059,2016-04-15 11:00:00.000,27
8583815059,2016-04-15 12:00:00.000,141
8583815059,2016-04-15 13:00:00.000,120
8583815059,2016-04-15 14:00:00.000,162
8583815059,2016-04-15 15:00:00.000,376
8583815059,2016-04-15 16:00:00.000,105
8583815059,2016-04-15 17:00:00.000,0
8583815059,2016-04-15 18:00:00.000,0
8583815059,2016-04-15 19:00:00.000,0
8583815059,2016-04-15 20:00:00.000,0
8583815059,2016-04-15 21:00:00.000,0
8583815059,2016-04-15 22:00:00.000,0
8583815059,2016-04-15 23:00:00.000,0
8583815059,2016-04-16 00:00:00.000,0
8583815059,2016-04-16 01:00:00.000,0
8583815059,2016-04-16 02:00:00.000,0
8583815059,2016-04-16 03:00:00.000,0
8583815059,2016-04-16 04:00:00.000,0
8583815059,2016-04-16 05:00:00.000,0
8583815059,2016-04-16 06:00:00.000,0
8583815059,2016-04-16 07:00:00.000,0
8583815059,2016-04-16 08:00:00.000,0
8583815059,2016-04-16 09:00:00.000,0
8583815059,2016-04-16 10:00:00.000,0
8583815059,2016-04-16 11:00:00.000,0
8583815059,2016-04-16 12:00:00.000,0
8583815059,2016-04-16 13:00:00.000,0
8583815059,2016-04-16 14:00:00.000,0
8583815059,2016-04-16 15:00:00.000,0
8583815059,2016-04-16 16:00:00.000,0
8583815059,2016-04-16 17:00:00.000,0
8583815059,2016-04-16 18:00:00.000,0
8583815059,2016-04-16 19:00:00.000,0
8583815059,2016-04-16 20:00:00.000,0
8583815059,2016-04-16 21:00:00.000,0
8583815059,2016-04-16 22:00:00.000,0
8583815059,2016-04-16 23:00:00.000,0
8583815059,2016-04-17 00:00:00.000,0
8583815059,2016-04-17 01:00:00.000,0
8583815059,2016-04-17 02:00:00.000,0
8583815059,2016-04-17 03:00:00.000,0
8583815059,2016-04-17 04:00:00.000,0
8583815059,2016-04-17 05:00:00.000,0
8583815059,2016-04-17 06:00:00.000,0
8583815059,2016-04-17 07:00:00.000,0
8583815059,2016-04-17 08:00:00.000,0
8583815059,2016-04-17 09:00:00.000,0
8583815059,2016-04-17 10:00:00.000,0
8583815059,2016-04-17 11:00:00.000,0
8583815059,2016-04-17 12:00:00.000,0
8583815059,2016-04-17 13:00:00.000,0
8583815059,2016-04-17 14:00:00.000,0
8583815059,2016-04-17 15:00:00.000,0
8583815059,2016-04-17 16:00:00.000,0
8583815059,2016-04-17 17:00:00.000,0
8583815059,2016-04-17 18:00:00.000,0
8583815059,2016-04-17 19:00:00.000,0
8583815059,2016-04-17 20:00:00.000,0
8583815059,2016-04-17 21:00:00.000,0
8583815059,2016-04-17 22:00:00.000,0
8583815059,2016-04-17 23:00:00.000,0
8583815059,2016-04-18 00:00:00.000,0
8583815059,2016-04-18 01:00:00.000,0
8583815059,2016-04-18 02:00:00.000,0
8583815059,2016-04-18 03:00:00.000,0
8583815059,2016-04-18 04:00:00.000,0
8583815059,2016-04-18 05:00:00.000,0
8583815059,2016-04-18 06:00:00.000,0
8583815059,2016-04-18 07:00:00.000,0
8583815059,2016-04-18 08:00:00.000,624
8583815059,2016-04-18 09:00:00.000,0
8583815059,2016-04-18 10:00:00.000,2096
8583815059,2016-04-18 11:00:00.000,5
8583815059,2016-04-18 12:00:00.000,19
8583815059,2016-04-18 13:00:00.000,56
8583815059,2016-04-18 14:00:00.000,11
8583815059,2016-04-18 15:00:00.000,78
8583815059,2016-04-18 16:00:00.000,37
8583815059,2016-04-18 17:00:00.000,38
8583815059,2016-04-18 18:00:00.000,29
8583815059,2016-04-18 19:00:00.000,132
8583815059,2016-04-18 20:00:00.000,59
8583815059,2016-04-18 21:00:00.000,165
8583815059,2016-04-18 22:00:00.000,29
8583815059,2016-04-18 23:00:00.000,103
8583815059,2016-04-19 00:00:00.000,0
8583815059,2016-04-19 01:00:00.000,0
8583815059,2016-04-19 02:00:00.000,0
8583815059,2016-04-19 03:00:00.000,0
8583815059,2016-04-19 04:00:00.000,0
8583815059,2016-04-19 05:00:00.000,0
8583815059,2016-04-19 06:00:00.000,0
8583815059,2016-04-19 07:00:00.000,0
8583815059,2016-04-19 08:00:00.000,0
8583815059,2016-04-19 09:00:00.000,0
8583815059,2016-04-19 10:00:00.000,90
8583815059,2016-04-19 11:00:00.000,433
8583815059,2016-04-19 12:00:00.000,1471
8583815059,2016-04-19 13:00:00.000,1404
8583815059,2016-04-19 14:00:00.000,941
8583815059,2016-04-19 15:00:00.000,40
8583815059,2016-04-19 16:00:00.000,0
8583815059,2016-04-19 17:00:00.000,462
8583815059,2016-04-19 18:00:00.000,350
8583815059,2016-04-19 19:00:00.000,70
8583815059,2016-04-19 20:00:00.000,106
8583815059,2016-04-19 21:00:00.000,61
8583815059,2016-04-19 22:00:00.000,140
8583815059,2016-04-19 23:00:00.000,129
8583815059,2016-04-20 00:00:00.000,0
8583815059,2016-04-20 01:00:00.000,0
8583815059,2016-04-20 02:00:00.000,0
8583815059,2016-04-20 03:00:00.000,0
8583815059,2016-04-20 04:00:00.000,0
8583815059,2016-04-20 05:00:00.000,0
8583815059,2016-04-20 06:00:00.000,0
8583815059,2016-04-20 07:00:00.000,0
8583815059,2016-04-20 08:00:00.000,0
8583815059,2016-04-20 09:00:00.000,0
8583815059,2016-04-20 10:00:00.000,168
8583815059,2016-04-20 11:00:00.000,241
8583815059,2016-04-20 12:00:00.000,242
8583815059,2016-04-20 13:00:00.000,808
8583815059,2016-04-20 14:00:00.000,1653
8583815059,2016-04-20 15:00:00.000,842
8583815059,2016-04-20 16:00:00.000,452
8583815059,2016-04-20 17:00:00.000,60
8583815059,2016-04-20 18:00:00.000,359
8583815059,2016-04-20 19:00:00.000,8
8583815059,2016-04-20 20:00:00.000,183
8583815059,2016-04-20 21:00:00.000,178
8583815059,2016-04-20 22:00:00.000,79
8583815059,2016-04-20 23:00:00.000,0
8583815059,2016-04-21 00:00:00.000,77
8583815059,2016-04-21 01:00:00.000,0
8583815059,2016-04-21 02:00:00.000,0
8583815059,2016-04-21 03:00:00.000,0
8583815059,2016-04-21 04:00:00.000,0
8583815059,2016-04-21 05:00:00.000,0
8583815059,2016-04-21 06:00:00.000,0
8583815059,2016-04-21 07:00:00.000,0
8583815059,2016-04-21 08:00:00.000,0
8583815059,2016-04-21 09:00:00.000,76
8583815059,2016-04-21 10:00:00.000,414
8583815059,2016-04-21 11:00:00.000,71
8583815059,2016-04-21 12:00:00.000,450
8583815059,2016-04-21 13:00:00.000,140
8583815059,2016-04-21 14:00:00.000,2063
8583815059,2016-04-21 15:00:00.000,3092
8583815059,2016-04-21 16:00:00.000,202
8583815059,2016-04-21 17:00:00.000,105
8583815059,2016-04-21 18:00:00.000,520
8583815059,2016-04-21 19:00:00.000,776
8583815059,2016-04-21 20:00:00.000,145
8583815059,2016-04-21 21:00:00.000,383
8583815059,2016-04-21 22:00:00.000,0
8583815059,2016-04-21 23:00:00.000,24
8583815059,2016-04-22 00:00:00.000,96
8583815059,2016-04-22 01:00:00.000,0
8583815059,2016-04-22 02:00:00.000,0
8583815059,2016-04-22 03:00:00.000,0
8583815059,2016-04-22 04:00:00.000,0
8583815059,2016-04-22 05:00:00.000,0
8583815059,2016-04-22 06:00:00.000,0
8583815059,2016-04-22 07:00:00.000,0
8583815059,2016-04-22 08:00:00.000,0
8583815059,2016-04-22 09:00:00.000,146
8583815059,2016-04-22 10:00:00.000,441
8583815059,2016-04-22 11:00:00.000,1655
8583815059,2016-04-22 12:00:00.000,1690
8583815059,2016-04-22 13:00:00.000,2228
8583815059,2016-04-22 14:00:00.000,616
8583815059,2016-04-22 15:00:00.000,30
8583815059,2016-04-22 16:00:00.000,269
8583815059,2016-04-22 17:00:00.000,604
8583815059,2016-04-22 18:00:00.000,298
8583815059,2016-04-22 19:00:00.000,207
8583815059,2016-04-22 20:00:00.000,20
8583815059,2016-04-22 21:00:00.000,67
8583815059,2016-04-22 22:00:00.000,54
8583815059,2016-04-22 23:00:00.000,266
8583815059,2016-04-23 00:00:00.000,0
8583815059,2016-04-23 01:00:00.000,0
8583815059,2016-04-23 02:00:00.000,0
8583815059,2016-04-23 03:00:00.000,0
8583815059,2016-04-23 04:00:00.000,0
8583815059,2016-04-23 05:00:00.000,0
8583815059,2016-04-23 06:00:00.000,0
8583815059,2016-04-23 07:00:00.000,0
8583815059,2016-04-23 08:00:00.000,0
8583815059,2016-04-23 09:00:00.000,398
8583815059,2016-04-23 10:00:00.000,2575
8583815059,2016-04-23 11:00:00.000,1914
8583815059,2016-04-23 12:00:00.000,1443
8583815059,2016-04-23 13:00:00.000,516
8583815059,2016-04-23 14:00:00.000,176
8583815059,2016-04-23 15:00:00.000,418
8583815059,2016-04-23 16:00:00.000,555
8583815059,2016-04-23 17:00:00.000,111
8583815059,2016-04-23 18:00:00.000,125
8583815059,2016-04-23 19:00:00.000,423
8583815059,2016-04-23 20:00:00.000,411
8583815059,2016-04-23 21:00:00.000,51
8583815059,2016-04-23 22:00:00.000,171
8583815059,2016-04-23 23:00:00.000,94
8583815059,2016-04-24 00:00:00.000,267
8583815059,2016-04-24 01:00:00.000,0
8583815059,2016-04-24 02:00:00.000,0
8583815059,2016-04-24 03:00:00.000,0
8583815059,2016-04-24 04:00:00.000,0
8583815059,2016-04-24 05:00:00.000,0
8583815059,2016-04-24 06:00:00.000,0
8583815059,2016-04-24 07:00:00.000,0
8583815059,2016-04-24 08:00:00.000,0
8583815059,2016-04-24 09:00:00.000,0
8583815059,2016-04-24 10:00:00.000,110
8583815059,2016-04-24 11:00:00.000,51
8583815059,2016-04-24 12:00:00.000,215
8583815059,2016-04-24 13:00:00.000,615
8583815059,2016-04-24 14:00:00.000,1612
8583815059,2016-04-24 15:00:00.000,1888
8583815059,2016-04-24 16:00:00.000,1632
8583815059,2016-04-24 17:00:00.000,1241
8583815059,2016-04-24 18:00:00.000,31
8583815059,2016-04-24 19:00:00.000,338
8583815059,2016-04-24 20:00:00.000,20
8583815059,2016-04-24 21:00:00.000,25
8583815059,2016-04-24 22:00:00.000,65
8583815059,2016-04-24 23:00:00.000,176
8583815059,2016-04-25 00:00:00.000,0
8583815059,2016-04-25 01:00:00.000,0
8583815059,2016-04-25 02:00:00.000,0
8583815059,2016-04-25 03:00:00.000,0
8583815059,2016-04-25 04:00:00.000,0
8583815059,2016-04-25 05:00:00.000,0
8583815059,2016-04-25 06:00:00.000,0
8583815059,2016-04-25 07:00:00.000,0
8583815059,2016-04-25 08:00:00.000,0
8583815059,2016-04-25 09:00:00.000,995
8583815059,2016-04-25 10:00:00.000,1447
8583815059,2016-04-25 11:00:00.000,158
8583815059,2016-04-25 12:00:00.000,96
8583815059,2016-04-25 13:00:00.000,184
8583815059,2016-04-25 14:00:00.000,0
8583815059,2016-04-25 15:00:00.000,420
8583815059,2016-04-25 16:00:00.000,533
8583815059,2016-04-25 17:00:00.000,32
8583815059,2016-04-25 18:00:00.000,40
8583815059,2016-04-25 19:00:00.000,76
8583815059,2016-04-25 20:00:00.000,154
8583815059,2016-04-25 21:00:00.000,30
8583815059,2016-04-25 22:00:00.000,106
8583815059,2016-04-25 23:00:00.000,232
8583815059,2016-04-26 00:00:00.000,0
8583815059,2016-04-26 01:00:00.000,0
8583815059,2016-04-26 02:00:00.000,0
8583815059,2016-04-26 03:00:00.000,0
8583815059,2016-04-26 04:00:00.000,0
8583815059,2016-04-26 05:00:00.000,0
8583815059,2016-04-26 06:00:00.000,0
8583815059,2016-04-26 07:00:00.000,0
8583815059,2016-04-26 08:00:00.000,0
8583815059,2016-04-26 09:00:00.000,90
8583815059,2016-04-26 10:00:00.000,526
8583815059,2016-04-26 11:00:00.000,1346
8583815059,2016-04-26 12:00:00.000,1403
8583815059,2016-04-26 13:00:00.000,804
8583815059,2016-04-26 14:00:00.000,1093
8583815059,2016-04-26 15:00:00.000,2940
8583815059,2016-04-26 16:00:00.000,1020
8583815059,2016-04-26 17:00:00.000,379
8583815059,2016-04-26 18:00:00.000,185
8583815059,2016-04-26 19:00:00.000,466
8583815059,2016-04-26 20:00:00.000,183
8583815059,2016-04-26 21:00:00.000,51
8583815059,2016-04-26 22:00:00.000,13
8583815059,2016-04-26 23:00:00.000,0
8583815059,2016-04-27 00:00:00.000,98
8583815059,2016-04-27 01:00:00.000,0
8583815059,2016-04-27 02:00:00.000,0
8583815059,2016-04-27 03:00:00.000,0
8583815059,2016-04-27 04:00:00.000,0
8583815059,2016-04-27 05:00:00.000,0
8583815059,2016-04-27 06:00:00.000,0
8583815059,2016-04-27 07:00:00.000,0
8583815059,2016-04-27 08:00:00.000,0
8583815059,2016-04-27 09:00:00.000,0
8583815059,2016-04-27 10:00:00.000,29
8583815059,2016-04-27 11:00:00.000,87
8583815059,2016-04-27 12:00:00.000,224
8583815059,2016-04-27 13:00:00.000,2401
8583815059,2016-04-27 14:00:00.000,1652
8583815059,2016-04-27 15:00:00.000,6503
8583815059,2016-04-27 16:00:00.000,934
8583815059,2016-04-27 17:00:00.000,77
8583815059,2016-04-27 18:00:00.000,52
8583815059,2016-04-27 19:00:00.000,76
8583815059,2016-04-27 20:00:00.000,35
8583815059,2016-04-27 21:00:00.000,99
8583815059,2016-04-27 22:00:00.000,44
8583815059,2016-04-27 23:00:00.000,163
8583815059,2016-04-28 00:00:00.000,0
8583815059,2016-04-28 01:00:00.000,0
8583815059,2016-04-28 02:00:00.000,0
8583815059,2016-04-28 03:00:00.000,0
8583815059,2016-04-28 04:00:00.000,0
8583815059,2016-04-28 05:00:00.000,0
8583815059,2016-04-28 06:00:00.000,0
8583815059,2016-04-28 07:00:00.000,0
8583815059,2016-04-28 08:00:00.000,0
8583815059,2016-04-28 09:00:00.000,401
8583815059,2016-04-28 10:00:00.000,11
8583815059,2016-04-28 11:00:00.000,100
8583815059,2016-04-28 12:00:00.000,712
8583815059,2016-04-28 13:00:00.000,1867
8583815059,2016-04-28 14:00:00.000,1474
8583815059,2016-04-28 15:00:00.000,351
8583815059,2016-04-28 16:00:00.000,219
8583815059,2016-04-28 17:00:00.000,159
8583815059,2016-04-28 18:00:00.000,134
8583815059,2016-04-28 19:00:00.000,177
8583815059,2016-04-28 20:00:00.000,251
8583815059,2016-04-28 21:00:00.000,112
8583815059,2016-04-28 22:00:00.000,66
8583815059,2016-04-28 23:00:00.000,140
8583815059,2016-04-29 00:00:00.000,0
8583815059,2016-04-29 01:00:00.000,0
8583815059,2016-04-29 02:00:00.000,0
8583815059,2016-04-29 03:00:00.000,0
8583815059,2016-04-29 04:00:00.000,0
8583815059,2016-04-29 05:00:00.000,0
8583815059,2016-04-29 06:00:00.000,0
8583815059,2016-04-29 07:00:00.000,149
8583815059,2016-04-29 08:00:00.000,3955
8583815059,2016-04-29 09:00:00.000,87
8583815059,2016-04-29 10:00:00.000,256
8583815059,2016-04-29 11:00:00.000,284
8583815059,2016-04-29 12:00:00.000,663
8583815059,2016-04-29 13:00:00.000,1905
8583815059,2016-04-29 14:00:00.000,2483
8583815059,2016-04-29 15:00:00.000,3085
8583815059,2016-04-29 16:00:00.000,1061
8583815059,2016-04-29 17:00:00.000,364
8583815059,2016-04-29 18:00:00.000,313
8583815059,2016-04-29 19:00:00.000,103
8583815059,2016-04-29 20:00:00.000,39
8583815059,2016-04-29 21:00:00.000,149
8583815059,2016-04-29 22:00:00.000,173
8583815059,2016-04-29 23:00:00.000,87
8583815059,2016-04-30 00:00:00.000,166
8583815059,2016-04-30 01:00:00.000,0
8583815059,2016-04-30 02:00:00.000,0
8583815059,2016-04-30 03:00:00.000,0
8583815059,2016-04-30 04:00:00.000,0
8583815059,2016-04-30 05:00:00.000,0
8583815059,2016-04-30 06:00:00.000,0
8583815059,2016-04-30 07:00:00.000,0
8583815059,2016-04-30 08:00:00.000,0
8583815059,2016-04-30 09:00:00.000,45
8583815059,2016-04-30 10:00:00.000,468
8583815059,2016-04-30 11:00:00.000,656
8583815059,2016-04-30 12:00:00.000,1823
8583815059,2016-04-30 13:00:00.000,1651
8583815059,2016-04-30 14:00:00.000,728
8583815059,2016-04-30 15:00:00.000,1327
8583815059,2016-04-30 16:00:00.000,556
8583815059,2016-04-30 17:00:00.000,498
8583815059,2016-04-30 18:00:00.000,343
8583815059,2016-04-30 19:00:00.000,169
8583815059,2016-04-30 20:00:00.000,279
8583815059,2016-04-30 21:00:00.000,228
8583815059,2016-04-30 22:00:00.000,860
8583815059,2016-04-30 23:00:00.000,288
8583815059,2016-01-05 00:00:00.000,1361
8583815059,2016-01-05 01:00:00.000,67
8583815059,2016-01-05 02:00:00.000,0
8583815059,2016-01-05 03:00:00.000,0
8583815059,2016-01-05 04:00:00.000,0
8583815059,2016-01-05 05:00:00.000,0
8583815059,2016-01-05 06:00:00.000,0
8583815059,2016-01-05 07:00:00.000,0
8583815059,2016-01-05 08:00:00.000,0
8583815059,2016-01-05 09:00:00.000,0
8583815059,2016-01-05 10:00:00.000,624
8583815059,2016-01-05 11:00:00.000,1179
8583815059,2016-01-05 12:00:00.000,460
8583815059,2016-01-05 13:00:00.000,0
8583815059,2016-01-05 14:00:00.000,6
8583815059,2016-01-05 15:00:00.000,0
8583815059,2016-01-05 16:00:00.000,76
8583815059,2016-01-05 17:00:00.000,0
8583815059,2016-01-05 18:00:00.000,0
8583815059,2016-01-05 19:00:00.000,0
8583815059,2016-01-05 20:00:00.000,0
8583815059,2016-01-05 21:00:00.000,0
8583815059,2016-01-05 22:00:00.000,0
8583815059,2016-01-05 23:00:00.000,0
8583815059,2016-02-05 00:00:00.000,0
8583815059,2016-02-05 01:00:00.000,0
8583815059,2016-02-05 02:00:00.000,0
8583815059,2016-02-05 03:00:00.000,0
8583815059,2016-02-05 04:00:00.000,0
8583815059,2016-02-05 05:00:00.000,0
8583815059,2016-02-05 06:00:00.000,0
8583815059,2016-02-05 07:00:00.000,0
8583815059,2016-02-05 08:00:00.000,0
8583815059,2016-02-05 09:00:00.000,0
8583815059,2016-02-05 10:00:00.000,0
8583815059,2016-02-05 11:00:00.000,0
8583815059,2016-02-05 12:00:00.000,0
8583815059,2016-02-05 13:00:00.000,0
8583815059,2016-02-05 14:00:00.000,0
8583815059,2016-02-05 15:00:00.000,0
8583815059,2016-02-05 16:00:00.000,0
8583815059,2016-02-05 17:00:00.000,0
8583815059,2016-02-05 18:00:00.000,0
8583815059,2016-02-05 19:00:00.000,0
8583815059,2016-02-05 20:00:00.000,0
8583815059,2016-02-05 21:00:00.000,0
8583815059,2016-02-05 22:00:00.000,0
8583815059,2016-02-05 23:00:00.000,0
8583815059,2016-03-05 00:00:00.000,0
8583815059,2016-03-05 01:00:00.000,0
8583815059,2016-03-05 02:00:00.000,0
8583815059,2016-03-05 03:00:00.000,0
8583815059,2016-03-05 04:00:00.000,0
8583815059,2016-03-05 05:00:00.000,0
8583815059,2016-03-05 06:00:00.000,0
8583815059,2016-03-05 07:00:00.000,0
8583815059,2016-03-05 08:00:00.000,0
8583815059,2016-03-05 09:00:00.000,0
8583815059,2016-03-05 10:00:00.000,0
8583815059,2016-03-05 11:00:00.000,0
8583815059,2016-03-05 12:00:00.000,0
8583815059,2016-03-05 13:00:00.000,0
8583815059,2016-03-05 14:00:00.000,0
8583815059,2016-03-05 15:00:00.000,0
8583815059,2016-03-05 16:00:00.000,0
8583815059,2016-03-05 17:00:00.000,0
8583815059,2016-03-05 18:00:00.000,0
8583815059,2016-03-05 19:00:00.000,0
8583815059,2016-03-05 20:00:00.000,0
8583815059,2016-03-05 21:00:00.000,0
8583815059,2016-03-05 22:00:00.000,0
8583815059,2016-03-05 23:00:00.000,0
8583815059,2016-04-05 00:00:00.000,0
8583815059,2016-04-05 01:00:00.000,0
8583815059,2016-04-05 02:00:00.000,0
8583815059,2016-04-05 03:00:00.000,0
8583815059,2016-04-05 04:00:00.000,0
8583815059,2016-04-05 05:00:00.000,0
8583815059,2016-04-05 06:00:00.000,0
8583815059,2016-04-05 07:00:00.000,0
8583815059,2016-04-05 08:00:00.000,0
8583815059,2016-04-05 09:00:00.000,0
8583815059,2016-04-05 10:00:00.000,0
8583815059,2016-04-05 11:00:00.000,0
8583815059,2016-04-05 12:00:00.000,0
8583815059,2016-04-05 13:00:00.000,0
8583815059,2016-04-05 14:00:00.000,0
8583815059,2016-04-05 15:00:00.000,0
8583815059,2016-04-05 16:00:00.000,0
8583815059,2016-04-05 17:00:00.000,0
8583815059,2016-04-05 18:00:00.000,0
8583815059,2016-04-05 19:00:00.000,0
8583815059,2016-04-05 20:00:00.000,0
8583815059,2016-04-05 21:00:00.000,0
8583815059,2016-04-05 22:00:00.000,0
8583815059,2016-04-05 23:00:00.000,0
8583815059,2016-05-05 00:00:00.000,0
8583815059,2016-05-05 01:00:00.000,0
8583815059,2016-05-05 02:00:00.000,0
8583815059,2016-05-05 03:00:00.000,0
8583815059,2016-05-05 04:00:00.000,0
8583815059,2016-05-05 05:00:00.000,0
8583815059,2016-05-05 06:00:00.000,0
8583815059,2016-05-05 07:00:00.000,0
8583815059,2016-05-05 08:00:00.000,0
8583815059,2016-05-05 09:00:00.000,0
8583815059,2016-05-05 10:00:00.000,0
8583815059,2016-05-05 11:00:00.000,0
8583815059,2016-05-05 12:00:00.000,0
8583815059,2016-05-05 13:00:00.000,0
8583815059,2016-05-05 14:00:00.000,0
8583815059,2016-05-05 15:00:00.000,0
8583815059,2016-05-05 16:00:00.000,0
8583815059,2016-05-05 17:00:00.000,0
8583815059,2016-05-05 18:00:00.000,776
8583815059,2016-05-05 19:00:00.000,184
8583815059,2016-05-05 20:00:00.000,206
8583815059,2016-05-05 21:00:00.000,88
8583815059,2016-05-05 22:00:00.000,201
8583815059,2016-05-05 23:00:00.000,52
8583815059,2016-06-05 00:00:00.000,8
8583815059,2016-06-05 01:00:00.000,0
8583815059,2016-06-05 02:00:00.000,0
8583815059,2016-06-05 03:00:00.000,0
8583815059,2016-06-05 04:00:00.000,0
8583815059,2016-06-05 05:00:00.000,0
8583815059,2016-06-05 06:00:00.000,0
8583815059,2016-06-05 07:00:00.000,0
8583815059,2016-06-05 08:00:00.000,0
8583815059,2016-06-05 09:00:00.000,0
8583815059,2016-06-05 10:00:00.000,53
8583815059,2016-06-05 11:00:00.000,579
8583815059,2016-06-05 12:00:00.000,1460
8583815059,2016-06-05 13:00:00.000,1608
8583815059,2016-06-05 14:00:00.000,395
8583815059,2016-06-05 15:00:00.000,4
8583815059,2016-06-05 16:00:00.000,13
8583815059,2016-06-05 17:00:00.000,64
8583815059,2016-06-05 18:00:00.000,0
8583815059,2016-06-05 19:00:00.000,700
8583815059,2016-06-05 20:00:00.000,745
8583815059,2016-06-05 21:00:00.000,45
8583815059,2016-06-05 22:00:00.000,72
8583815059,2016-06-05 23:00:00.000,97
8583815059,2016-07-05 00:00:00.000,76
8583815059,2016-07-05 01:00:00.000,0
8583815059,2016-07-05 02:00:00.000,0
8583815059,2016-07-05 03:00:00.000,0
8583815059,2016-07-05 04:00:00.000,0
8583815059,2016-07-05 05:00:00.000,0
8583815059,2016-07-05 06:00:00.000,0
8583815059,2016-07-05 07:00:00.000,0
8583815059,2016-07-05 08:00:00.000,0
8583815059,2016-07-05 09:00:00.000,424
8583815059,2016-07-05 10:00:00.000,232
8583815059,2016-07-05 11:00:00.000,709
8583815059,2016-07-05 12:00:00.000,634
8583815059,2016-07-05 13:00:00.000,474
8583815059,2016-07-05 14:00:00.000,448
8583815059,2016-07-05 15:00:00.000,449
8583815059,2016-07-05 16:00:00.000,132
8583815059,2016-07-05 17:00:00.000,115
8583815059,2016-07-05 18:00:00.000,589
8583815059,2016-07-05 19:00:00.000,889
8583815059,2016-07-05 20:00:00.000,379
8583815059,2016-07-05 21:00:00.000,299
8583815059,2016-07-05 22:00:00.000,117
8583815059,2016-07-05 23:00:00.000,151
8583815059,2016-08-05 00:00:00.000,56
8583815059,2016-08-05 01:00:00.000,148
8583815059,2016-08-05 02:00:00.000,0
8583815059,2016-08-05 03:00:00.000,0
8583815059,2016-08-05 04:00:00.000,0
8583815059,2016-08-05 05:00:00.000,0
8583815059,2016-08-05 06:00:00.000,0
8583815059,2016-08-05 07:00:00.000,0
8583815059,2016-08-05 08:00:00.000,0
8583815059,2016-08-05 09:00:00.000,0
8583815059,2016-08-05 10:00:00.000,108
8583815059,2016-08-05 11:00:00.000,401
8583815059,2016-08-05 12:00:00.000,2484
8583815059,2016-08-05 13:00:00.000,2457
8583815059,2016-08-05 14:00:00.000,1787
8583815059,2016-08-05 15:00:00.000,304
8583815059,2016-08-05 16:00:00.000,52
8583815059,2016-08-05 17:00:00.000,0
8583815059,2016-08-05 18:00:00.000,175
8583815059,2016-08-05 19:00:00.000,962
8583815059,2016-08-05 20:00:00.000,225
8583815059,2016-08-05 21:00:00.000,0
8583815059,2016-08-05 22:00:00.000,16
8583815059,2016-08-05 23:00:00.000,42
8583815059,2016-09-05 00:00:00.000,0
8583815059,2016-09-05 01:00:00.000,0
8583815059,2016-09-05 02:00:00.000,0
8583815059,2016-09-05 03:00:00.000,0
8583815059,2016-09-05 04:00:00.000,0
8583815059,2016-09-05 05:00:00.000,0
8583815059,2016-09-05 06:00:00.000,0
8583815059,2016-09-05 07:00:00.000,0
8583815059,2016-09-05 08:00:00.000,0
8583815059,2016-09-05 09:00:00.000,122
8583815059,2016-09-05 10:00:00.000,0
8583815059,2016-09-05 11:00:00.000,75
8583815059,2016-09-05 12:00:00.000,28
8583815059,2016-09-05 13:00:00.000,0
8583815059,2016-09-05 14:00:00.000,547
8583815059,2016-09-05 15:00:00.000,6554
8583815059,2016-09-05 16:00:00.000,1066
8583815059,2016-09-05 17:00:00.000,0
8583815059,2016-09-05 18:00:00.000,11
8583815059,2016-09-05 19:00:00.000,570
8583815059,2016-09-05 20:00:00.000,483
8583815059,2016-09-05 21:00:00.000,99
8583815059,2016-09-05 22:00:00.000,274
8583815059,2016-09-05 23:00:00.000,5
8583815059,2016-10-05 00:00:00.000,194
8583815059,2016-10-05 01:00:00.000,0
8583815059,2016-10-05 02:00:00.000,0
8583815059,2016-10-05 03:00:00.000,0
8583815059,2016-10-05 04:00:00.000,0
8583815059,2016-10-05 05:00:00.000,0
8583815059,2016-10-05 06:00:00.000,0
8583815059,2016-10-05 07:00:00.000,0
8583815059,2016-10-05 08:00:00.000,0
8583815059,2016-10-05 09:00:00.000,225
8583815059,2016-10-05 10:00:00.000,331
8583815059,2016-10-05 11:00:00.000,664
8583815059,2016-10-05 12:00:00.000,2631
8583815059,2016-10-05 13:00:00.000,2371
8583815059,2016-10-05 14:00:00.000,1049
8583815059,2016-10-05 15:00:00.000,0
8583815059,2016-10-05 16:00:00.000,69
8583815059,2016-10-05 17:00:00.000,7
8583815059,2016-10-05 18:00:00.000,55
8583815059,2016-10-05 19:00:00.000,298
8583815059,2016-10-05 20:00:00.000,127
8583815059,2016-10-05 21:00:00.000,108
8583815059,2016-10-05 22:00:00.000,54
8583815059,2016-10-05 23:00:00.000,34
8583815059,2016-11-05 00:00:00.000,175
8583815059,2016-11-05 01:00:00.000,0
8583815059,2016-11-05 02:00:00.000,0
8583815059,2016-11-05 03:00:00.000,0
8583815059,2016-11-05 04:00:00.000,0
8583815059,2016-11-05 05:00:00.000,0
8583815059,2016-11-05 06:00:00.000,0
8583815059,2016-11-05 07:00:00.000,0
8583815059,2016-11-05 08:00:00.000,0
8583815059,2016-11-05 09:00:00.000,79
8583815059,2016-11-05 10:00:00.000,0
8583815059,2016-11-05 11:00:00.000,105
8583815059,2016-11-05 12:00:00.000,473
8583815059,2016-11-05 13:00:00.000,2278
8583815059,2016-11-05 14:00:00.000,2751
8583815059,2016-11-05 15:00:00.000,552
8583815059,2016-11-05 16:00:00.000,1068
8583815059,2016-11-05 17:00:00.000,331
8583815059,2016-11-05 18:00:00.000,179
8583815059,2016-11-05 19:00:00.000,17
8583815059,2016-11-05 20:00:00.000,429
8583815059,2016-11-05 21:00:00.000,160
8792009665,2016-12-04 00:00:00.000,0
8792009665,2016-12-04 01:00:00.000,0
8792009665,2016-12-04 02:00:00.000,7
8792009665,2016-12-04 03:00:00.000,0
8792009665,2016-12-04 04:00:00.000,0
8792009665,2016-12-04 05:00:00.000,0
8792009665,2016-12-04 06:00:00.000,0
8792009665,2016-12-04 07:00:00.000,0
8792009665,2016-12-04 08:00:00.000,13
8792009665,2016-12-04 09:00:00.000,0
8792009665,2016-12-04 10:00:00.000,69
8792009665,2016-12-04 11:00:00.000,81
8792009665,2016-12-04 12:00:00.000,291
8792009665,2016-12-04 13:00:00.000,7
8792009665,2016-12-04 14:00:00.000,7
8792009665,2016-12-04 15:00:00.000,83
8792009665,2016-12-04 16:00:00.000,135
8792009665,2016-12-04 17:00:00.000,23
8792009665,2016-12-04 18:00:00.000,781
8792009665,2016-12-04 19:00:00.000,700
8792009665,2016-12-04 20:00:00.000,119
8792009665,2016-12-04 21:00:00.000,16
8792009665,2016-12-04 22:00:00.000,32
8792009665,2016-12-04 23:00:00.000,192
8792009665,2016-04-13 00:00:00.000,162
8792009665,2016-04-13 01:00:00.000,19
8792009665,2016-04-13 02:00:00.000,9
8792009665,2016-04-13 03:00:00.000,0
8792009665,2016-04-13 04:00:00.000,0
8792009665,2016-04-13 05:00:00.000,0
8792009665,2016-04-13 06:00:00.000,8
8792009665,2016-04-13 07:00:00.000,62
8792009665,2016-04-13 08:00:00.000,0
8792009665,2016-04-13 09:00:00.000,0
8792009665,2016-04-13 10:00:00.000,91
8792009665,2016-04-13 11:00:00.000,113
8792009665,2016-04-13 12:00:00.000,10
8792009665,2016-04-13 13:00:00.000,187
8792009665,2016-04-13 14:00:00.000,0
8792009665,2016-04-13 15:00:00.000,49
8792009665,2016-04-13 16:00:00.000,15
8792009665,2016-04-13 17:00:00.000,96
8792009665,2016-04-13 18:00:00.000,83
8792009665,2016-04-13 19:00:00.000,206
8792009665,2016-04-13 20:00:00.000,64
8792009665,2016-04-13 21:00:00.000,74
8792009665,2016-04-13 22:00:00.000,72
8792009665,2016-04-13 23:00:00.000,0
8792009665,2016-04-14 00:00:00.000,279
8792009665,2016-04-14 01:00:00.000,45
8792009665,2016-04-14 02:00:00.000,13
8792009665,2016-04-14 03:00:00.000,0
8792009665,2016-04-14 04:00:00.000,0
8792009665,2016-04-14 05:00:00.000,0
8792009665,2016-04-14 06:00:00.000,7
8792009665,2016-04-14 07:00:00.000,0
8792009665,2016-04-14 08:00:00.000,7
8792009665,2016-04-14 09:00:00.000,0
8792009665,2016-04-14 10:00:00.000,0
8792009665,2016-04-14 11:00:00.000,227
8792009665,2016-04-14 12:00:00.000,148
8792009665,2016-04-14 13:00:00.000,15
8792009665,2016-04-14 14:00:00.000,0
8792009665,2016-04-14 15:00:00.000,50
8792009665,2016-04-14 16:00:00.000,25
8792009665,2016-04-14 17:00:00.000,110
8792009665,2016-04-14 18:00:00.000,165
8792009665,2016-04-14 19:00:00.000,0
8792009665,2016-04-14 20:00:00.000,0
8792009665,2016-04-14 21:00:00.000,43
8792009665,2016-04-14 22:00:00.000,5
8792009665,2016-04-14 23:00:00.000,80
8792009665,2016-04-15 00:00:00.000,227
8792009665,2016-04-15 01:00:00.000,43
8792009665,2016-04-15 02:00:00.000,49
8792009665,2016-04-15 03:00:00.000,29
8792009665,2016-04-15 04:00:00.000,7
8792009665,2016-04-15 05:00:00.000,0
8792009665,2016-04-15 06:00:00.000,0
8792009665,2016-04-15 07:00:00.000,0
8792009665,2016-04-15 08:00:00.000,0
8792009665,2016-04-15 09:00:00.000,34
8792009665,2016-04-15 10:00:00.000,99
8792009665,2016-04-15 11:00:00.000,185
8792009665,2016-04-15 12:00:00.000,85
8792009665,2016-04-15 13:00:00.000,13
8792009665,2016-04-15 14:00:00.000,0
8792009665,2016-04-15 15:00:00.000,30
8792009665,2016-04-15 16:00:00.000,239
8792009665,2016-04-15 17:00:00.000,86
8792009665,2016-04-15 18:00:00.000,724
8792009665,2016-04-15 19:00:00.000,246
8792009665,2016-04-15 20:00:00.000,215
8792009665,2016-04-15 21:00:00.000,0
8792009665,2016-04-15 22:00:00.000,94
8792009665,2016-04-15 23:00:00.000,78
8792009665,2016-04-16 00:00:00.000,98
8792009665,2016-04-16 01:00:00.000,146
8792009665,2016-04-16 02:00:00.000,0
8792009665,2016-04-16 03:00:00.000,0
8792009665,2016-04-16 04:00:00.000,0
8792009665,2016-04-16 05:00:00.000,0
8792009665,2016-04-16 06:00:00.000,0
8792009665,2016-04-16 07:00:00.000,0
8792009665,2016-04-16 08:00:00.000,0
8792009665,2016-04-16 09:00:00.000,0
8792009665,2016-04-16 10:00:00.000,0
8792009665,2016-04-16 11:00:00.000,0
8792009665,2016-04-16 12:00:00.000,0
8792009665,2016-04-16 13:00:00.000,0
8792009665,2016-04-16 14:00:00.000,0
8792009665,2016-04-16 15:00:00.000,0
8792009665,2016-04-16 16:00:00.000,0
8792009665,2016-04-16 17:00:00.000,0
8792009665,2016-04-16 18:00:00.000,0
8792009665,2016-04-16 19:00:00.000,0
8792009665,2016-04-16 20:00:00.000,0
8792009665,2016-04-16 21:00:00.000,0
8792009665,2016-04-16 22:00:00.000,0
8792009665,2016-04-16 23:00:00.000,0
8792009665,2016-04-17 00:00:00.000,0
8792009665,2016-04-17 01:00:00.000,0
8792009665,2016-04-17 02:00:00.000,0
8792009665,2016-04-17 03:00:00.000,0
8792009665,2016-04-17 04:00:00.000,0
8792009665,2016-04-17 05:00:00.000,0
8792009665,2016-04-17 06:00:00.000,0
8792009665,2016-04-17 07:00:00.000,0
8792009665,2016-04-17 08:00:00.000,0
8792009665,2016-04-17 09:00:00.000,0
8792009665,2016-04-17 10:00:00.000,0
8792009665,2016-04-17 11:00:00.000,0
8792009665,2016-04-17 12:00:00.000,0
8792009665,2016-04-17 13:00:00.000,0
8792009665,2016-04-17 14:00:00.000,0
8792009665,2016-04-17 15:00:00.000,0
8792009665,2016-04-17 16:00:00.000,0
8792009665,2016-04-17 17:00:00.000,0
8792009665,2016-04-17 18:00:00.000,0
8792009665,2016-04-17 19:00:00.000,0
8792009665,2016-04-17 20:00:00.000,0
8792009665,2016-04-17 21:00:00.000,0
8792009665,2016-04-17 22:00:00.000,0
8792009665,2016-04-17 23:00:00.000,0
8792009665,2016-04-18 00:00:00.000,0
8792009665,2016-04-18 01:00:00.000,0
8792009665,2016-04-18 02:00:00.000,0
8792009665,2016-04-18 03:00:00.000,0
8792009665,2016-04-18 04:00:00.000,0
8792009665,2016-04-18 05:00:00.000,0
8792009665,2016-04-18 06:00:00.000,0
8792009665,2016-04-18 07:00:00.000,0
8792009665,2016-04-18 08:00:00.000,0
8792009665,2016-04-18 09:00:00.000,0
8792009665,2016-04-18 10:00:00.000,0
8792009665,2016-04-18 11:00:00.000,0
8792009665,2016-04-18 12:00:00.000,0
8792009665,2016-04-18 13:00:00.000,0
8792009665,2016-04-18 14:00:00.000,0
8792009665,2016-04-18 15:00:00.000,0
8792009665,2016-04-18 16:00:00.000,0
8792009665,2016-04-18 17:00:00.000,0
8792009665,2016-04-18 18:00:00.000,0
8792009665,2016-04-18 19:00:00.000,0
8792009665,2016-04-18 20:00:00.000,0
8792009665,2016-04-18 21:00:00.000,0
8792009665,2016-04-18 22:00:00.000,0
8792009665,2016-04-18 23:00:00.000,0
8792009665,2016-04-19 00:00:00.000,0
8792009665,2016-04-19 01:00:00.000,0
8792009665,2016-04-19 02:00:00.000,0
8792009665,2016-04-19 03:00:00.000,0
8792009665,2016-04-19 04:00:00.000,0
8792009665,2016-04-19 05:00:00.000,0
8792009665,2016-04-19 06:00:00.000,0
8792009665,2016-04-19 07:00:00.000,0
8792009665,2016-04-19 08:00:00.000,0
8792009665,2016-04-19 09:00:00.000,0
8792009665,2016-04-19 10:00:00.000,0
8792009665,2016-04-19 11:00:00.000,0
8792009665,2016-04-19 12:00:00.000,0
8792009665,2016-04-19 13:00:00.000,0
8792009665,2016-04-19 14:00:00.000,0
8792009665,2016-04-19 15:00:00.000,0
8792009665,2016-04-19 16:00:00.000,0
8792009665,2016-04-19 17:00:00.000,0
8792009665,2016-04-19 18:00:00.000,0
8792009665,2016-04-19 19:00:00.000,0
8792009665,2016-04-19 20:00:00.000,0
8792009665,2016-04-19 21:00:00.000,0
8792009665,2016-04-19 22:00:00.000,0
8792009665,2016-04-19 23:00:00.000,0
8792009665,2016-04-20 00:00:00.000,0
8792009665,2016-04-20 01:00:00.000,0
8792009665,2016-04-20 02:00:00.000,10
8792009665,2016-04-20 03:00:00.000,0
8792009665,2016-04-20 04:00:00.000,0
8792009665,2016-04-20 05:00:00.000,5
8792009665,2016-04-20 06:00:00.000,0
8792009665,2016-04-20 07:00:00.000,0
8792009665,2016-04-20 08:00:00.000,0
8792009665,2016-04-20 09:00:00.000,33
8792009665,2016-04-20 10:00:00.000,0
8792009665,2016-04-20 11:00:00.000,142
8792009665,2016-04-20 12:00:00.000,184
8792009665,2016-04-20 13:00:00.000,0
8792009665,2016-04-20 14:00:00.000,6
8792009665,2016-04-20 15:00:00.000,4
8792009665,2016-04-20 16:00:00.000,119
8792009665,2016-04-20 17:00:00.000,1125
8792009665,2016-04-20 18:00:00.000,116
8792009665,2016-04-20 19:00:00.000,220
8792009665,2016-04-20 20:00:00.000,698
8792009665,2016-04-20 21:00:00.000,327
8792009665,2016-04-20 22:00:00.000,151
8792009665,2016-04-20 23:00:00.000,7
8792009665,2016-04-21 00:00:00.000,144
8792009665,2016-04-21 01:00:00.000,0
8792009665,2016-04-21 02:00:00.000,0
8792009665,2016-04-21 03:00:00.000,0
8792009665,2016-04-21 04:00:00.000,0
8792009665,2016-04-21 05:00:00.000,0
8792009665,2016-04-21 06:00:00.000,0
8792009665,2016-04-21 07:00:00.000,0
8792009665,2016-04-21 08:00:00.000,0
8792009665,2016-04-21 09:00:00.000,0
8792009665,2016-04-21 10:00:00.000,0
8792009665,2016-04-21 11:00:00.000,0
8792009665,2016-04-21 12:00:00.000,0
8792009665,2016-04-21 13:00:00.000,0
8792009665,2016-04-21 14:00:00.000,0
8792009665,2016-04-21 15:00:00.000,0
8792009665,2016-04-21 16:00:00.000,0
8792009665,2016-04-21 17:00:00.000,0
8792009665,2016-04-21 18:00:00.000,0
8792009665,2016-04-21 19:00:00.000,0
8792009665,2016-04-21 20:00:00.000,0
8792009665,2016-04-21 21:00:00.000,0
8792009665,2016-04-21 22:00:00.000,0
8792009665,2016-04-21 23:00:00.000,0
8792009665,2016-04-22 00:00:00.000,17
8792009665,2016-04-22 01:00:00.000,16
8792009665,2016-04-22 02:00:00.000,18
8792009665,2016-04-22 03:00:00.000,0
8792009665,2016-04-22 04:00:00.000,0
8792009665,2016-04-22 05:00:00.000,0
8792009665,2016-04-22 06:00:00.000,0
8792009665,2016-04-22 07:00:00.000,7
8792009665,2016-04-22 08:00:00.000,32
8792009665,2016-04-22 09:00:00.000,117
8792009665,2016-04-22 10:00:00.000,88
8792009665,2016-04-22 11:00:00.000,257
8792009665,2016-04-22 12:00:00.000,165
8792009665,2016-04-22 13:00:00.000,23
8792009665,2016-04-22 14:00:00.000,0
8792009665,2016-04-22 15:00:00.000,16
8792009665,2016-04-22 16:00:00.000,1009
8792009665,2016-04-22 17:00:00.000,603
8792009665,2016-04-22 18:00:00.000,463
8792009665,2016-04-22 19:00:00.000,705
8792009665,2016-04-22 20:00:00.000,435
8792009665,2016-04-22 21:00:00.000,45
8792009665,2016-04-22 22:00:00.000,52
8792009665,2016-04-22 23:00:00.000,0
8792009665,2016-04-23 00:00:00.000,266
8792009665,2016-04-23 01:00:00.000,121
8792009665,2016-04-23 02:00:00.000,60
8792009665,2016-04-23 03:00:00.000,17
8792009665,2016-04-23 04:00:00.000,0
8792009665,2016-04-23 05:00:00.000,0
8792009665,2016-04-23 06:00:00.000,0
8792009665,2016-04-23 07:00:00.000,0
8792009665,2016-04-23 08:00:00.000,0
8792009665,2016-04-23 09:00:00.000,276
8792009665,2016-04-23 10:00:00.000,468
8792009665,2016-04-23 11:00:00.000,794
8792009665,2016-04-23 12:00:00.000,224
8792009665,2016-04-23 13:00:00.000,565
8792009665,2016-04-23 14:00:00.000,378
8792009665,2016-04-23 15:00:00.000,433
8792009665,2016-04-23 16:00:00.000,671
8792009665,2016-04-23 17:00:00.000,263
8792009665,2016-04-23 18:00:00.000,372
8792009665,2016-04-23 19:00:00.000,26
8792009665,2016-04-23 20:00:00.000,220
8792009665,2016-04-23 21:00:00.000,38
8792009665,2016-04-23 22:00:00.000,47
8792009665,2016-04-23 23:00:00.000,6
8792009665,2016-04-24 00:00:00.000,71
8792009665,2016-04-24 01:00:00.000,329
8792009665,2016-04-24 02:00:00.000,0
8792009665,2016-04-24 03:00:00.000,0
8792009665,2016-04-24 04:00:00.000,0
8792009665,2016-04-24 05:00:00.000,0
8792009665,2016-04-24 06:00:00.000,0
8792009665,2016-04-24 07:00:00.000,0
8792009665,2016-04-24 08:00:00.000,0
8792009665,2016-04-24 09:00:00.000,0
8792009665,2016-04-24 10:00:00.000,0
8792009665,2016-04-24 11:00:00.000,0
8792009665,2016-04-24 12:00:00.000,0
8792009665,2016-04-24 13:00:00.000,0
8792009665,2016-04-24 14:00:00.000,0
8792009665,2016-04-24 15:00:00.000,0
8792009665,2016-04-24 16:00:00.000,0
8792009665,2016-04-24 17:00:00.000,0
8792009665,2016-04-24 18:00:00.000,0
8792009665,2016-04-24 19:00:00.000,0
8792009665,2016-04-24 20:00:00.000,0
8792009665,2016-04-24 21:00:00.000,0
8792009665,2016-04-24 22:00:00.000,0
8792009665,2016-04-24 23:00:00.000,0
8792009665,2016-04-25 00:00:00.000,0
8792009665,2016-04-25 01:00:00.000,0
8792009665,2016-04-25 02:00:00.000,0
8792009665,2016-04-25 03:00:00.000,0
8792009665,2016-04-25 04:00:00.000,0
8792009665,2016-04-25 05:00:00.000,0
8792009665,2016-04-25 06:00:00.000,0
8792009665,2016-04-25 07:00:00.000,0
8792009665,2016-04-25 08:00:00.000,0
8792009665,2016-04-25 09:00:00.000,0
8792009665,2016-04-25 10:00:00.000,0
8792009665,2016-04-25 11:00:00.000,0
8792009665,2016-04-25 12:00:00.000,0
8792009665,2016-04-25 13:00:00.000,0
8792009665,2016-04-25 14:00:00.000,0
8792009665,2016-04-25 15:00:00.000,0
8792009665,2016-04-25 16:00:00.000,0
8792009665,2016-04-25 17:00:00.000,0
8792009665,2016-04-25 18:00:00.000,0
8792009665,2016-04-25 19:00:00.000,0
8792009665,2016-04-25 20:00:00.000,0
8792009665,2016-04-25 21:00:00.000,0
8792009665,2016-04-25 22:00:00.000,0
8792009665,2016-04-25 23:00:00.000,0
8792009665,2016-04-26 00:00:00.000,0
8792009665,2016-04-26 01:00:00.000,0
8792009665,2016-04-26 02:00:00.000,0
8792009665,2016-04-26 03:00:00.000,0
8792009665,2016-04-26 04:00:00.000,0
8792009665,2016-04-26 05:00:00.000,0
8792009665,2016-04-26 06:00:00.000,0
8792009665,2016-04-26 07:00:00.000,0
8792009665,2016-04-26 08:00:00.000,0
8792009665,2016-04-26 09:00:00.000,94
8792009665,2016-04-26 10:00:00.000,8
8792009665,2016-04-26 11:00:00.000,69
8792009665,2016-04-26 12:00:00.000,55
8792009665,2016-04-26 13:00:00.000,39
8792009665,2016-04-26 14:00:00.000,7
8792009665,2016-04-26 15:00:00.000,27
8792009665,2016-04-26 16:00:00.000,13
8792009665,2016-04-26 17:00:00.000,354
8792009665,2016-04-26 18:00:00.000,420
8792009665,2016-04-26 19:00:00.000,23
8792009665,2016-04-26 20:00:00.000,68
8792009665,2016-04-26 21:00:00.000,72
8792009665,2016-04-26 22:00:00.000,32
8792009665,2016-04-26 23:00:00.000,40
8792009665,2016-04-27 00:00:00.000,228
8792009665,2016-04-27 01:00:00.000,246
8792009665,2016-04-27 02:00:00.000,0
8792009665,2016-04-27 03:00:00.000,0
8792009665,2016-04-27 04:00:00.000,0
8792009665,2016-04-27 05:00:00.000,0
8792009665,2016-04-27 06:00:00.000,0
8792009665,2016-04-27 07:00:00.000,0
8792009665,2016-04-27 08:00:00.000,0
8792009665,2016-04-27 09:00:00.000,150
8792009665,2016-04-27 10:00:00.000,0
8792009665,2016-04-27 11:00:00.000,288
8792009665,2016-04-27 12:00:00.000,13
8792009665,2016-04-27 13:00:00.000,55
8792009665,2016-04-27 14:00:00.000,15
8792009665,2016-04-27 15:00:00.000,27
8792009665,2016-04-27 16:00:00.000,102
8792009665,2016-04-27 17:00:00.000,75
8792009665,2016-04-27 18:00:00.000,211
8792009665,2016-04-27 19:00:00.000,90
8792009665,2016-04-27 20:00:00.000,139
8792009665,2016-04-27 21:00:00.000,75
8792009665,2016-04-27 22:00:00.000,16
8792009665,2016-04-27 23:00:00.000,28
8792009665,2016-04-28 00:00:00.000,172
8792009665,2016-04-28 01:00:00.000,160
8792009665,2016-04-28 02:00:00.000,211
8792009665,2016-04-28 03:00:00.000,0
8792009665,2016-04-28 04:00:00.000,0
8792009665,2016-04-28 05:00:00.000,0
8792009665,2016-04-28 06:00:00.000,0
8792009665,2016-04-28 07:00:00.000,0
8792009665,2016-04-28 08:00:00.000,25
8792009665,2016-04-28 09:00:00.000,272
8792009665,2016-04-28 10:00:00.000,405
8792009665,2016-04-28 11:00:00.000,169
8792009665,2016-04-28 12:00:00.000,0
8792009665,2016-04-28 13:00:00.000,289
8792009665,2016-04-28 14:00:00.000,653
8792009665,2016-04-28 15:00:00.000,951
8792009665,2016-04-28 16:00:00.000,931
8792009665,2016-04-28 17:00:00.000,695
8792009665,2016-04-28 18:00:00.000,164
8792009665,2016-04-28 19:00:00.000,496
8792009665,2016-04-28 20:00:00.000,346
8792009665,2016-04-28 21:00:00.000,26
8792009665,2016-04-28 22:00:00.000,134
8792009665,2016-04-28 23:00:00.000,58
8792009665,2016-04-29 00:00:00.000,670
8792009665,2016-04-29 01:00:00.000,182
8792009665,2016-04-29 02:00:00.000,44
8792009665,2016-04-29 03:00:00.000,0
8792009665,2016-04-29 04:00:00.000,0
8792009665,2016-04-29 05:00:00.000,0
8792009665,2016-04-29 06:00:00.000,0
8792009665,2016-04-29 07:00:00.000,0
8792009665,2016-04-29 08:00:00.000,0
8792009665,2016-04-29 09:00:00.000,364
8792009665,2016-04-29 10:00:00.000,763
8792009665,2016-04-29 11:00:00.000,436
8792009665,2016-04-29 12:00:00.000,150
8792009665,2016-04-29 13:00:00.000,0
8792009665,2016-04-29 14:00:00.000,1332
8792009665,2016-04-29 15:00:00.000,675
8792009665,2016-04-29 16:00:00.000,407
8792009665,2016-04-29 17:00:00.000,678
8792009665,2016-04-29 18:00:00.000,690
8792009665,2016-04-29 19:00:00.000,637
8792009665,2016-04-29 20:00:00.000,1055
8792009665,2016-04-29 21:00:00.000,179
8792009665,2016-04-29 22:00:00.000,0
8792009665,2016-04-29 23:00:00.000,98
8792009665,2016-04-30 00:00:00.000,28
8792009665,2016-04-30 01:00:00.000,32
8792009665,2016-04-30 02:00:00.000,0
8792009665,2016-04-30 03:00:00.000,0
8792009665,2016-04-30 04:00:00.000,0
8792009665,2016-04-30 05:00:00.000,0
8792009665,2016-04-30 06:00:00.000,0
8792009665,2016-04-30 07:00:00.000,41
8792009665,2016-04-30 08:00:00.000,28
8792009665,2016-04-30 09:00:00.000,518
8792009665,2016-04-30 10:00:00.000,329
8792009665,2016-04-30 11:00:00.000,537
8792009665,2016-04-30 12:00:00.000,572
8792009665,2016-04-30 13:00:00.000,769
8792009665,2016-04-30 14:00:00.000,506
8792009665,2016-04-30 15:00:00.000,809
8792009665,2016-04-30 16:00:00.000,300
8792009665,2016-04-30 17:00:00.000,159
8792009665,2016-04-30 18:00:00.000,620
8792009665,2016-04-30 19:00:00.000,789
8792009665,2016-04-30 20:00:00.000,499
8792009665,2016-04-30 21:00:00.000,387
8792009665,2016-04-30 22:00:00.000,47
8792009665,2016-04-30 23:00:00.000,204
8792009665,2016-01-05 00:00:00.000,16
8792009665,2016-01-05 01:00:00.000,0
8792009665,2016-01-05 02:00:00.000,0
8792009665,2016-01-05 03:00:00.000,0
8792009665,2016-01-05 04:00:00.000,0
8792009665,2016-01-05 05:00:00.000,0
8792009665,2016-01-05 06:00:00.000,0
8792009665,2016-01-05 07:00:00.000,0
8792009665,2016-01-05 08:00:00.000,21
8792009665,2016-01-05 09:00:00.000,0
8792009665,2016-01-05 10:00:00.000,80
8792009665,2016-01-05 11:00:00.000,133
8792009665,2016-01-05 12:00:00.000,0
8792009665,2016-01-05 13:00:00.000,44
8792009665,2016-01-05 14:00:00.000,257
8792009665,2016-01-05 15:00:00.000,216
8792009665,2016-01-05 16:00:00.000,77
8792009665,2016-01-05 17:00:00.000,99
8792009665,2016-01-05 18:00:00.000,306
8792009665,2016-01-05 19:00:00.000,94
8792009665,2016-01-05 20:00:00.000,113
8792009665,2016-01-05 21:00:00.000,116
8792009665,2016-01-05 22:00:00.000,0
8792009665,2016-01-05 23:00:00.000,47
8792009665,2016-02-05 00:00:00.000,351
8792009665,2016-02-05 01:00:00.000,227
8792009665,2016-02-05 02:00:00.000,163
8792009665,2016-02-05 03:00:00.000,0
8792009665,2016-02-05 04:00:00.000,0
8792009665,2016-02-05 05:00:00.000,0
8792009665,2016-02-05 06:00:00.000,0
8792009665,2016-02-05 07:00:00.000,4
8792009665,2016-02-05 08:00:00.000,0
8792009665,2016-02-05 09:00:00.000,83
8792009665,2016-02-05 10:00:00.000,0
8792009665,2016-02-05 11:00:00.000,311
8792009665,2016-02-05 12:00:00.000,79
8792009665,2016-02-05 13:00:00.000,8
8792009665,2016-02-05 14:00:00.000,6
8792009665,2016-02-05 15:00:00.000,59
8792009665,2016-02-05 16:00:00.000,142
8792009665,2016-02-05 17:00:00.000,0
8792009665,2016-02-05 18:00:00.000,102
8792009665,2016-02-05 19:00:00.000,8
8792009665,2016-02-05 20:00:00.000,122
8792009665,2016-02-05 21:00:00.000,71
8792009665,2016-02-05 22:00:00.000,37
8792009665,2016-02-05 23:00:00.000,58
8792009665,2016-03-05 00:00:00.000,130
8792009665,2016-03-05 01:00:00.000,171
8792009665,2016-03-05 02:00:00.000,0
8792009665,2016-03-05 03:00:00.000,0
8792009665,2016-03-05 04:00:00.000,8
8792009665,2016-03-05 05:00:00.000,0
8792009665,2016-03-05 06:00:00.000,6
8792009665,2016-03-05 07:00:00.000,0
8792009665,2016-03-05 08:00:00.000,0
8792009665,2016-03-05 09:00:00.000,22
8792009665,2016-03-05 10:00:00.000,0
8792009665,2016-03-05 11:00:00.000,623
8792009665,2016-03-05 12:00:00.000,58
8792009665,2016-03-05 13:00:00.000,0
8792009665,2016-03-05 14:00:00.000,14
8792009665,2016-03-05 15:00:00.000,312
8792009665,2016-03-05 16:00:00.000,146
8792009665,2016-03-05 17:00:00.000,266
8792009665,2016-03-05 18:00:00.000,121
8792009665,2016-03-05 19:00:00.000,336
8792009665,2016-03-05 20:00:00.000,31
8792009665,2016-03-05 21:00:00.000,68
8792009665,2016-03-05 22:00:00.000,26
8792009665,2016-03-05 23:00:00.000,83
8792009665,2016-04-05 00:00:00.000,337
8792009665,2016-04-05 01:00:00.000,55
8792009665,2016-04-05 02:00:00.000,34
8792009665,2016-04-05 03:00:00.000,0
8792009665,2016-04-05 04:00:00.000,0
8792009665,2016-04-05 05:00:00.000,0
8792009665,2016-04-05 06:00:00.000,0
8792009665,2016-04-05 07:00:00.000,0
8792009665,2016-04-05 08:00:00.000,0
8792009665,2016-04-05 09:00:00.000,31
8792009665,2016-04-05 10:00:00.000,179
8792009665,2016-04-05 11:00:00.000,180
8792009665,2016-04-05 12:00:00.000,0
8792009665,2016-04-05 13:00:00.000,144
8792009665,2016-04-05 14:00:00.000,105
8792009665,2016-04-05 15:00:00.000,559
8792009665,2016-04-05 16:00:00.000,0
8792009665,2016-04-05 17:00:00.000,366
8792009665,2016-04-05 18:00:00.000,153
8792009665,2016-04-05 19:00:00.000,8
8792009665,2016-04-05 20:00:00.000,132
8792009665,2016-04-05 21:00:00.000,0
8792009665,2016-04-05 22:00:00.000,0
8792009665,2016-04-05 23:00:00.000,0
8792009665,2016-05-05 00:00:00.000,0
8792009665,2016-05-05 01:00:00.000,0
8792009665,2016-05-05 02:00:00.000,0
8792009665,2016-05-05 03:00:00.000,0
8792009665,2016-05-05 04:00:00.000,0
8792009665,2016-05-05 05:00:00.000,0
8792009665,2016-05-05 06:00:00.000,0
8792009665,2016-05-05 07:00:00.000,0
8792009665,2016-05-05 08:00:00.000,0
8792009665,2016-05-05 09:00:00.000,0
8792009665,2016-05-05 10:00:00.000,0
8792009665,2016-05-05 11:00:00.000,0
8792009665,2016-05-05 12:00:00.000,0
8792009665,2016-05-05 13:00:00.000,0
8792009665,2016-05-05 14:00:00.000,0
8792009665,2016-05-05 15:00:00.000,0
8792009665,2016-05-05 16:00:00.000,0
8792009665,2016-05-05 17:00:00.000,0
8792009665,2016-05-05 18:00:00.000,0
8792009665,2016-05-05 19:00:00.000,0
8792009665,2016-05-05 20:00:00.000,0
8792009665,2016-05-05 21:00:00.000,0
8792009665,2016-05-05 22:00:00.000,0
8792009665,2016-05-05 23:00:00.000,0
8792009665,2016-06-05 00:00:00.000,0
8792009665,2016-06-05 01:00:00.000,0
8792009665,2016-06-05 02:00:00.000,0
8792009665,2016-06-05 03:00:00.000,0
8792009665,2016-06-05 04:00:00.000,0
8792009665,2016-06-05 05:00:00.000,0
8792009665,2016-06-05 06:00:00.000,0
8792009665,2016-06-05 07:00:00.000,0
8792009665,2016-06-05 08:00:00.000,0
8792009665,2016-06-05 09:00:00.000,0
8792009665,2016-06-05 10:00:00.000,0
8792009665,2016-06-05 11:00:00.000,0
8792009665,2016-06-05 12:00:00.000,0
8792009665,2016-06-05 13:00:00.000,0
8792009665,2016-06-05 14:00:00.000,0
8792009665,2016-06-05 15:00:00.000,0
8792009665,2016-06-05 16:00:00.000,0
8792009665,2016-06-05 17:00:00.000,0
8792009665,2016-06-05 18:00:00.000,0
8792009665,2016-06-05 19:00:00.000,0
8792009665,2016-06-05 20:00:00.000,0
8792009665,2016-06-05 21:00:00.000,0
8792009665,2016-06-05 22:00:00.000,0
8792009665,2016-06-05 23:00:00.000,0
8792009665,2016-07-05 00:00:00.000,0
8792009665,2016-07-05 01:00:00.000,0
8792009665,2016-07-05 02:00:00.000,0
8792009665,2016-07-05 03:00:00.000,0
8792009665,2016-07-05 04:00:00.000,0
8792009665,2016-07-05 05:00:00.000,0
8792009665,2016-07-05 06:00:00.000,0
8792009665,2016-07-05 07:00:00.000,0
8792009665,2016-07-05 08:00:00.000,0
8792009665,2016-07-05 09:00:00.000,0
8792009665,2016-07-05 10:00:00.000,0
8792009665,2016-07-05 11:00:00.000,0
8792009665,2016-07-05 12:00:00.000,0
8792009665,2016-07-05 13:00:00.000,0
8792009665,2016-07-05 14:00:00.000,0
8792009665,2016-07-05 15:00:00.000,0
8792009665,2016-07-05 16:00:00.000,0
8792009665,2016-07-05 17:00:00.000,0
8792009665,2016-07-05 18:00:00.000,0
8792009665,2016-07-05 19:00:00.000,0
8792009665,2016-07-05 20:00:00.000,0
8792009665,2016-07-05 21:00:00.000,0
8792009665,2016-07-05 22:00:00.000,0
8792009665,2016-07-05 23:00:00.000,0
8792009665,2016-08-05 00:00:00.000,0
8792009665,2016-08-05 01:00:00.000,0
8792009665,2016-08-05 02:00:00.000,0
8792009665,2016-08-05 03:00:00.000,0
8792009665,2016-08-05 04:00:00.000,0
8792009665,2016-08-05 05:00:00.000,0
8792009665,2016-08-05 06:00:00.000,0
8792009665,2016-08-05 07:00:00.000,0
8792009665,2016-08-05 08:00:00.000,0
8792009665,2016-08-05 09:00:00.000,0
8792009665,2016-08-05 10:00:00.000,0
8792009665,2016-08-05 11:00:00.000,0
8792009665,2016-08-05 12:00:00.000,0
8792009665,2016-08-05 13:00:00.000,0
8792009665,2016-08-05 14:00:00.000,0
8792009665,2016-08-05 15:00:00.000,0
8792009665,2016-08-05 16:00:00.000,0
8792009665,2016-08-05 17:00:00.000,0
8792009665,2016-08-05 18:00:00.000,0
8792009665,2016-08-05 19:00:00.000,0
8792009665,2016-08-05 20:00:00.000,0
8792009665,2016-08-05 21:00:00.000,0
8792009665,2016-08-05 22:00:00.000,0
8792009665,2016-08-05 23:00:00.000,0
8792009665,2016-09-05 00:00:00.000,0
8792009665,2016-09-05 01:00:00.000,0
8792009665,2016-09-05 02:00:00.000,0
8792009665,2016-09-05 03:00:00.000,0
8792009665,2016-09-05 04:00:00.000,0
8792009665,2016-09-05 05:00:00.000,0
8792009665,2016-09-05 06:00:00.000,0
8792009665,2016-09-05 07:00:00.000,0
8792009665,2016-09-05 08:00:00.000,0
8792009665,2016-09-05 09:00:00.000,0
8792009665,2016-09-05 10:00:00.000,0
8792009665,2016-09-05 11:00:00.000,0
8792009665,2016-09-05 12:00:00.000,0
8792009665,2016-09-05 13:00:00.000,0
8792009665,2016-09-05 14:00:00.000,0
8792009665,2016-09-05 15:00:00.000,0
8792009665,2016-09-05 16:00:00.000,0
8792009665,2016-09-05 17:00:00.000,0
8792009665,2016-09-05 18:00:00.000,0
8792009665,2016-09-05 19:00:00.000,0
8792009665,2016-09-05 20:00:00.000,0
8792009665,2016-09-05 21:00:00.000,0
8792009665,2016-09-05 22:00:00.000,0
8792009665,2016-09-05 23:00:00.000,0
8877689391,2016-12-04 00:00:00.000,0
8877689391,2016-12-04 01:00:00.000,0
8877689391,2016-12-04 02:00:00.000,0
8877689391,2016-12-04 03:00:00.000,0
8877689391,2016-12-04 04:00:00.000,0
8877689391,2016-12-04 05:00:00.000,0
8877689391,2016-12-04 06:00:00.000,209
8877689391,2016-12-04 07:00:00.000,964
8877689391,2016-12-04 08:00:00.000,834
8877689391,2016-12-04 09:00:00.000,343
8877689391,2016-12-04 10:00:00.000,656
8877689391,2016-12-04 11:00:00.000,2546
8877689391,2016-12-04 12:00:00.000,8043
8877689391,2016-12-04 13:00:00.000,321
8877689391,2016-12-04 14:00:00.000,12
8877689391,2016-12-04 15:00:00.000,1024
8877689391,2016-12-04 16:00:00.000,649
8877689391,2016-12-04 17:00:00.000,1648
8877689391,2016-12-04 18:00:00.000,3476
8877689391,2016-12-04 19:00:00.000,815
8877689391,2016-12-04 20:00:00.000,600
8877689391,2016-12-04 21:00:00.000,745
8877689391,2016-12-04 22:00:00.000,301
8877689391,2016-12-04 23:00:00.000,0
8877689391,2016-04-13 00:00:00.000,0
8877689391,2016-04-13 01:00:00.000,0
8877689391,2016-04-13 02:00:00.000,0
8877689391,2016-04-13 03:00:00.000,0
8877689391,2016-04-13 04:00:00.000,0
8877689391,2016-04-13 05:00:00.000,0
8877689391,2016-04-13 06:00:00.000,0
8877689391,2016-04-13 07:00:00.000,1158
8877689391,2016-04-13 08:00:00.000,549
8877689391,2016-04-13 09:00:00.000,607
8877689391,2016-04-13 10:00:00.000,945
8877689391,2016-04-13 11:00:00.000,675
8877689391,2016-04-13 12:00:00.000,3922
8877689391,2016-04-13 13:00:00.000,270
8877689391,2016-04-13 14:00:00.000,392
8877689391,2016-04-13 15:00:00.000,341
8877689391,2016-04-13 16:00:00.000,708
8877689391,2016-04-13 17:00:00.000,1168
8877689391,2016-04-13 18:00:00.000,2978
8877689391,2016-04-13 19:00:00.000,894
8877689391,2016-04-13 20:00:00.000,395
8877689391,2016-04-13 21:00:00.000,208
8877689391,2016-04-13 22:00:00.000,127
8877689391,2016-04-13 23:00:00.000,0
8877689391,2016-04-14 00:00:00.000,0
8877689391,2016-04-14 01:00:00.000,0
8877689391,2016-04-14 02:00:00.000,0
8877689391,2016-04-14 03:00:00.000,0
8877689391,2016-04-14 04:00:00.000,0
8877689391,2016-04-14 05:00:00.000,0
8877689391,2016-04-14 06:00:00.000,163
8877689391,2016-04-14 07:00:00.000,1061
8877689391,2016-04-14 08:00:00.000,929
8877689391,2016-04-14 09:00:00.000,784
8877689391,2016-04-14 10:00:00.000,432
8877689391,2016-04-14 11:00:00.000,608
8877689391,2016-04-14 12:00:00.000,345
8877689391,2016-04-14 13:00:00.000,102
8877689391,2016-04-14 14:00:00.000,497
8877689391,2016-04-14 15:00:00.000,1303
8877689391,2016-04-14 16:00:00.000,8318
8877689391,2016-04-14 17:00:00.000,2041
8877689391,2016-04-14 18:00:00.000,585
8877689391,2016-04-14 19:00:00.000,745
8877689391,2016-04-14 20:00:00.000,1079
8877689391,2016-04-14 21:00:00.000,1089
8877689391,2016-04-14 22:00:00.000,908
8877689391,2016-04-14 23:00:00.000,82
8877689391,2016-04-15 00:00:00.000,0
8877689391,2016-04-15 01:00:00.000,0
8877689391,2016-04-15 02:00:00.000,0
8877689391,2016-04-15 03:00:00.000,0
8877689391,2016-04-15 04:00:00.000,0
8877689391,2016-04-15 05:00:00.000,0
8877689391,2016-04-15 06:00:00.000,16
8877689391,2016-04-15 07:00:00.000,816
8877689391,2016-04-15 08:00:00.000,364
8877689391,2016-04-15 09:00:00.000,699
8877689391,2016-04-15 10:00:00.000,342
8877689391,2016-04-15 11:00:00.000,906
8877689391,2016-04-15 12:00:00.000,454
8877689391,2016-04-15 13:00:00.000,792
8877689391,2016-04-15 14:00:00.000,113
8877689391,2016-04-15 15:00:00.000,377
8877689391,2016-04-15 16:00:00.000,292
8877689391,2016-04-15 17:00:00.000,1103
8877689391,2016-04-15 18:00:00.000,2251
8877689391,2016-04-15 19:00:00.000,1646
8877689391,2016-04-15 20:00:00.000,328
8877689391,2016-04-15 21:00:00.000,955
8877689391,2016-04-15 22:00:00.000,1204
8877689391,2016-04-15 23:00:00.000,717
8877689391,2016-04-16 00:00:00.000,600
8877689391,2016-04-16 01:00:00.000,0
8877689391,2016-04-16 02:00:00.000,0
8877689391,2016-04-16 03:00:00.000,0
8877689391,2016-04-16 04:00:00.000,0
8877689391,2016-04-16 05:00:00.000,0
8877689391,2016-04-16 06:00:00.000,0
8877689391,2016-04-16 07:00:00.000,0
8877689391,2016-04-16 08:00:00.000,1145
8877689391,2016-04-16 09:00:00.000,2012
8877689391,2016-04-16 10:00:00.000,1210
8877689391,2016-04-16 11:00:00.000,963
8877689391,2016-04-16 12:00:00.000,7973
8877689391,2016-04-16 13:00:00.000,2993
8877689391,2016-04-16 14:00:00.000,816
8877689391,2016-04-16 15:00:00.000,722
8877689391,2016-04-16 16:00:00.000,1086
8877689391,2016-04-16 17:00:00.000,2525
8877689391,2016-04-16 18:00:00.000,1771
8877689391,2016-04-16 19:00:00.000,516
8877689391,2016-04-16 20:00:00.000,490
8877689391,2016-04-16 21:00:00.000,877
8877689391,2016-04-16 22:00:00.000,477
8877689391,2016-04-16 23:00:00.000,3028
8877689391,2016-04-17 00:00:00.000,2128
8877689391,2016-04-17 01:00:00.000,1887
8877689391,2016-04-17 02:00:00.000,1983
8877689391,2016-04-17 03:00:00.000,84
8877689391,2016-04-17 04:00:00.000,0
8877689391,2016-04-17 05:00:00.000,0
8877689391,2016-04-17 06:00:00.000,0
8877689391,2016-04-17 07:00:00.000,0
8877689391,2016-04-17 08:00:00.000,0
8877689391,2016-04-17 09:00:00.000,0
8877689391,2016-04-17 10:00:00.000,125
8877689391,2016-04-17 11:00:00.000,938
8877689391,2016-04-17 12:00:00.000,334
8877689391,2016-04-17 13:00:00.000,628
8877689391,2016-04-17 14:00:00.000,228
8877689391,2016-04-17 15:00:00.000,218
8877689391,2016-04-17 16:00:00.000,420
8877689391,2016-04-17 17:00:00.000,1591
8877689391,2016-04-17 18:00:00.000,2851
8877689391,2016-04-17 19:00:00.000,550
8877689391,2016-04-17 20:00:00.000,836
8877689391,2016-04-17 21:00:00.000,317
8877689391,2016-04-17 22:00:00.000,0
8877689391,2016-04-17 23:00:00.000,0
8877689391,2016-04-18 00:00:00.000,0
8877689391,2016-04-18 01:00:00.000,0
8877689391,2016-04-18 02:00:00.000,0
8877689391,2016-04-18 03:00:00.000,0
8877689391,2016-04-18 04:00:00.000,0
8877689391,2016-04-18 05:00:00.000,0
8877689391,2016-04-18 06:00:00.000,105
8877689391,2016-04-18 07:00:00.000,805
8877689391,2016-04-18 08:00:00.000,610
8877689391,2016-04-18 09:00:00.000,875
8877689391,2016-04-18 10:00:00.000,338
8877689391,2016-04-18 11:00:00.000,595
8877689391,2016-04-18 12:00:00.000,3721
8877689391,2016-04-18 13:00:00.000,647
8877689391,2016-04-18 14:00:00.000,380
8877689391,2016-04-18 15:00:00.000,730
8877689391,2016-04-18 16:00:00.000,1087
8877689391,2016-04-18 17:00:00.000,234
8877689391,2016-04-18 18:00:00.000,147
8877689391,2016-04-18 19:00:00.000,689
8877689391,2016-04-18 20:00:00.000,177
8877689391,2016-04-18 21:00:00.000,269
8877689391,2016-04-18 22:00:00.000,0
8877689391,2016-04-18 23:00:00.000,0
8877689391,2016-04-19 00:00:00.000,0
8877689391,2016-04-19 01:00:00.000,0
8877689391,2016-04-19 02:00:00.000,0
8877689391,2016-04-19 03:00:00.000,0
8877689391,2016-04-19 04:00:00.000,0
8877689391,2016-04-19 05:00:00.000,0
8877689391,2016-04-19 06:00:00.000,480
8877689391,2016-04-19 07:00:00.000,963
8877689391,2016-04-19 08:00:00.000,230
8877689391,2016-04-19 09:00:00.000,992
8877689391,2016-04-19 10:00:00.000,527
8877689391,2016-04-19 11:00:00.000,400
8877689391,2016-04-19 12:00:00.000,2753
8877689391,2016-04-19 13:00:00.000,443
8877689391,2016-04-19 14:00:00.000,52
8877689391,2016-04-19 15:00:00.000,358
8877689391,2016-04-19 16:00:00.000,9392
8877689391,2016-04-19 17:00:00.000,496
8877689391,2016-04-19 18:00:00.000,292
8877689391,2016-04-19 19:00:00.000,593
8877689391,2016-04-19 20:00:00.000,223
8877689391,2016-04-19 21:00:00.000,474
8877689391,2016-04-19 22:00:00.000,80
8877689391,2016-04-19 23:00:00.000,0
8877689391,2016-04-20 00:00:00.000,0
8877689391,2016-04-20 01:00:00.000,0
8877689391,2016-04-20 02:00:00.000,0
8877689391,2016-04-20 03:00:00.000,0
8877689391,2016-04-20 04:00:00.000,0
8877689391,2016-04-20 05:00:00.000,0
8877689391,2016-04-20 06:00:00.000,146
8877689391,2016-04-20 07:00:00.000,1029
8877689391,2016-04-20 08:00:00.000,1340
8877689391,2016-04-20 09:00:00.000,202
8877689391,2016-04-20 10:00:00.000,277
8877689391,2016-04-20 11:00:00.000,905
8877689391,2016-04-20 12:00:00.000,1512
8877689391,2016-04-20 13:00:00.000,246
8877689391,2016-04-20 14:00:00.000,295
8877689391,2016-04-20 15:00:00.000,779
8877689391,2016-04-20 16:00:00.000,590
8877689391,2016-04-20 17:00:00.000,2098
8877689391,2016-04-20 18:00:00.000,8361
8877689391,2016-04-20 19:00:00.000,991
8877689391,2016-04-20 20:00:00.000,619
8877689391,2016-04-20 21:00:00.000,371
8877689391,2016-04-20 22:00:00.000,120
8877689391,2016-04-20 23:00:00.000,0
8877689391,2016-04-21 00:00:00.000,0
8877689391,2016-04-21 01:00:00.000,0
8877689391,2016-04-21 02:00:00.000,0
8877689391,2016-04-21 03:00:00.000,0
8877689391,2016-04-21 04:00:00.000,0
8877689391,2016-04-21 05:00:00.000,0
8877689391,2016-04-21 06:00:00.000,108
8877689391,2016-04-21 07:00:00.000,692
8877689391,2016-04-21 08:00:00.000,154
8877689391,2016-04-21 09:00:00.000,492
8877689391,2016-04-21 10:00:00.000,194
8877689391,2016-04-21 11:00:00.000,494
8877689391,2016-04-21 12:00:00.000,479
8877689391,2016-04-21 13:00:00.000,702
8877689391,2016-04-21 14:00:00.000,203
8877689391,2016-04-21 15:00:00.000,5123
8877689391,2016-04-21 16:00:00.000,5301
8877689391,2016-04-21 17:00:00.000,1962
8877689391,2016-04-21 18:00:00.000,2166
8877689391,2016-04-21 19:00:00.000,436
8877689391,2016-04-21 20:00:00.000,156
8877689391,2016-04-21 21:00:00.000,359
8877689391,2016-04-21 22:00:00.000,356
8877689391,2016-04-21 23:00:00.000,0
8877689391,2016-04-22 00:00:00.000,0
8877689391,2016-04-22 01:00:00.000,0
8877689391,2016-04-22 02:00:00.000,0
8877689391,2016-04-22 03:00:00.000,0
8877689391,2016-04-22 04:00:00.000,0
8877689391,2016-04-22 05:00:00.000,0
8877689391,2016-04-22 06:00:00.000,259
8877689391,2016-04-22 07:00:00.000,927
8877689391,2016-04-22 08:00:00.000,963
8877689391,2016-04-22 09:00:00.000,369
8877689391,2016-04-22 10:00:00.000,309
8877689391,2016-04-22 11:00:00.000,345
8877689391,2016-04-22 12:00:00.000,220
8877689391,2016-04-22 13:00:00.000,336
8877689391,2016-04-22 14:00:00.000,393
8877689391,2016-04-22 15:00:00.000,814
8877689391,2016-04-22 16:00:00.000,713
8877689391,2016-04-22 17:00:00.000,914
8877689391,2016-04-22 18:00:00.000,7409
8877689391,2016-04-22 19:00:00.000,3579
8877689391,2016-04-22 20:00:00.000,310
8877689391,2016-04-22 21:00:00.000,224
8877689391,2016-04-22 22:00:00.000,141
8877689391,2016-04-22 23:00:00.000,0
8877689391,2016-04-23 00:00:00.000,0
8877689391,2016-04-23 01:00:00.000,0
8877689391,2016-04-23 02:00:00.000,0
8877689391,2016-04-23 03:00:00.000,0
8877689391,2016-04-23 04:00:00.000,0
8877689391,2016-04-23 05:00:00.000,0
8877689391,2016-04-23 06:00:00.000,0
8877689391,2016-04-23 07:00:00.000,170
8877689391,2016-04-23 08:00:00.000,951
8877689391,2016-04-23 09:00:00.000,928
8877689391,2016-04-23 10:00:00.000,842
8877689391,2016-04-23 11:00:00.000,1032
8877689391,2016-04-23 12:00:00.000,940
8877689391,2016-04-23 13:00:00.000,847
8877689391,2016-04-23 14:00:00.000,609
8877689391,2016-04-23 15:00:00.000,984
8877689391,2016-04-23 16:00:00.000,294
8877689391,2016-04-23 17:00:00.000,304
8877689391,2016-04-23 18:00:00.000,1367
8877689391,2016-04-23 19:00:00.000,705
8877689391,2016-04-23 20:00:00.000,472
8877689391,2016-04-23 21:00:00.000,573
8877689391,2016-04-23 22:00:00.000,173
8877689391,2016-04-23 23:00:00.000,0
8877689391,2016-04-24 00:00:00.000,0
8877689391,2016-04-24 01:00:00.000,0
8877689391,2016-04-24 02:00:00.000,0
8877689391,2016-04-24 03:00:00.000,0
8877689391,2016-04-24 04:00:00.000,0
8877689391,2016-04-24 05:00:00.000,0
8877689391,2016-04-24 06:00:00.000,0
8877689391,2016-04-24 07:00:00.000,84
8877689391,2016-04-24 08:00:00.000,472
8877689391,2016-04-24 09:00:00.000,481
8877689391,2016-04-24 10:00:00.000,699
8877689391,2016-04-24 11:00:00.000,261
8877689391,2016-04-24 12:00:00.000,1009
8877689391,2016-04-24 13:00:00.000,640
8877689391,2016-04-24 14:00:00.000,232
8877689391,2016-04-24 15:00:00.000,432
8877689391,2016-04-24 16:00:00.000,127
8877689391,2016-04-24 17:00:00.000,9062
8877689391,2016-04-24 18:00:00.000,2000
8877689391,2016-04-24 19:00:00.000,300
8877689391,2016-04-24 20:00:00.000,352
8877689391,2016-04-24 21:00:00.000,509
8877689391,2016-04-24 22:00:00.000,0
8877689391,2016-04-24 23:00:00.000,0
8877689391,2016-04-25 00:00:00.000,0
8877689391,2016-04-25 01:00:00.000,0
8877689391,2016-04-25 02:00:00.000,0
8877689391,2016-04-25 03:00:00.000,0
8877689391,2016-04-25 04:00:00.000,0
8877689391,2016-04-25 05:00:00.000,0
8877689391,2016-04-25 06:00:00.000,196
8877689391,2016-04-25 07:00:00.000,676
8877689391,2016-04-25 08:00:00.000,1051
8877689391,2016-04-25 09:00:00.000,734
8877689391,2016-04-25 10:00:00.000,1058
8877689391,2016-04-25 11:00:00.000,545
8877689391,2016-04-25 12:00:00.000,3025
8877689391,2016-04-25 13:00:00.000,1014
8877689391,2016-04-25 14:00:00.000,497
8877689391,2016-04-25 15:00:00.000,60
8877689391,2016-04-25 16:00:00.000,976
8877689391,2016-04-25 17:00:00.000,424
8877689391,2016-04-25 18:00:00.000,676
8877689391,2016-04-25 19:00:00.000,926
8877689391,2016-04-25 20:00:00.000,667
8877689391,2016-04-25 21:00:00.000,253
8877689391,2016-04-25 22:00:00.000,179
8877689391,2016-04-25 23:00:00.000,0
8877689391,2016-04-26 00:00:00.000,0
8877689391,2016-04-26 01:00:00.000,0
8877689391,2016-04-26 02:00:00.000,0
8877689391,2016-04-26 03:00:00.000,0
8877689391,2016-04-26 04:00:00.000,0
8877689391,2016-04-26 05:00:00.000,0
8877689391,2016-04-26 06:00:00.000,37
8877689391,2016-04-26 07:00:00.000,644
8877689391,2016-04-26 08:00:00.000,766
8877689391,2016-04-26 09:00:00.000,411
8877689391,2016-04-26 10:00:00.000,244
8877689391,2016-04-26 11:00:00.000,1036
8877689391,2016-04-26 12:00:00.000,2310
8877689391,2016-04-26 13:00:00.000,417
8877689391,2016-04-26 14:00:00.000,284
8877689391,2016-04-26 15:00:00.000,347
8877689391,2016-04-26 16:00:00.000,741
8877689391,2016-04-26 17:00:00.000,259
8877689391,2016-04-26 18:00:00.000,841
8877689391,2016-04-26 19:00:00.000,285
8877689391,2016-04-26 20:00:00.000,1236
8877689391,2016-04-26 21:00:00.000,313
8877689391,2016-04-26 22:00:00.000,494
8877689391,2016-04-26 23:00:00.000,405
8877689391,2016-04-27 00:00:00.000,0
8877689391,2016-04-27 01:00:00.000,0
8877689391,2016-04-27 02:00:00.000,0
8877689391,2016-04-27 03:00:00.000,0
8877689391,2016-04-27 04:00:00.000,0
8877689391,2016-04-27 05:00:00.000,0
8877689391,2016-04-27 06:00:00.000,7
8877689391,2016-04-27 07:00:00.000,1986
8877689391,2016-04-27 08:00:00.000,922
8877689391,2016-04-27 09:00:00.000,66
8877689391,2016-04-27 10:00:00.000,930
8877689391,2016-04-27 11:00:00.000,1184
8877689391,2016-04-27 12:00:00.000,2859
8877689391,2016-04-27 13:00:00.000,538
8877689391,2016-04-27 14:00:00.000,400
8877689391,2016-04-27 15:00:00.000,1474
8877689391,2016-04-27 16:00:00.000,197
8877689391,2016-04-27 17:00:00.000,2667
8877689391,2016-04-27 18:00:00.000,8586
8877689391,2016-04-27 19:00:00.000,663
8877689391,2016-04-27 20:00:00.000,392
8877689391,2016-04-27 21:00:00.000,182
8877689391,2016-04-27 22:00:00.000,550
8877689391,2016-04-27 23:00:00.000,0
8877689391,2016-04-28 00:00:00.000,0
8877689391,2016-04-28 01:00:00.000,0
8877689391,2016-04-28 02:00:00.000,0
8877689391,2016-04-28 03:00:00.000,0
8877689391,2016-04-28 04:00:00.000,0
8877689391,2016-04-28 05:00:00.000,0
8877689391,2016-04-28 06:00:00.000,131
8877689391,2016-04-28 07:00:00.000,838
8877689391,2016-04-28 08:00:00.000,397
8877689391,2016-04-28 09:00:00.000,299
8877689391,2016-04-28 10:00:00.000,345
8877689391,2016-04-28 11:00:00.000,256
8877689391,2016-04-28 12:00:00.000,4092
8877689391,2016-04-28 13:00:00.000,41
8877689391,2016-04-28 14:00:00.000,758
8877689391,2016-04-28 15:00:00.000,963
8877689391,2016-04-28 16:00:00.000,799
8877689391,2016-04-28 17:00:00.000,887
8877689391,2016-04-28 18:00:00.000,1921
8877689391,2016-04-28 19:00:00.000,2123
8877689391,2016-04-28 20:00:00.000,311
8877689391,2016-04-28 21:00:00.000,516
8877689391,2016-04-28 22:00:00.000,208
8877689391,2016-04-28 23:00:00.000,0
8877689391,2016-04-29 00:00:00.000,0
8877689391,2016-04-29 01:00:00.000,0
8877689391,2016-04-29 02:00:00.000,0
8877689391,2016-04-29 03:00:00.000,0
8877689391,2016-04-29 04:00:00.000,0
8877689391,2016-04-29 05:00:00.000,0
8877689391,2016-04-29 06:00:00.000,174
8877689391,2016-04-29 07:00:00.000,818
8877689391,2016-04-29 08:00:00.000,508
8877689391,2016-04-29 09:00:00.000,385
8877689391,2016-04-29 10:00:00.000,414
8877689391,2016-04-29 11:00:00.000,886
8877689391,2016-04-29 12:00:00.000,1940
8877689391,2016-04-29 13:00:00.000,546
8877689391,2016-04-29 14:00:00.000,185
8877689391,2016-04-29 15:00:00.000,225
8877689391,2016-04-29 16:00:00.000,575
8877689391,2016-04-29 17:00:00.000,225
8877689391,2016-04-29 18:00:00.000,898
8877689391,2016-04-29 19:00:00.000,647
8877689391,2016-04-29 20:00:00.000,221
8877689391,2016-04-29 21:00:00.000,715
8877689391,2016-04-29 22:00:00.000,238
8877689391,2016-04-29 23:00:00.000,100
8877689391,2016-04-30 00:00:00.000,0
8877689391,2016-04-30 01:00:00.000,0
8877689391,2016-04-30 02:00:00.000,0
8877689391,2016-04-30 03:00:00.000,0
8877689391,2016-04-30 04:00:00.000,0
8877689391,2016-04-30 05:00:00.000,0
8877689391,2016-04-30 06:00:00.000,0
8877689391,2016-04-30 07:00:00.000,150
8877689391,2016-04-30 08:00:00.000,157
8877689391,2016-04-30 09:00:00.000,635
8877689391,2016-04-30 10:00:00.000,903
8877689391,2016-04-30 11:00:00.000,1369
8877689391,2016-04-30 12:00:00.000,913
8877689391,2016-04-30 13:00:00.000,6745
8877689391,2016-04-30 14:00:00.000,10554
8877689391,2016-04-30 15:00:00.000,4524
8877689391,2016-04-30 16:00:00.000,0
8877689391,2016-04-30 17:00:00.000,284
8877689391,2016-04-30 18:00:00.000,417
8877689391,2016-04-30 19:00:00.000,197
8877689391,2016-04-30 20:00:00.000,269
8877689391,2016-04-30 21:00:00.000,368
8877689391,2016-04-30 22:00:00.000,225
8877689391,2016-04-30 23:00:00.000,0
8877689391,2016-01-05 00:00:00.000,0
8877689391,2016-01-05 01:00:00.000,0
8877689391,2016-01-05 02:00:00.000,0
8877689391,2016-01-05 03:00:00.000,0
8877689391,2016-01-05 04:00:00.000,0
8877689391,2016-01-05 05:00:00.000,0
8877689391,2016-01-05 06:00:00.000,0
8877689391,2016-01-05 07:00:00.000,0
8877689391,2016-01-05 08:00:00.000,487
8877689391,2016-01-05 09:00:00.000,2525
8877689391,2016-01-05 10:00:00.000,2079
8877689391,2016-01-05 11:00:00.000,657
8877689391,2016-01-05 12:00:00.000,395
8877689391,2016-01-05 13:00:00.000,405
8877689391,2016-01-05 14:00:00.000,105
8877689391,2016-01-05 15:00:00.000,345
8877689391,2016-01-05 16:00:00.000,720
8877689391,2016-01-05 17:00:00.000,547
8877689391,2016-01-05 18:00:00.000,1004
8877689391,2016-01-05 19:00:00.000,259
8877689391,2016-01-05 20:00:00.000,1165
8877689391,2016-01-05 21:00:00.000,197
8877689391,2016-01-05 22:00:00.000,0
8877689391,2016-01-05 23:00:00.000,0
8877689391,2016-02-05 00:00:00.000,0
8877689391,2016-02-05 01:00:00.000,0
8877689391,2016-02-05 02:00:00.000,0
8877689391,2016-02-05 03:00:00.000,0
8877689391,2016-02-05 04:00:00.000,0
8877689391,2016-02-05 05:00:00.000,0
8877689391,2016-02-05 06:00:00.000,40
8877689391,2016-02-05 07:00:00.000,952
8877689391,2016-02-05 08:00:00.000,550
8877689391,2016-02-05 09:00:00.000,1219
8877689391,2016-02-05 10:00:00.000,864
8877689391,2016-02-05 11:00:00.000,498
8877689391,2016-02-05 12:00:00.000,72
8877689391,2016-02-05 13:00:00.000,0
8877689391,2016-02-05 14:00:00.000,0
8877689391,2016-02-05 15:00:00.000,0
8877689391,2016-02-05 16:00:00.000,0
8877689391,2016-02-05 17:00:00.000,0
8877689391,2016-02-05 18:00:00.000,0
8877689391,2016-02-05 19:00:00.000,256
8877689391,2016-02-05 20:00:00.000,224
8877689391,2016-02-05 21:00:00.000,24
8877689391,2016-02-05 22:00:00.000,0
8877689391,2016-02-05 23:00:00.000,0
8877689391,2016-03-05 00:00:00.000,0
8877689391,2016-03-05 01:00:00.000,0
8877689391,2016-03-05 02:00:00.000,0
8877689391,2016-03-05 03:00:00.000,0
8877689391,2016-03-05 04:00:00.000,0
8877689391,2016-03-05 05:00:00.000,0
8877689391,2016-03-05 06:00:00.000,178
8877689391,2016-03-05 07:00:00.000,629
8877689391,2016-03-05 08:00:00.000,443
8877689391,2016-03-05 09:00:00.000,361
8877689391,2016-03-05 10:00:00.000,545
8877689391,2016-03-05 11:00:00.000,789
8877689391,2016-03-05 12:00:00.000,1322
8877689391,2016-03-05 13:00:00.000,306
8877689391,2016-03-05 14:00:00.000,8
8877689391,2016-03-05 15:00:00.000,925
8877689391,2016-03-05 16:00:00.000,283
8877689391,2016-03-05 17:00:00.000,422
8877689391,2016-03-05 18:00:00.000,476
8877689391,2016-03-05 19:00:00.000,1074
8877689391,2016-03-05 20:00:00.000,618
8877689391,2016-03-05 21:00:00.000,1166
8877689391,2016-03-05 22:00:00.000,1246
8877689391,2016-03-05 23:00:00.000,0
8877689391,2016-04-05 00:00:00.000,0
8877689391,2016-04-05 01:00:00.000,0
8877689391,2016-04-05 02:00:00.000,0
8877689391,2016-04-05 03:00:00.000,0
8877689391,2016-04-05 04:00:00.000,0
8877689391,2016-04-05 05:00:00.000,0
8877689391,2016-04-05 06:00:00.000,231
8877689391,2016-04-05 07:00:00.000,232
8877689391,2016-04-05 08:00:00.000,883
8877689391,2016-04-05 09:00:00.000,692
8877689391,2016-04-05 10:00:00.000,840
8877689391,2016-04-05 11:00:00.000,249
8877689391,2016-04-05 12:00:00.000,270
8877689391,2016-04-05 13:00:00.000,136
8877689391,2016-04-05 14:00:00.000,400
8877689391,2016-04-05 15:00:00.000,134
8877689391,2016-04-05 16:00:00.000,2253
8877689391,2016-04-05 17:00:00.000,8741
8877689391,2016-04-05 18:00:00.000,797
8877689391,2016-04-05 19:00:00.000,1661
8877689391,2016-04-05 20:00:00.000,276
8877689391,2016-04-05 21:00:00.000,370
8877689391,2016-04-05 22:00:00.000,0
8877689391,2016-04-05 23:00:00.000,0
8877689391,2016-05-05 00:00:00.000,0
8877689391,2016-05-05 01:00:00.000,0
8877689391,2016-05-05 02:00:00.000,0
8877689391,2016-05-05 03:00:00.000,0
8877689391,2016-05-05 04:00:00.000,0
8877689391,2016-05-05 05:00:00.000,0
8877689391,2016-05-05 06:00:00.000,0
8877689391,2016-05-05 07:00:00.000,453
8877689391,2016-05-05 08:00:00.000,390
8877689391,2016-05-05 09:00:00.000,1022
8877689391,2016-05-05 10:00:00.000,4870
8877689391,2016-05-05 11:00:00.000,1948
8877689391,2016-05-05 12:00:00.000,1747
8877689391,2016-05-05 13:00:00.000,76
8877689391,2016-05-05 14:00:00.000,310
8877689391,2016-05-05 15:00:00.000,1182
8877689391,2016-05-05 16:00:00.000,403
8877689391,2016-05-05 17:00:00.000,131
8877689391,2016-05-05 18:00:00.000,728
8877689391,2016-05-05 19:00:00.000,309
8877689391,2016-05-05 20:00:00.000,154
8877689391,2016-05-05 21:00:00.000,243
8877689391,2016-05-05 22:00:00.000,89
8877689391,2016-05-05 23:00:00.000,0
8877689391,2016-06-05 00:00:00.000,0
8877689391,2016-06-05 01:00:00.000,0
8877689391,2016-06-05 02:00:00.000,0
8877689391,2016-06-05 03:00:00.000,0
8877689391,2016-06-05 04:00:00.000,0
8877689391,2016-06-05 05:00:00.000,0
8877689391,2016-06-05 06:00:00.000,137
8877689391,2016-06-05 07:00:00.000,937
8877689391,2016-06-05 08:00:00.000,929
8877689391,2016-06-05 09:00:00.000,524
8877689391,2016-06-05 10:00:00.000,291
8877689391,2016-06-05 11:00:00.000,786
8877689391,2016-06-05 12:00:00.000,1488
8877689391,2016-06-05 13:00:00.000,526
8877689391,2016-06-05 14:00:00.000,9769
8877689391,2016-06-05 15:00:00.000,588
8877689391,2016-06-05 16:00:00.000,3458
8877689391,2016-06-05 17:00:00.000,774
8877689391,2016-06-05 18:00:00.000,534
8877689391,2016-06-05 19:00:00.000,367
8877689391,2016-06-05 20:00:00.000,96
8877689391,2016-06-05 21:00:00.000,225
8877689391,2016-06-05 22:00:00.000,193
8877689391,2016-06-05 23:00:00.000,0
8877689391,2016-07-05 00:00:00.000,0
8877689391,2016-07-05 01:00:00.000,0
8877689391,2016-07-05 02:00:00.000,0
8877689391,2016-07-05 03:00:00.000,0
8877689391,2016-07-05 04:00:00.000,0
8877689391,2016-07-05 05:00:00.000,0
8877689391,2016-07-05 06:00:00.000,0
8877689391,2016-07-05 07:00:00.000,0
8877689391,2016-07-05 08:00:00.000,1042
8877689391,2016-07-05 09:00:00.000,1427
8877689391,2016-07-05 10:00:00.000,1311
8877689391,2016-07-05 11:00:00.000,571
8877689391,2016-07-05 12:00:00.000,1165
8877689391,2016-07-05 13:00:00.000,869
8877689391,2016-07-05 14:00:00.000,698
8877689391,2016-07-05 15:00:00.000,916
8877689391,2016-07-05 16:00:00.000,72
8877689391,2016-07-05 17:00:00.000,740
8877689391,2016-07-05 18:00:00.000,908
8877689391,2016-07-05 19:00:00.000,321
8877689391,2016-07-05 20:00:00.000,713
8877689391,2016-07-05 21:00:00.000,250
8877689391,2016-07-05 22:00:00.000,1209
8877689391,2016-07-05 23:00:00.000,0
8877689391,2016-08-05 00:00:00.000,0
8877689391,2016-08-05 01:00:00.000,0
8877689391,2016-08-05 02:00:00.000,0
8877689391,2016-08-05 03:00:00.000,0
8877689391,2016-08-05 04:00:00.000,0
8877689391,2016-08-05 05:00:00.000,0
8877689391,2016-08-05 06:00:00.000,0
8877689391,2016-08-05 07:00:00.000,419
8877689391,2016-08-05 08:00:00.000,657
8877689391,2016-08-05 09:00:00.000,385
8877689391,2016-08-05 10:00:00.000,128
8877689391,2016-08-05 11:00:00.000,916
8877689391,2016-08-05 12:00:00.000,663
8877689391,2016-08-05 13:00:00.000,370
8877689391,2016-08-05 14:00:00.000,317
8877689391,2016-08-05 15:00:00.000,1024
8877689391,2016-08-05 16:00:00.000,460
8877689391,2016-08-05 17:00:00.000,1269
8877689391,2016-08-05 18:00:00.000,1220
8877689391,2016-08-05 19:00:00.000,243
8877689391,2016-08-05 20:00:00.000,296
8877689391,2016-08-05 21:00:00.000,2298
8877689391,2016-08-05 22:00:00.000,0
8877689391,2016-08-05 23:00:00.000,0
8877689391,2016-09-05 00:00:00.000,0
8877689391,2016-09-05 01:00:00.000,0
8877689391,2016-09-05 02:00:00.000,0
8877689391,2016-09-05 03:00:00.000,0
8877689391,2016-09-05 04:00:00.000,0
8877689391,2016-09-05 05:00:00.000,0
8877689391,2016-09-05 06:00:00.000,582
8877689391,2016-09-05 07:00:00.000,773
8877689391,2016-09-05 08:00:00.000,830
8877689391,2016-09-05 09:00:00.000,496
8877689391,2016-09-05 10:00:00.000,537
8877689391,2016-09-05 11:00:00.000,1638
8877689391,2016-09-05 12:00:00.000,1892
8877689391,2016-09-05 13:00:00.000,503
8877689391,2016-09-05 14:00:00.000,739
8877689391,2016-09-05 15:00:00.000,821
8877689391,2016-09-05 16:00:00.000,7278
8877689391,2016-09-05 17:00:00.000,2793
8877689391,2016-09-05 18:00:00.000,409
8877689391,2016-09-05 19:00:00.000,270
8877689391,2016-09-05 20:00:00.000,134
8877689391,2016-09-05 21:00:00.000,352
8877689391,2016-09-05 22:00:00.000,109
8877689391,2016-09-05 23:00:00.000,0
8877689391,2016-10-05 00:00:00.000,0
8877689391,2016-10-05 01:00:00.000,0
8877689391,2016-10-05 02:00:00.000,0
8877689391,2016-10-05 03:00:00.000,0
8877689391,2016-10-05 04:00:00.000,0
8877689391,2016-10-05 05:00:00.000,0
8877689391,2016-10-05 06:00:00.000,44
8877689391,2016-10-05 07:00:00.000,1030
8877689391,2016-10-05 08:00:00.000,614
8877689391,2016-10-05 09:00:00.000,542
8877689391,2016-10-05 10:00:00.000,1014
8877689391,2016-10-05 11:00:00.000,567
8877689391,2016-10-05 12:00:00.000,2508
8877689391,2016-10-05 13:00:00.000,578
8877689391,2016-10-05 14:00:00.000,105
8877689391,2016-10-05 15:00:00.000,707
8877689391,2016-10-05 16:00:00.000,463
8877689391,2016-10-05 17:00:00.000,564
8877689391,2016-10-05 18:00:00.000,460
8877689391,2016-10-05 19:00:00.000,182
8877689391,2016-10-05 20:00:00.000,963
8877689391,2016-10-05 21:00:00.000,352
8877689391,2016-10-05 22:00:00.000,0
8877689391,2016-10-05 23:00:00.000,0
8877689391,2016-11-05 00:00:00.000,0
8877689391,2016-11-05 01:00:00.000,0
8877689391,2016-11-05 02:00:00.000,0
8877689391,2016-11-05 03:00:00.000,0
8877689391,2016-11-05 04:00:00.000,0
8877689391,2016-11-05 05:00:00.000,0
8877689391,2016-11-05 06:00:00.000,37
8877689391,2016-11-05 07:00:00.000,422
8877689391,2016-11-05 08:00:00.000,938
8877689391,2016-11-05 09:00:00.000,338
8877689391,2016-11-05 10:00:00.000,295
8877689391,2016-11-05 11:00:00.000,974
8877689391,2016-11-05 12:00:00.000,3929
8877689391,2016-11-05 13:00:00.000,481
8877689391,2016-11-05 14:00:00.000,37
8877689391,2016-11-05 15:00:00.000,416
8877689391,2016-11-05 16:00:00.000,2869
8877689391,2016-11-05 17:00:00.000,8357
8877689391,2016-11-05 18:00:00.000,920
8877689391,2016-11-05 19:00:00.000,408
8877689391,2016-11-05 20:00:00.000,633
8877689391,2016-11-05 21:00:00.000,228
8877689391,2016-11-05 22:00:00.000,109
8877689391,2016-11-05 23:00:00.000,0
8877689391,2016-12-05 00:00:00.000,0
8877689391,2016-12-05 01:00:00.000,0
8877689391,2016-12-05 02:00:00.000,0
8877689391,2016-12-05 03:00:00.000,0
8877689391,2016-12-05 04:00:00.000,0
8877689391,2016-12-05 05:00:00.000,0
8877689391,2016-12-05 06:00:00.000,254
8877689391,2016-12-05 07:00:00.000,574
8877689391,2016-12-05 08:00:00.000,765
8877689391,2016-12-05 09:00:00.000,164
8877689391,2016-12-05 10:00:00.000,514
8877689391,2016-12-05 11:00:00.000,1407
8877689391,2016-12-05 12:00:00.000,3135
8877689391,2016-12-05 13:00:00.000,307
8877689391,2016-12-05 14:00:00.000,457
